playername,playername_original,league,_source_year,split,position,teamname,cluster_position,cluster,archetype,umap_x,umap_y,promoted_to_lec,win_rate,games_played,dpm_zscore,cspm_zscore,golddiffat15_zscore,win_rate_zscore
113,113,LFL,2024,Spring,jng,BK ROG Esports,0,0,High DPS | Farmer dominant | Lane bully | Early dominant | High performer,2.5885801315307617,-1.1995127201080322,True,0.5454545454545454,22,1.9273198080648075,-0.2735735724170979,1.2738246800481892,0.4035212577646708
113,113,LFL,2024,Summer,jng,Karmine Corp Blue,0,0,High DPS | Farmer dominant | Lane bully | Early dominant | High performer,2.8263301849365234,-1.1707696914672852,True,0.76,25,1.5231880225750627,-0.2333150007686491,0.998563251901692,1.3446336896801103
113,113,LVP SL,2025,Summer,jng,Barça eSports,1,1,Profil neutre,6.3585076332092285,1.3331853151321411,False,0.2307692307692307,13,0.1722775211884848,-0.9171595236101474,-0.5395290237817135,-0.986465386733408
113,113,PRM,2026,Spring,jng,Berlin International Gaming,0,0,High DPS | Farmer dominant | Lane bully | Early dominant | High performer,0.8724897503852844,-1.1280887126922607,False,0.5789473684210527,19,1.398962956567111,0.4597849902713868,1.3304488010107325,0.5055238231539074
113,113,TCL,2026,Kickoff,jng,Misa Esports,0,0,High DPS | Farmer dominant | Lane bully | Early dominant | High performer,1.2073876857757568,1.3025474548339844,False,0.9333333333333332,15,0.4413881250630491,0.578860140270634,0.1322528148009041,1.711221947013794
113,113,TCL,2026,Spring,jng,Misa Esports,0,0,High DPS | Farmer dominant | Lane bully | Early dominant | High performer,-0.7286792397499084,-0.9404832720756531,False,0.9523809523809524,21,1.7601730552576802,1.8404251475884783,2.067967586427246,1.9420537808695788
13,13,LFL2,2025,Spring,bot,Lille Esport,2,2,Profil équilibré,4.442495346069336,10.222333908081055,False,0.3571428571428571,14,0.8573675225004959,-1.753721966161799,0.5908818659506958,-0.5795570132405193
13,13,LFL2,2025,Winter,bot,Lille Esport,0,0,Profil neutre,3.9749112129211426,10.38122844696045,False,0.3571428571428571,14,0.6586309786357203,-1.447141242639366,-0.5204143245232334,-0.2919217252057005
13,13,LVP SL,2025,Summer,bot,Movistar KOI Fénix,2,2,Profil équilibré,8.168112754821777,9.6146821975708,False,0.5,18,-0.5071498640209643,-0.4554380701844449,-0.5762237877842816,0.2156537493932901
1334mat,1334mat,NLC,2026,Summer,jng,Lund Esports Organization,2,2,Profil neutre,5.182819366455078,0.41169849038124084,False,0.4615384615384615,13,0.3028920780460776,-0.7070722196315786,-0.2635720616034083,0.0047038944496502
3xa,3XA,LFL,2025,Flash In,bot,Karmine Corp Blue,1,1,High DPS | Farmer dominant | Lane bully | Early dominant | High performer,8.333091735839844,7.474197864532471,False,0.7222222222222222,18,0.7563242253998133,0.2212960536765803,0.9746877710252424,1.3141942361676415
3xa,3XA,LFL,2025,Spring,bot,Karmine Corp Blue,1,1,High DPS | Farmer dominant | Lane bully | Early dominant | High performer,10.178007125854492,7.2473978996276855,False,0.52,25,0.2982179134934729,0.9438593997740786,0.601743315335542,0.3705763827690567
3xa,3XA,LFL,2025,Summer,bot,Karmine Corp Blue,1,1,High DPS | Farmer dominant | Lane bully | Early dominant | High performer,10.6193208694458,7.517648696899414,False,0.6388888888888888,36,1.110183064760853,1.798639215118385,1.165322229382768,1.0640499412243676
3xa,3XA,LFL,2026,unknown,bot,French Flair,1,1,High DPS | Farmer dominant | Lane bully | Early dominant | High performer,10.917800903320312,8.579004287719727,False,0.68,25,-0.1304907701682969,1.2129353930941935,0.3977505021890751,1.276337046782269
3xa,3XA,LFL,2026,unknown,bot,Joblife,1,1,High DPS | Farmer dominant | Lane bully | Early dominant | High performer,10.895828247070312,9.169610023498535,False,0.5,6,-0.5351201671380194,1.7380686462846788,0.0151336821927947,0.265219940562413
42 nuker,42 Nuker,NLC,2024,unknown,jng,42 Gaming,2,2,Profil neutre,0.554831862449646,0.9776560068130493,False,0.0,6,-0.5113387463300743,0.292690763874094,-0.0670331961901104,-2.256194011726573
abagnale,Abagnale,LFL2,2024,Spring,sup,Akroma,1,1,Profil neutre,4.304550647735596,3.1389639377593994,False,0.1666666666666666,6,-1.0077698680556495,-0.0497684457649505,-0.3336999403105002,-1.4142135623730951
abagnale,Abagnale,LFL2,2024,Summer,sup,Akroma,1,1,Profil neutre,4.412830829620361,3.432736873626709,False,0.3888888888888889,18,-0.8916599655443147,0.0283522507806071,0.5084465114377565,-0.3552957653966828
abagnale,Abagnale,LFL2,2025,Spring,sup,Project Conquerors,1,1,Profil neutre,2.954819917678833,3.6896321773529053,False,0.5454545454545454,22,-1.1060053432176336,0.6741124772292396,-0.7173501182556471,0.4605412734092697
abagnale,Abagnale,LFL2,2025,Summer,sup,Project Conquerors,2,2,Farmer dominant | Lane bully | Early dominant,1.2582181692123413,4.576445579528809,False,0.55,20,0.0961392150207371,0.5542909733463223,1.716440815156414,0.2811898991097208
abagnale,Abagnale,LFL2,2025,Winter,sup,Project Conquerors,0,0,High DPS | Versatile | High performer,1.9772950410842896,5.036506175994873,False,0.6551724137931034,29,0.9595582490698692,0.2465277566853414,-0.6673679505508948,0.9999301176883344
abbedagge,Abbedagge,LFL,2024,Summer,mid,Karmine Corp Blue,0,0,High DPS | Farmer dominant | Lane bully | Early dominant,11.922720909118652,0.9740765690803528,True,0.76,25,1.0946622580115832,0.1077317108632922,1.1979838815841928,1.3235487907103938
abbedagge,Abbedagge,PRM,2026,Spring,mid,Kaufland Hangry Knights,1,1,Profil neutre,7.765912055969238,1.6765122413635254,False,0.4193548387096774,31,-0.721983126461781,0.3580017997828787,-0.3311478605211285,-0.1305176457493138
abbedagge,Abbedagge,PRM,2026,Summer,mid,Kaufland Hangry Knights,1,1,Profil neutre,6.654961585998535,1.1365975141525269,False,0.45,20,-0.5090577320849033,-0.3388343330877325,-0.8011207169805603,-0.2354572995419766
abbedagge,Abbedagge,PRM,2026,Winter,mid,Kaufland Hangry Knights,0,0,High DPS | Farmer dominant | Lane bully | Early dominant,10.739096641540527,0.7813806533813477,False,0.4285714285714285,7,0.0094624485349062,1.149666153217249,0.3644670355589403,-0.2198138965481876
acd,ACD,LVP SL,2024,Spring,top,UCAM Esports,2,2,Profil neutre,5.726813316345215,6.533036708831787,False,0.5,22,0.8815124393567787,-0.5454309855343253,-0.615951035202476,0.1517008127906732
achranos,Achranos,NLC,2026,Summer,mid,Brod n Friends,1,1,Profil neutre,7.977969646453857,1.4302353858947754,False,0.5,12,0.1963530219836415,-0.4215450011664819,-0.1645112227038229,0.2531584925424477
adam,Adam,LFL,2026,unknown,top,French Flair,1,1,Carry agressif | High DPS | Farmer dominant | Lane bully | Early dominant,10.443130493164062,9.028395652770996,False,0.68,25,0.9176034838417816,1.3770574093774473,1.821759175666979,1.3572334276105025
adam,Adam,LFL,2026,unknown,top,ZYB Esport,1,1,Carry agressif | High DPS | Farmer dominant | Lane bully | Early dominant,8.93459415435791,5.851315021514893,False,0.2857142857142857,14,0.5287380943891384,0.741175684900617,0.3654064883908821,-0.6616693877928557
addusto,Addusto,LFL,2026,unknown,top,Lille Esport,2,2,Profil neutre,6.7870869636535645,4.701266288757324,False,0.4,10,-0.6263182764694151,-0.6267675952095191,-0.3609498032297692,-0.0764801659368098
addusto,Addusto,PRM,2024,Spring,top,Unicorns of Love Sexy Edition,0,0,Profil neutre,5.595905780792236,4.488361358642578,False,0.6666666666666666,18,-1.302897129629893,-0.1499372863208291,-1.2730465490220149,0.6984060493760375
addusto,Addusto,PRM,2024,unknown,top,Unicorns of Love Sexy Edition,2,2,Profil neutre,7.701522350311279,4.725344657897949,False,0.4,5,-0.1728740100997101,0.8157478230783649,0.5850965880369494,-0.5134221058012752
addusto,Addusto,PRM,2025,Finals,top,ROSSMANN Centaurs,2,2,Profil neutre,7.19460916519165,7.29375696182251,False,0.6153846153846154,13,0.881494145543844,0.5064558463047856,-0.5605694115597012,0.9875787722956322
addusto,Addusto,PRM,2025,Summer,top,ROSSMANN Centaurs,1,1,Carry agressif | High DPS | Farmer dominant | Lane bully | Early dominant,10.285866737365723,7.845732688903809,False,0.5333333333333333,15,0.8014176380044229,1.8139135024634436,1.0054567198803146,0.1848467562523424
addusto,Addusto,PRM,2026,Summer,top,Eintracht Frankfurt,2,2,Profil neutre,8.2067232131958,5.270406723022461,False,0.1578947368421052,19,0.4560302523376368,0.859589081738724,-0.3968255590070052,-1.6126152494054171
adi1,adi1,PRM,2024,Spring,jng,Austrian Force willhaben,2,2,Profil neutre,2.6489310264587402,0.45904675126075745,False,0.6666666666666666,18,0.0652817475618521,0.3883570412079054,0.304666527997204,0.7115124735378852
adi1,adi1,PRM,2024,Summer,jng,Austrian Force willhaben,0,0,High DPS | Farmer dominant | Lane bully | Early dominant | High performer,1.657486915588379,0.8634171485900879,False,0.6111111111111112,18,0.7847462028670282,0.3805589483199094,0.0284166894916046,0.6708203932499371
adi1,adi1,PRM,2024,unknown,jng,Austrian Force willhaben,2,2,Profil neutre,5.849644660949707,1.1976158618927002,False,0.3636363636363636,11,-0.2894193225485177,-0.4624819580476761,-0.2764055476627185,-0.7723607984442675
adryh,Adryh,LVP SL,2025,Winter,bot,ZETA,0,0,Profil neutre,3.967984437942505,12.674553871154785,False,0.0,9,-1.9396117626752425,-1.2748752960950815,-2.287768177061933,-1.9297347031517555
advienne,Advienne,LFL,2024,unknown,sup,Ici Japon Corp. Esport,1,1,Profil neutre,4.759594440460205,5.7899980545043945,False,0.5454545454545454,11,0.7071067811865472,-0.7071067811865479,-0.7071067811865476,-0.7071067811865476
aetinoth,Aetinoth,LFL,2026,unknown,bot,Solary,1,1,High DPS | Farmer dominant | Lane bully | Early dominant | High performer,9.454156875610352,7.528486728668213,False,0.7592592592592593,54,0.5917235368318918,-0.2902927040747545,1.0826127997742727,1.7215614515786664
aetinoth,Aetinoth,LVP SL,2024,Spring,bot,GIANTX iTero,2,2,Profil équilibré,8.440983772277832,7.344823360443115,False,0.5625,32,0.47850998637634,-0.3822747757881506,0.3500015947583851,0.5441003599270031
aetinoth,Aetinoth,LVP SL,2024,Summer,bot,GIANTX iTero,2,2,Profil équilibré,7.700760841369629,9.071147918701172,False,0.4285714285714285,21,-0.059868727492861,0.0820308542518661,-0.0450729259508498,-0.2382019351201928
aetinoth,Aetinoth,LVP SL,2025,Spring,bot,GIANTX iTero,2,2,Profil équilibré,8.279152870178223,7.70491361618042,False,0.75,20,0.4167521136927271,0.9474900179332002,0.1168849525475554,1.4423738827029124
aetinoth,Aetinoth,LVP SL,2025,Summer,bot,GIANTX iTero,2,2,Profil équilibré,7.504556655883789,11.554548263549805,False,0.8888888888888888,18,0.1357833485507687,-0.796296916268206,0.3262503403157574,1.952048057131854
aetinoth,Aetinoth,LVP SL,2025,Winter,bot,GIANTX iTero,1,1,High DPS | Farmer dominant | Lane bully | Early dominant | High performer,9.139174461364746,7.65864372253418,False,0.55,20,0.3117289792880573,0.079201132190662,0.8473663321486883,0.4395525162691745
afriibi,Afriibi,LVP SL,2025,Summer,bot,ZETA,1,1,High DPS | Farmer dominant | Lane bully | Early dominant | High performer,10.637232780456543,8.393524169921875,False,0.2222222222222222,9,-0.0071247865705422,1.6311243833755118,1.512255170284846,-1.0246278989913986
afriibi,Afriibi,NLC,2026,Summer,bot,Ruddy Corporation,1,1,High DPS | Farmer dominant | Lane bully | Early dominant | High performer,11.468412399291992,7.57664155960083,False,0.85,20,3.072713049917048,0.8112641925629102,2.837287061197248,1.715170017464397
afroboi,Afroboi,PRM,2024,Summer,jng,MOUZ NXT,1,1,Profil neutre,7.990657806396484,1.2481052875518799,False,0.2222222222222222,18,-0.8300864420781612,-0.9970369916824317,-0.9224121992360078,-1.677050983124842
afroboi,Afroboi,PRM,2024,unknown,jng,MOUZ NXT,1,1,Profil neutre,8.306397438049316,2.4037773609161377,False,0.25,8,-0.9331760512216616,-0.6250969712139994,-0.908409799781101,-1.5072759215674945
afroboi,Afroboi,PRM,2025,Finals,jng,E WIE EINFACH E-SPORTS,2,2,Profil neutre,4.203555583953857,1.9704819917678833,False,0.4,5,-1.2180636422905509,0.9594272571248136,-0.4716432570966776,-0.8846285939907663
afroboi,Afroboi,PRM,2025,Spring,jng,E WIE EINFACH E-SPORTS,0,0,High DPS | Farmer dominant | Lane bully | Early dominant | High performer,1.5477110147476196,-0.49838656187057495,False,0.44,25,-0.5900317848377993,0.8265789760540448,0.7742191459937549,-0.261239646958778
afroboi,Afroboi,PRM,2025,Summer,jng,E WIE EINFACH E-SPORTS,2,2,Profil neutre,6.401741981506348,1.868222951889038,False,0.3846153846153846,13,-1.1773993813810046,0.2600796617077344,-0.4431692294561964,-0.4942048900281232
afroboi,Afroboi,PRM,2025,Winter,jng,E WIE EINFACH E-SPORTS,2,2,Profil neutre,2.171062707901001,0.6454118490219116,False,0.5909090909090909,22,-1.3331837457348288,1.3757975117133037,0.1653493491022722,0.6789287452373114
afroboi,Afroboi,PRM,2026,Spring,jng,E WIE EINFACH E-SPORTS,0,0,High DPS | Farmer dominant | Lane bully | Early dominant | High performer,1.0711737871170044,-0.33871322870254517,False,0.5666666666666667,30,0.6969466670246803,1.0570377990136153,0.4014159627060076,0.4517405328156382
afroboi,Afroboi,PRM,2026,Summer,jng,E WIE EINFACH E-SPORTS,0,0,High DPS | Farmer dominant | Lane bully | Early dominant | High performer,1.2511612176895142,-0.1393045336008072,False,0.5,24,-0.3442020785903275,1.1438675458817174,0.9649987464652842,0.0147094313880155
afroboi,Afroboi,PRM,2026,Winter,jng,E WIE EINFACH E-SPORTS,2,2,Profil neutre,4.2549004554748535,-0.7036486864089966,False,0.3333333333333333,9,0.2093518579635928,1.0153542189852882,0.5411598023911708,-0.7658725699743931
ag0nypain,Ag0nyPain,NLC,2024,Spring,mid,DMG Esports,2,2,Profil neutre,3.9520621299743652,2.7166218757629395,False,0.2142857142857142,14,-1.8119213165598755,-1.15884318879692,-1.819065635521036,-1.8001254885440818
ag0nypain,Ag0nyPain,NLC,2026,Spring,mid,Ruddy Corporation,1,1,Profil neutre,8.000547409057617,2.620501756668091,False,0.5,20,-0.4832591559973819,-0.5897206408752947,-0.1117678740091736,0.1327371545247316
agresivoo,Agresivoo,LFL,2024,Spring,top,Aegis,0,0,Profil neutre,3.1603031158447266,4.57230281829834,False,0.1666666666666666,18,-0.9447512699395963,0.0972811938590654,-2.1097496272257708,-1.867280551402395
agresivoo,Agresivoo,PRM,2024,Summer,top,Eintracht Frankfurt,1,1,Carry agressif | High DPS | Farmer dominant | Lane bully | Early dominant,10.22223949432373,7.114522933959961,False,0.3333333333333333,18,0.5929771802224497,0.8013523102249352,0.9434476550368076,-1.0093980514446594
agurin,Agurin,PRM,2025,Spring,jng,CGN Esports,0,0,High DPS | Farmer dominant | Lane bully | Early dominant | High performer,-0.3054511249065399,0.48662078380584717,False,0.6666666666666666,21,1.686699226560164,1.132325819721951,0.9322109896857086,1.2006750551824967
agurin,Agurin,PRM,2025,Spring,jng,Dung Dynasty,0,0,High DPS | Farmer dominant | Lane bully | Early dominant | High performer,-0.7665718197822571,-0.19814608991146088,False,0.7,10,1.5082550373853505,2.358411019768646,1.969770999194571,1.415662511379743
agurin,Agurin,PRM,2025,Winter,jng,Dung Dynasty,2,2,Profil neutre,1.0687865018844604,1.4504380226135254,False,0.4615384615384615,13,1.5097129401897866,1.440252430603706,-0.4864225267067124,-0.0410014286733182
agurin,Agurin,PRM,2026,unknown,jng,CGN Esports,0,0,High DPS | Farmer dominant | Lane bully | Early dominant | High performer,-0.18989937007427216,0.7676335573196411,False,0.75,8,1.4644530028374252,1.285887297000698,0.8392374743119808,1.1955800954791287
ahahacik,AHaHaCiK,LVP SL,2024,Spring,jng,Rebels Gaming,1,1,Profil neutre,7.105701446533203,2.0393595695495605,False,0.3888888888888889,18,0.997999493046449,-1.389795857985216,-1.712495633722628,-0.3158967605016143
air,Air,NLC,2025,Summer,mid,Venomcrest Esports,1,1,Profil neutre,6.1211042404174805,2.7400081157684326,False,0.2222222222222222,9,0.246508143869452,0.2330826682712127,0.0456181752840706,-0.7578876514567267
akabane,Akabane,LVP SL,2024,Spring,jng,GIANTX iTero,2,2,Profil neutre,4.595338821411133,2.4006612300872803,False,0.375,8,-1.143821879035143,-0.3668717725801856,-0.2795995026348684,-0.388378605193398
akkers,Akkers,NLC,2025,unknown,top,Brod n Friends,2,2,Profil neutre,6.449260234832764,5.371017932891846,False,0.5,6,-0.5753755711402633,-0.622003745068205,-0.1598851452356561,-0.1723932957137175
akkers,Akkers,NLC,2026,Summer,sup,Brod n Friends,0,0,High DPS | Versatile | High performer,2.54349946975708,6.6125874519348145,False,0.5,12,1.0764676447303927,-0.186373857302548,0.2014777671458176,0.1765062814073242
akrantor,Akrantor,NLC,2026,Summer,top,Rich Gang,0,0,Profil neutre,3.515214681625366,4.595332622528076,False,0.1428571428571428,7,-1.854769397927472,-0.2005431386596079,-1.7969386651378836,-1.2193629897495768
aku,Aku,LFL2,2024,Spring,sup,Project Conquerors,0,0,High DPS | Versatile | High performer,3.84781813621521,6.377925395965576,False,0.1666666666666666,6,1.2878698248579452,-0.6611995521709156,0.080665379973276,-1.4142135623730951
aladoric,Aladoric,PRM,2025,Finals,sup,Austrian Force willhaben,2,2,Farmer dominant | Lane bully | Early dominant,3.3969578742980957,3.6218936443328857,False,0.4,5,-0.7973532009707293,0.8406309505811604,0.9615257464806876,-0.8846285939907663
aladoric,Aladoric,PRM,2025,Summer,sup,Austrian Force willhaben,2,2,Farmer dominant | Lane bully | Early dominant,0.9849182963371277,7.226834297180176,False,0.3846153846153846,13,0.4830430521992321,-0.2951606386956898,1.7858677942480436,-0.4264876566895451
alan,Alan,LFL2,2025,Spring,mid,Lille Esport,1,1,Profil neutre,8.192638397216797,1.0976954698562622,False,0.4285714285714285,7,0.5091425305290463,-0.2699489732716122,0.5180448184042711,0.0871830609660698
alaric,Alaric,NLC,2024,Summer,sup,Ruddy Corporation,0,0,High DPS | Versatile | High performer,3.631571054458618,5.958896160125732,False,0.6956521739130435,23,0.3060991560858976,-0.3284243187921036,0.4350052006068923,1.1447168797353575
alaric,Alaric,NLC,2025,Summer,sup,Rich Gang,1,1,Profil neutre,3.6684300899505615,5.13054084777832,False,0.5333333333333333,15,-1.4007103575056303,-0.4106873442472388,0.2985898674505504,0.2909971115612301
alex,Alex,LFL2,2025,Spring,mid,Skillcamp,2,2,Profil neutre,5.623371601104736,2.1336021423339844,False,0.1666666666666666,6,-1.3391281003789888,-0.7937997892630518,-0.1928623514888188,-1.1654980991786117
alex234,Alex234,LFL2,2025,Spring,jng,Skillcamp,1,1,Profil neutre,8.55323600769043,1.8219640254974365,False,0.1428571428571428,14,-2.0381508665427868,-1.5998782083414136,-0.9948173477236776,-1.6401864857576485
alex234,Alex234,NLC,2024,Summer,jng,NORD Esports,2,2,Profil neutre,3.8033647537231445,1.7327454090118408,False,0.7142857142857143,7,-0.6893402612935741,-0.3473191023308962,0.4442167263917829,1.1341903895691388
alex234,Alex234,PRM,2024,Spring,jng,MOUZ NXT,1,1,Profil neutre,8.891441345214844,2.2051873207092285,False,0.0,18,-1.7203979849746358,-1.310075674422067,-2.359372895147932,-2.134537420613656
alix,alix,LFL2,2025,Winter,mid,Zerance,0,0,High DPS | Farmer dominant | Lane bully | Early dominant,10.055718421936035,1.9281378984451294,False,0.2142857142857142,14,-0.1620816359275032,0.477266316049112,1.2636403482499043,-1.2257148522460868
alix,alix,NLC,2024,Spring,mid,Ruddy Corporation,1,1,Profil neutre,9.364748001098633,2.09971022605896,False,0.5833333333333334,24,0.732402574067243,-0.6774115276691384,0.4767806559794554,0.6981286049967759
alix,alix,NLC,2024,Summer,mid,Ruddy Corporation,0,0,High DPS | Farmer dominant | Lane bully | Early dominant,10.029668807983398,-0.17406536638736725,False,0.6956521739130435,23,0.6751350208741836,-0.0101787965470418,0.3745900686583688,1.230139907461813
alix,alix,TCL,2026,Kickoff,mid,Bushido Wildcats,0,0,High DPS | Farmer dominant | Lane bully | Early dominant,10.486488342285156,1.638033151626587,False,0.631578947368421,19,1.1381769252805871,-0.3132470135566593,1.0461944484762224,0.6823579454454457
andariel,ANDARIEL,LVP SL,2024,Summer,bot,Rebels Gaming,0,0,Profil neutre,5.400494575500488,12.332839965820312,False,0.125,16,-2.1447388734587447,0.0125482605360222,-0.7252637104283021,-1.8762461963323536
andariel,ANDARIEL,LVP SL,2025,Spring,bot,UCAM Esports,2,2,Profil équilibré,5.865361213684082,9.185171127319336,False,0.4375,16,-0.6017970471139321,-1.7273646654657284,1.212950767184339,-0.034074305326864
andariel,ANDARIEL,LVP SL,2025,Summer,bot,UCAM Esports,2,2,Profil équilibré,6.937001705169678,7.632002830505371,False,0.6086956521739131,23,1.0803930591075157,-0.8776361769589406,-0.366914850358725,0.7009813509351249
andariel,ANDARIEL,LVP SL,2025,Winter,bot,UCAM Esports,2,2,Profil équilibré,5.710480690002441,9.29452896118164,False,0.3846153846153846,13,-1.0822544682995705,-0.7799664235562864,0.6959158050884217,-0.2728904937664898
andariel,ANDARIEL,PRM,2024,Spring,bot,Berlin International Gaming,2,2,Profil équilibré,8.396841049194336,9.396549224853516,False,0.2777777777777778,18,-1.6277776686408287,0.8413937950833106,0.6815070443604546,-0.9486832980505144
anonymouss,Anonymouss,NLC,2026,Summer,jng,Ruddy Corporation,0,0,High DPS | Farmer dominant | Lane bully | Early dominant | High performer,-0.42977139353752136,-0.9314713478088379,False,0.85,20,0.4682113693605931,0.9992497205652928,2.121827171312654,1.6862716759913554
archfiend,Archfiend,LFL,2026,unknown,top,Esprit Shōnen,0,0,Profil neutre,4.454468727111816,5.441065311431885,False,0.0,8,-0.7757803054088478,-1.3380222779057065,-0.0246290217091474,-2.12464244243297
ardaffler,ardaffler,NLC,2025,Winter,bot,KAOS e-sport,0,0,Profil neutre,4.112962245941162,10.567610740661621,False,0.3636363636363636,11,-0.9073382656338062,-0.4147784010769448,-0.6303509856687328,-0.4971686757338354
ardaffler,ardaffler,TCL,2026,Kickoff,bot,Team Phoenix,0,0,Profil neutre,4.045346260070801,10.021635055541992,False,0.1428571428571428,7,0.0779593913135338,-0.3123117777435846,-1.1686312021916396,-0.9646622101601772
armut,Armut,TCL,2024,Summer,top,Papara SuperMassive,1,1,Carry agressif | High DPS | Farmer dominant | Lane bully | Early dominant,10.372359275817871,9.105945587158203,False,0.782608695652174,23,1.373901757735796,1.2352639205872804,1.5338359177136751,1.3925788349538455
armut,Armut,TCL,2024,Winter,top,Papara SuperMassive,1,1,Carry agressif | High DPS | Farmer dominant | Lane bully | Early dominant,9.938746452331543,8.954730987548828,False,0.6153846153846154,26,1.1710917372091736,1.153210787920901,1.2207995871913142,0.6850125959401298
armut,Armut,TCL,2025,Spring,top,Papara SuperMassive,2,2,Profil neutre,7.511166095733643,4.920938014984131,False,0.3571428571428571,14,-0.11419508076889,1.147874128524968,-0.4422987215857897,-0.6971104822090854
armut,Armut,TCL,2025,Summer,top,Papara SuperMassive,1,1,Carry agressif | High DPS | Farmer dominant | Lane bully | Early dominant,8.69521713256836,7.764510154724121,False,0.4444444444444444,18,0.6608888949893194,0.105912989286107,0.5882023026261182,0.0126752783037227
armut,Armut,TCL,2025,Winter,top,Papara SuperMassive,1,1,Carry agressif | High DPS | Farmer dominant | Lane bully | Early dominant,8.717458724975586,8.024617195129395,False,0.5555555555555556,27,1.155755751206187,0.7949189372075441,0.181243651933656,0.4658601294122114
artanis,Artanis,NLC,2025,Summer,jng,Bulldog Esports,2,2,Profil neutre,5.648905277252197,1.7500665187835693,False,0.3,10,0.0431674559392773,-0.8121016490791542,-1.033964089291158,-0.4820189641110445
artoria,Artoria,LFL2,2025,Winter,mid,Skillcamp,2,2,Profil neutre,5.274202346801758,2.6800520420074463,False,0.1428571428571428,14,-0.8770989308624754,-0.498783863827574,-1.1826540291805585,-1.5862942049170266
artoria,Artoria,NLC,2026,Summer,mid,DMG Esports,1,1,Profil neutre,7.892691612243652,1.1481688022613525,False,0.5714285714285714,14,-0.4221265807649784,-0.6915741123933594,0.334480578340841,0.5569062424362091
artoria,Artoria,PRM,2025,unknown,mid,A One Man Army Prime,1,1,Profil neutre,8.556530952453613,1.2329682111740112,False,0.5714285714285714,7,-0.5919618883541561,-0.7370549892070443,0.2135651949927373,0.4264359365130517
artoria,Artoria,PRM,2026,Winter,mid,A One Man Army Prime,2,2,Profil neutre,3.742347240447998,2.8985238075256348,False,0.1666666666666666,6,-1.13258382043794,-1.4253694666531704,-1.9413993144848147,-1.7214752484702525
aspect,Aspect,TCL,2026,Summer,jng,DIA Ozarox Esports,0,0,High DPS | Farmer dominant | Lane bully | Early dominant | High performer,1.7856248617172241,0.5805897116661072,False,0.4545454545454545,11,1.096846835452417,0.2861621175680131,0.8285411567939931,0.1266171775728024
atat,Atat,TCL,2024,unknown,sup,NONAME,1,1,Profil neutre,4.432446002960205,4.394432544708252,False,0.5833333333333334,12,-0.5149560736051368,-0.1098305988111081,-0.274273425110223,0.3063568137783825
atat,Atat,TCL,2026,Kickoff,sup,Dark Passage,0,0,High DPS | Versatile | High performer,3.806098461151123,5.826807975769043,False,0.3076923076923077,13,1.1683552542264866,-1.2808510663046984,0.2267384170630414,-0.5473834064171912
attila,Attila,LVP SL,2024,Summer,bot,ZETA,2,2,Profil équilibré,7.650954246520996,9.542998313903809,False,0.2777777777777778,18,-0.2625993949291271,0.907885993684962,-0.3905688256479456,-1.0518709799053183
attila,Attila,LVP SL,2024,unknown,bot,ZETA,2,2,Profil équilibré,7.693850994110107,9.655362129211426,False,0.375,8,-0.7071067811865492,0.7071067811865476,-0.7071067811865476,-0.7071067811865476
avarice,Avarice,LFL,2026,unknown,bot,Project Conquerors,2,2,Profil équilibré,6.737122535705566,7.736353874206543,False,0.3636363636363636,11,2.593783211755922,-0.5355451381948383,0.4557121964437935,-0.5007778671799019
avarice,Avarice,LFL2,2025,Spring,bot,Project Conquerors,2,2,Profil équilibré,8.35095500946045,9.273710250854492,False,0.5454545454545454,22,0.4855941300134634,0.0139788011650189,-1.0635281471764393,0.3932728738987218
avarice,Avarice,LFL2,2025,Summer,bot,Project Conquerors,1,1,High DPS | Farmer dominant | Lane bully | Early dominant | High performer,9.552186012268066,9.52855110168457,False,0.55,20,0.7962171010830369,0.1080271625305223,0.0165811340471394,0.5414420097491487
avarice,Avarice,LFL2,2025,Winter,bot,Project Conquerors,2,2,Profil équilibré,8.367515563964844,9.31037712097168,False,0.6551724137931034,29,1.2046807808637932,0.4558648339056093,-0.9495721159867244,1.0062447861453374
avra,Avra,LFL,2025,unknown,bot,Esprit Shōnen,1,1,High DPS | Farmer dominant | Lane bully | Early dominant | High performer,10.803098678588867,8.966704368591309,False,0.6666666666666666,9,0.7071067811865468,0.7071067811865475,0.7071067811865475,0.707106781186548
avra,Avra,LFL,2026,unknown,bot,Esprit Shōnen,0,0,Profil neutre,3.984776258468628,10.075376510620117,False,0.3,10,-0.020657672602691,-0.9692769765895956,-1.714498035092177,-0.8582435107929823
avra,Avra,LFL2,2025,Summer,bot,Esprit Shōnen,1,1,High DPS | Farmer dominant | Lane bully | Early dominant | High performer,9.451630592346191,7.4953083992004395,False,0.6666666666666666,21,0.8423275640238732,-1.0417352472595762,0.1248852342566791,1.4411486212114708
avra,Avra,PRM,2024,unknown,bot,Kaufland Hangry Knights,1,1,High DPS | Farmer dominant | Lane bully | Early dominant | High performer,11.491942405700684,8.235367774963379,False,0.6666666666666666,9,1.289355588448029,1.0876946029098522,1.666553466061248,1.1874128632176704
axelent,Axelent,LFL,2026,unknown,bot,TLN Pirates,2,2,Profil équilibré,7.327601909637451,7.945554733276367,False,0.5606060606060606,66,0.0218539272164646,-0.3170711296881547,0.11894759119738,0.6056634106701083
axelent,Axelent,LFL2,2024,Spring,bot,MHSC Esport,2,2,Profil équilibré,5.5095624923706055,9.547499656677246,False,0.6666666666666666,6,-0.7235767674301905,0.2330271206291504,-0.1544148215681131,0.7071067811865474
axelent,Axelent,LFL2,2024,Summer,bot,MHSC Esport,2,2,Profil équilibré,5.916131496429443,8.462579727172852,False,0.7647058823529411,17,0.7809634954685002,0.1098235163969584,0.4932500750178381,1.371468343091806
axelent,Axelent,LFL2,2024,unknown,bot,MHSC Esport,0,0,Profil neutre,4.558267593383789,10.644536972045898,False,0.4117647058823529,17,-1.740840827794367,-0.5664649165029345,-1.011260099150174,-0.656389143515439
aytekn,Aytekn,TCL,2024,Summer,top,BoostGate Esports,0,0,Profil neutre,4.492412090301514,5.414204120635986,False,0.5217391304347826,23,-0.779859111757518,-1.4023339807282098,-1.0928306625473074,0.2598191261817774
aytekn,Aytekn,TCL,2026,Spring,top,PCIFIC Esports,1,1,Carry agressif | High DPS | Farmer dominant | Lane bully | Early dominant,10.908374786376953,8.810131072998047,False,0.5806451612903226,31,1.520509679525197,1.4482717531590994,1.282372745998776,0.4294296462589742
aytekn,Aytekn,TCL,2026,Summer,top,Bushido Wildcats,2,2,Profil neutre,7.9598774909973145,7.2707695960998535,False,0.7391304347826086,23,-0.3004477353787125,0.0270031756943539,0.0821406411045574,1.3173792429647286
azizyıldırım,AzizYıldırım,TCL,2026,Kickoff,jng,BoostGate Esports,1,1,Profil neutre,8.231240272521973,0.8717159628868103,False,0.0,6,-2.2505117202935496,-1.7799802113506389,-2.278690544991424,-1.4482557325410153
azuka,Azuka,PRM,2025,unknown,mid,DKB XPERION NXT,1,1,Profil neutre,6.346595287322998,1.4658926725387573,False,0.4166666666666667,12,-0.5626143283769545,-0.4012532905319286,-1.0895299865113617,-1.1425264714123282
baashh,Baashh,LFL2,2025,Spring,jng,Karmine Corp Blue Stars,0,0,High DPS | Farmer dominant | Lane bully | Early dominant | High performer,0.7864345908164978,0.5808650255203247,False,0.3571428571428571,14,1.0851145057666831,0.3652412124758002,1.163095920216496,-0.5333474680632218
baashh,Baashh,LFL2,2025,Summer,jng,Karmine Corp Blue Stars,1,1,Profil neutre,8.208367347717285,1.1717149019241333,False,0.2857142857142857,14,-1.0891281309731975,-1.7250538648564604,-2.284477539419748,-1.496668885604277
baashh,Baashh,LFL2,2025,Winter,jng,Karmine Corp Blue Stars,1,1,Profil neutre,7.680948734283447,1.8946795463562012,False,0.5,14,-1.0904085348257426,-1.8146587795195368,-1.3768482014570902,0.2071062236381227
baca,Baca,LVP SL,2024,Spring,mid,UCAM Esports,1,1,Profil neutre,9.413277626037598,1.920074701309204,False,0.5,22,-0.2509571126314173,-0.4173503943509632,0.7149600561117465,0.0393202609675525
baca,Baca,LVP SL,2024,Summer,mid,UCAM Esports,1,1,Profil neutre,8.121386528015137,2.490182876586914,False,0.5357142857142857,28,-0.7155280092500181,-0.2344972991693185,-0.045527370425583,0.3488340708563457
baca,Baca,LVP SL,2025,Spring,mid,Ramboot Club,1,1,Profil neutre,6.938586711883545,1.207571029663086,False,0.4,15,-0.1589410627480928,-0.0734909418216774,-0.0528394559557043,-0.2112480878904366
baca,Baca,LVP SL,2025,Summer,mid,Ramboot Club,1,1,Profil neutre,8.207996368408203,1.3288922309875488,False,0.5,14,0.5623902397334639,-0.7537861575991421,0.4278202201483544,0.2156537493932898
backlund,Backlund,LFL,2025,Flash In,mid,GameWard,2,2,Profil neutre,5.2541890144348145,3.6540911197662354,False,0.1666666666666666,6,1.1089361784210725,-2.042854115325311,0.1396928969996966,-1.6984473200890384
backlund,Backlund,LFL,2025,Spring,mid,GameWard,2,2,Profil neutre,3.4699172973632812,2.8289711475372314,False,0.3571428571428571,14,-1.462733268431792,-1.8689282757758912,-2.1593850441509206,-0.654133593182373
backlund,Backlund,LFL,2025,Summer,mid,GameWard,2,2,Profil neutre,4.731931209564209,3.0886340141296387,False,0.217391304347826,23,-1.1113787700255449,-0.7109921641924299,-1.082864488173827,-1.7663858512878652
backlund,Backlund,TCL,2024,Summer,mid,Dark Passage,1,1,Profil neutre,9.531637191772461,3.0369949340820312,False,0.5757575757575758,33,0.4776671098571573,0.38910639142261,0.613888171738523,0.5310840936201361
badlulu,Badlulu,LFL,2024,Summer,top,Aegis,2,2,Profil neutre,9.101395606994629,5.3066086769104,False,0.1666666666666666,18,0.0888651002524131,0.6030830312185446,-0.0380509181353649,-1.3684877394636614
badlulu,Badlulu,LFL,2024,unknown,top,Aegis,1,1,Carry agressif | High DPS | Farmer dominant | Lane bully | Early dominant,9.666154861450195,6.773257255554199,False,0.5714285714285714,7,0.7071067811865476,0.7071067811865475,0.7071067811865475,0.7071067811865476
badlulu,Badlulu,LFL,2026,unknown,top,Ici Japon Corp. Esport,1,1,Carry agressif | High DPS | Farmer dominant | Lane bully | Early dominant,9.73862075805664,7.080024242401123,False,0.3870967741935484,31,0.1418295098283926,0.8104925115650565,0.7100738328761338,-0.1425499167915248
badlulu,Badlulu,LVP SL,2024,Spring,top,Case Esports,2,2,Profil neutre,7.905055522918701,6.314284801483154,False,0.6296296296296297,27,0.0883658760347611,1.451487087201617,-0.6578859614347088,0.9091990811919438
badlulu,Badlulu,LVP SL,2025,Final Four,top,GIANTX iTero,1,1,Carry agressif | High DPS | Farmer dominant | Lane bully | Early dominant,9.173364639282227,6.805372714996338,False,0.75,8,-0.7071067811865466,0.7071067811865475,0.7071067811865475,0.7071067811865475
badlulu,Badlulu,LVP SL,2025,Spring,top,GIANTX iTero,1,1,Carry agressif | High DPS | Farmer dominant | Lane bully | Early dominant,10.337565422058105,8.447725296020508,False,0.75,20,1.5573735625554468,1.2502178026151665,0.7173754926735694,1.4423738827029124
badlulu,Badlulu,LVP SL,2025,Summer,top,GIANTX iTero,1,1,Carry agressif | High DPS | Farmer dominant | Lane bully | Early dominant,10.680990219116211,8.468411445617676,False,0.8888888888888888,18,1.3416073754066846,1.4812559885148535,0.8350232722941862,1.9520480571318537
badlulu,Badlulu,LVP SL,2025,Winter,top,GIANTX iTero,1,1,Carry agressif | High DPS | Farmer dominant | Lane bully | Early dominant,9.034761428833008,6.414565086364746,False,0.55,20,0.393400188727783,0.3877820474900046,0.7135081388874539,0.4395525162691745
baki,Baki,NLC,2025,Spring,bot,KAOS e-sport,0,0,Profil neutre,4.531716346740723,11.638752937316895,False,0.25,8,-1.1114804528640974,-1.7693907389521824,-2.051457136855773,-0.7968666032744044
bambi,Bambi,LFL,2026,unknown,top,Project Conquerors,2,2,Profil neutre,7.13056755065918,6.340635776519775,False,0.3636363636363636,11,1.0001142004447354,-0.8882892690103138,0.2484066881993305,-0.2626767365273698
bananiasty,Bananiasty,NLC,2024,unknown,jng,UniQ Esports Club,1,1,Profil neutre,7.462146282196045,2.3634703159332275,False,0.5454545454545454,22,-1.2400552181767217,-1.583436912903375,-1.07315947041569,0.299646365175613
banderas,Banderas,LVP SL,2024,Summer,top,Guasones,2,2,Profil neutre,7.1235175132751465,5.358534812927246,False,0.3888888888888889,18,0.5799083718343281,0.0108695811122383,-0.443866891353929,-0.4350396298581827
banderas,Banderas,NLC,2024,Spring,top,Lionscreed,1,1,Carry agressif | High DPS | Farmer dominant | Lane bully | Early dominant,9.13267993927002,8.7653226852417,False,0.7272727272727273,22,1.012974943964653,-0.2750172771846157,0.6080039033572102,1.5714415918742357
banderas,Banderas,NLC,2025,Winter,top,Rich Gang,2,2,Profil neutre,6.272018909454346,7.840616226196289,False,0.5714285714285714,14,-0.1428123478897168,-0.2684529778666854,-0.1099834503620178,0.4699097337485256
banderas,Banderas,NLC,2025,unknown,top,Bitfix Gaming,1,1,Carry agressif | High DPS | Farmer dominant | Lane bully | Early dominant,9.608680725097656,5.453958511352539,False,0.3333333333333333,6,1.960683244853604,0.558140075399813,1.1910252834992998,-1.4136250248524902
bao,BAO,LFL,2024,Spring,bot,Gentle Mates,2,2,Profil équilibré,7.447078704833984,8.004093170166016,False,0.5172413793103449,29,0.1886990170539469,0.2841962897374738,-0.031876467887425,0.234385674737056
bao,BAO,LFL,2024,Summer,bot,Gentle Mates,0,0,Profil neutre,4.701622009277344,10.027153968811035,False,0.2222222222222222,18,-0.5831651370519392,-0.6353650609436128,-0.3455682409813911,-1.1144501524651806
bao,BAO,TCL,2025,Summer,bot,Papara SuperMassive,1,1,High DPS | Farmer dominant | Lane bully | Early dominant | High performer,9.789554595947266,6.972893238067627,False,0.4444444444444444,18,0.6249405120274082,0.0860919384118491,0.5715490932974748,0.1597459545030244
bao,BAO,TCL,2025,Winter,bot,Papara SuperMassive,2,2,Profil équilibré,8.28933334350586,7.340339183807373,False,0.5555555555555556,27,0.4963560147769419,-0.8472063053722302,0.1201903627473312,0.4860798580810715
bartholdy,Bartholdy,NLC,2024,Summer,jng,Lundqvist Lightside,1,1,Profil neutre,7.46478271484375,3.0739426612854004,False,0.5,14,-0.7001892565935675,-0.8700923740529435,-1.064022572880711,0.1909165941861118
batuuu,Batuuu,LFL2,2024,Spring,sup,Klanik Esport,1,1,Profil neutre,4.926269054412842,2.328977346420288,False,0.1666666666666666,6,-0.7256535171313491,1.7685774789790518,-2.0268238104864222,-1.4142135623730951
batuuu,Batuuu,TCL,2024,Summer,sup,BoostGate Esports,2,2,Farmer dominant | Lane bully | Early dominant,3.628282308578491,2.593111753463745,False,0.5217391304347826,23,-0.1017309381031687,0.785257031954503,0.6870301647790058,0.2598191261817774
batuuu,Batuuu,TCL,2025,Spring,sup,Misa Esports,2,2,Farmer dominant | Lane bully | Early dominant,2.2267932891845703,4.833907604217529,False,0.6363636363636364,22,0.5619853416213382,-0.3482904770516203,-0.2389908454427,1.1046228575906052
batuuu,Batuuu,TCL,2025,Summer,sup,Misa Esports,0,0,High DPS | Versatile | High performer,1.3425716161727905,6.690375328063965,False,0.6956521739130435,23,1.2505890372475428,-0.2239036414970471,1.4233824704441305,1.1367542101890098
batuuu,Batuuu,TCL,2025,Winter,sup,Misa Esports,2,2,Farmer dominant | Lane bully | Early dominant,0.8588610291481018,4.521892547607422,False,0.6153846153846154,26,1.8893246500831264,1.6876711014414083,0.8078089028917745,0.7712428203045348
baul,Baul,NLC,2024,Summer,sup,Nativz,0,0,High DPS | Versatile | High performer,2.5443758964538574,7.111940383911133,False,0.2857142857142857,14,1.8379584136765748,-0.1025035058388471,0.5571859928656775,-0.794228924354075
baumeef,Baumeef,NLC,2024,unknown,jng,42 Gaming,1,1,Profil neutre,6.55969762802124,1.2223354578018188,False,0.5,8,0.4705716996426972,-0.2483387972418671,-0.4718378161862616,0.086659667100431
baus,Baus,NLC,2025,Spring,top,Los Ratones,1,1,Carry agressif | High DPS | Farmer dominant | Lane bully | Early dominant,10.799715995788574,8.408995628356934,True,0.9,20,1.3936418496542504,1.219938924169889,1.0340422761849104,1.8932037591731867
baus,Baus,NLC,2025,Summer,top,Los Ratones,1,1,Carry agressif | High DPS | Farmer dominant | Lane bully | Early dominant,8.049527168273926,6.340842247009277,True,0.9285714285714286,14,0.3709019398370132,1.709248018769031,0.2069595062874484,1.6563556324258826
baus,Baus,NLC,2025,Winter,top,Los Ratones,1,1,Carry agressif | High DPS | Farmer dominant | Lane bully | Early dominant,10.961795806884766,8.367733001708984,True,0.9333333333333332,15,0.8355710526057903,2.0438742529905887,1.7131046430757773,2.28039227809341
baut,Baut,TCL,2025,Spring,sup,BBL Dark Passage,2,2,Farmer dominant | Lane bully | Early dominant,0.9037780165672302,4.824944019317627,False,0.5,22,0.2583934356939544,1.75933639592858,1.4701605828744633,0.3209213047263634
bayonetta,Bayonetta,TCL,2024,Summer,top,Galakticos,0,0,Profil neutre,3.912860870361328,4.496728897094727,False,0.0,14,-0.7335622367429994,-1.1447963690741672,-0.9108547209874196,-2.0057002913623583
bayonetta,Bayonetta,TCL,2024,unknown,top,Galakticos,1,1,Carry agressif | High DPS | Farmer dominant | Lane bully | Early dominant,9.765684127807617,6.144865989685059,False,0.8571428571428571,7,1.023215794561885,0.5334326782526675,1.130366054485043,0.982833557027106
bayonetta,Bayonetta,TCL,2026,Summer,top,PCIFIC Esports,1,1,Carry agressif | High DPS | Farmer dominant | Lane bully | Early dominant,7.86950159072876,8.480802536010742,False,0.6363636363636364,22,-0.7712752258950749,0.6755557766049493,0.6253977464291371,0.898941040830564
bean,Bean,LFL,2024,Summer,bot,Aegis,0,0,Profil neutre,3.9996304512023926,11.803730010986328,False,0.1666666666666666,18,-1.3825078343365085,-1.753536322754098,-1.810364293182597,-1.3684877394636612
bean,Bean,LFL,2024,unknown,bot,Aegis,2,2,Profil équilibré,7.965083599090576,9.178510665893555,False,0.5714285714285714,7,-0.7071067811865475,0.7071067811865475,0.7071067811865476,0.7071067811865476
bean,Bean,LVP SL,2024,Spring,bot,Rebels Gaming,0,0,Profil neutre,4.432559967041016,11.562657356262207,False,0.3125,16,-0.5151060521963993,-1.1790671460061777,-1.785052231967918,-0.8829734133986545
bean,Bean,PRM,2025,Finals,bot,Berlin International Gaming,2,2,Profil équilibré,7.939212799072266,10.895553588867188,False,0.6666666666666666,9,0.1510901215192861,0.0513217836849195,-0.4204632458598806,1.43334243093525
bean,Bean,PRM,2025,Spring,bot,Berlin International Gaming,1,1,High DPS | Farmer dominant | Lane bully | Early dominant | High performer,9.903347969055176,8.628579139709473,False,0.6451612903225806,31,1.338584252209178,0.6849412449089449,1.6127263558670348,1.077808915747794
bean,Bean,PRM,2025,Summer,bot,Berlin International Gaming,1,1,High DPS | Farmer dominant | Lane bully | Early dominant | High performer,9.744163513183594,9.099737167358398,False,0.9,10,0.2797018606897903,0.6796259036602345,0.6430925480514283,1.6921022916090656
bean,Bean,PRM,2025,Winter,bot,Berlin International Gaming,1,1,High DPS | Farmer dominant | Lane bully | Early dominant | High performer,10.192378044128418,8.451066017150879,False,0.875,16,-0.2430785140531417,1.3563801083467282,0.6887952984355628,2.2598564920005177
beanlord,Beanlord,NLC,2026,Summer,sup,Absolved,1,1,Profil neutre,4.856955051422119,4.113700866699219,False,0.25,8,0.7647170060686561,-0.1419597153909494,0.3785590425328518,-0.9559752845623926
behner,Behner,NLC,2026,Summer,bot,Rich Gang,0,0,Profil neutre,4.168118476867676,11.217938423156738,False,0.1428571428571428,7,-0.0787798735311488,-1.6413306416098818,-1.0236790337910986,-1.2452147840074124
belit,belit,NLC,2026,Summer,jng,Deer Gaming,2,2,Profil neutre,3.127534866333008,0.022542597725987434,False,0.6111111111111112,18,1.008814694846656,0.1131765337175707,0.0294706297142758,0.6521722371774796
benaset,Benaset,LFL2,2024,unknown,sup,IziDream,1,1,Profil neutre,5.6051926612854,4.253722667694092,False,0.5833333333333334,12,-1.618909533330653,-0.3672856361575482,-0.6466906397892355,0.3673355088907076
benaset,Benaset,LFL2,2025,Spring,sup,Skillcamp,1,1,Profil neutre,6.00171422958374,2.753615140914917,False,0.1428571428571428,14,-0.282636721578742,0.1482563442251964,-0.8593768928223163,-1.571687907135069
beplush,Beplush,TCL,2024,unknown,sup,Comanchero Gaming,2,2,Farmer dominant | Lane bully | Early dominant,1.6206687688827515,3.9764182567596436,False,0.4545454545454545,11,-0.2375786351490101,1.2645005005932497,-0.697997451104279,-0.0537069969833706
beplush,Beplush,TCL,2026,Spring,sup,PCIFIC Esports,0,0,High DPS | Versatile | High performer,2.6060051918029785,5.5100626945495605,False,0.5806451612903226,31,-0.9046462763502008,0.3377360722468812,0.4567214177054325,0.4409042765447566
beplush,Beplush,TCL,2026,Summer,sup,Dark Passage,0,0,High DPS | Versatile | High performer,1.586965560913086,4.97203254699707,False,0.5,22,0.2141224660624433,0.4165552406152887,0.1808525282807829,0.3194463508352332
berebo,Berebo,TCL,2026,Summer,sup,BoostGate Esports,1,1,Profil neutre,6.515854835510254,3.971160411834717,False,0.0,6,-0.4207168562211466,-1.5022097199596998,0.0697884041236925,-1.769085702004492
berkan,Berkan,TCL,2024,Summer,mid,NASR eSports Turkey,2,2,Profil neutre,5.151540756225586,2.4451303482055664,False,0.2857142857142857,14,-0.6526195927518896,-1.198627831964158,-0.4743748247385971,-0.7646542033967736
berone,Berone,NLC,2026,Summer,top,Brod n Friends,0,0,Profil neutre,5.6301774978637695,4.865114212036133,False,0.5,12,-1.0036644540103563,-0.3850777654467535,-0.756552492778744,0.2669490553037598
bewbiou,BewBiou,LFL2,2024,Spring,top,Project Conquerors,0,0,Profil neutre,3.576305389404297,4.990082740783691,False,0.1666666666666666,6,-0.3566459877164223,-1.0779874748550342,-1.4606767053427474,-1.4142135623730951
bewbiou,BewBiou,LFL2,2024,Summer,top,Project Conquerors,2,2,Profil neutre,7.529114246368408,4.415200233459473,False,0.4444444444444444,18,0.1795731774492355,0.4869785370938365,0.2816953536414099,-0.2843263700344119
bicas,bicas,NLC,2026,Summer,jng,DMG Esports,2,2,Profil neutre,2.65932559967041,2.1242318153381348,False,0.5714285714285714,14,-0.6932029565162674,0.921522345422478,0.0867220652417105,0.4803949217598919
bicas,bicas,TCL,2026,Spring,jng,BoostGate Esports,2,2,Profil neutre,4.644598007202148,2.0072953701019287,False,0.3809523809523809,21,-1.3647961199148333,-0.0723695528050275,-0.6921070827288118,-0.3777969510283442
bisgaard,Bisgaard,NLC,2025,Spring,mid,DMG Esports,1,1,Profil neutre,6.9314069747924805,4.078831672668457,False,0.4,15,-0.6184081979928462,-0.7005377591226085,-0.948619779016111,-0.1736960603346609
bisgaard,Bisgaard,NLC,2025,Summer,mid,Lundqvist Lightside,1,1,Profil neutre,7.764946937561035,4.0820841789245605,False,0.4285714285714285,14,0.2732601180062501,-1.4278568296087863,0.0069342855082633,-0.0273935295707251
bisgaard,Bisgaard,NLC,2025,Winter,mid,DMG Esports,2,2,Profil neutre,5.168688774108887,3.216378688812256,False,0.2,10,-1.5365786027878836,-0.338586119773045,-0.0785062038844862,-1.2956075016408977
bitse,Bitse,NLC,2024,Summer,jng,DMG Esports,2,2,Profil neutre,2.408085346221924,-0.8202890157699585,False,0.5263157894736842,19,-0.2055972418442602,0.4682690926404326,0.2729878045951587,0.3067572357243782
bitse,Bitse,NLC,2025,Winter,jng,DMG Esports,1,1,Profil neutre,8.20741081237793,2.497530221939087,False,0.2,10,-1.1742500431275729,-0.4095091967394048,-1.3224933033596256,-1.2789172426777229
bjoernen,Bjoernen,NLC,2026,Spring,bot,Lundqvist Lightside,0,0,Profil neutre,5.296165943145752,10.541842460632324,False,0.2857142857142857,7,-0.8859784167790946,0.815068721612451,-0.8325965077842434,-0.9417694130513904
bjoernen,Bjoernen,NLC,2026,Summer,bot,Lundqvist Lightside,2,2,Profil équilibré,6.350094318389893,11.767802238464355,False,0.4166666666666667,12,-0.7429785104426577,-0.1215407711005329,-1.0709470613306262,-0.098937840676577
black,Black,TCL,2024,Winter,bot,Dark Passage,2,2,Profil équilibré,7.181385517120361,11.504464149475098,False,0.5652173913043478,23,0.6128862558718156,0.1794983445750441,-0.826320433240771,0.4474650954315745
bloodlust,Bloodlust,NLC,2026,Summer,bot,Absolved,2,2,Profil équilibré,7.317759990692139,10.88839340209961,False,0.4,10,-0.0312647124181323,1.482559545907001,0.4279565793498538,-0.1687112198358452
blue,Blue,TCL,2024,Summer,mid,Beşiktaş Esports,0,0,High DPS | Farmer dominant | Lane bully | Early dominant,8.60117244720459,1.1518993377685547,False,0.3333333333333333,6,-0.2800237314951819,0.468045486541283,0.3683879726578495,-0.5519210501551914
blue,Blue,TCL,2024,Winter,mid,Papara SuperMassive,1,1,Profil neutre,8.085293769836426,1.9792757034301758,False,0.6153846153846154,26,-0.4910773583407775,0.4869303643902105,0.0544722753302907,0.6850125959401298
bluerzor,bluerzor,LVP SL,2025,Summer,jng,UCAM Esports,2,2,Profil neutre,2.7717971801757812,0.20877476036548615,False,0.6086956521739131,23,0.3911536935454636,0.5362762790398844,0.0012685349021272,0.7009813509351249
bluerzor,bluerzor,LVP SL,2025,Winter,jng,Ramboot Club,2,2,Profil neutre,4.387782096862793,0.40145784616470337,False,0.5333333333333333,15,0.6342790094317301,0.0892918537541573,-0.4169532603494711,0.3677559338624794
bmoooo,Bmoooo,TCL,2026,Spring,sup,Team Phoenix,1,1,Profil neutre,6.7402520179748535,4.328417778015137,False,0.25,16,0.952646789635197,-1.7758204790054564,-1.164240959679761,-0.941319315146298
boatish,Boatish,NLC,2026,Winter,jng,La BOMBAS,1,1,Profil neutre,7.626193523406982,1.017008662223816,False,0.2222222222222222,9,-0.8711460868477345,-1.4072753877203157,-0.5291107038591036,-0.8315218227143086
bobik,Bobik,NLC,2026,Winter,jng,Ruddy Corporation,1,1,Profil neutre,6.9315571784973145,1.6019396781921387,False,0.0,5,-0.6082403734710976,1.0068063830097562,-1.4638779148616403,-1.680632363779248
bobista,bobista,NLC,2026,Spring,top,Verdant,2,2,Profil neutre,6.965178489685059,7.609312057495117,False,0.9166666666666666,12,0.3593292547973667,0.056481898546251,-0.0685214076837905,2.3046072228618173
bobista,bobista,NLC,2026,Summer,top,Verdant,1,1,Carry agressif | High DPS | Farmer dominant | Lane bully | Early dominant,10.528178215026855,8.177717208862305,False,0.7391304347826086,23,0.218056000384678,1.3305392508342544,0.8280497376591104,1.262131902861211
bobista,bobista,NLC,2026,Winter,top,Verdant,1,1,Carry agressif | High DPS | Farmer dominant | Lane bully | Early dominant,10.7982816696167,8.705257415771484,False,0.8333333333333334,18,0.6110355480266645,1.648204118264597,1.2349771472744666,1.400444125751665
boda,Boda,LFL,2026,unknown,top,BK ROG Esports,1,1,Carry agressif | High DPS | Farmer dominant | Lane bully | Early dominant,8.674561500549316,7.416730880737305,False,0.5,12,-0.4916324957058539,0.5315765004596433,0.6218600947402849,0.43556040318723
boda,Boda,PRM,2026,Spring,top,Kaufland Hangry Knights,1,1,Carry agressif | High DPS | Farmer dominant | Lane bully | Early dominant,9.59089183807373,6.309959411621094,False,0.5833333333333334,12,0.346593454588927,-0.1094849887224148,0.7554132640406068,0.5928544171552015
boda,Boda,PRM,2026,Summer,top,Kaufland Hangry Knights,2,2,Profil neutre,7.752651691436768,7.917306423187256,False,0.45,20,0.6073899020544006,0.3945009731221631,-0.2217399933387215,-0.123453150605742
boltox,Boltox,NLC,2025,unknown,sup,Epic Avalanche,0,0,High DPS | Versatile | High performer,2.6188008785247803,6.428798198699951,False,0.5555555555555556,9,0.8514756942777146,0.2943324818861133,0.233152909987136,0.0938719305069595
boltox,Boltox,NLC,2026,Spring,sup,Arctic Pandas,0,0,High DPS | Versatile | High performer,3.147916316986084,4.456576824188232,False,0.5,12,-0.1261787816987043,0.1493287804321916,-0.3829527082493802,0.1327371545247316
boltox,Boltox,NLC,2026,Summer,sup,Arctic Pandas,2,2,Farmer dominant | Lane bully | Early dominant,2.13541841506958,5.3928961753845215,False,0.5263157894736842,19,-0.6372074338315014,1.349590706024386,0.7379721706462041,0.2957148672988732
boltox,Boltox,NLC,2026,Winter,sup,Arctic Pandas,0,0,High DPS | Versatile | High performer,2.8776278495788574,5.252204895019531,False,0.7333333333333333,15,-0.9727528609787812,0.0040328668427343,0.310741326666731,0.9935254564074169
bolulu,Bolulu,TCL,2024,Summer,mid,FUT Esports,1,1,Profil neutre,7.824900150299072,4.015997886657715,False,0.5,22,-0.1637306781464625,-1.2054264527695713,-0.3387070309130232,0.1926449861903461
bolulu,Bolulu,TCL,2024,Winter,mid,FUT Esports,2,2,Profil neutre,6.352011203765869,2.887572765350342,False,0.4736842105263157,19,-0.2651435717558951,-0.3080166641779306,-0.4422987051761565,0.0679937756748283
boncuk,Boncuk,TCL,2024,Summer,bot,NASR eSports Turkey,0,0,Profil neutre,4.035477638244629,12.613539695739746,False,0.125,8,-2.1403312591153,-1.505849222228884,-2.139723654623965,-1.3578048138840262
bong,Bong,TCL,2025,Spring,top,Bushido Wildcats,0,0,Profil neutre,4.37468147277832,4.959709644317627,False,0.3684210526315789,19,-0.8313222539368097,-0.7955323470169381,-0.9569320082489532,-0.6268006240243074
bong,Bong,TCL,2025,Winter,top,BBL Dark Passage,2,2,Profil neutre,6.898708343505859,5.610194683074951,False,0.2857142857142857,14,-0.8042283421773515,-0.5528283564916731,0.2641966518303718,-0.9047587519445855
bonnie,Bonnie,TCL,2025,Spring,jng,BBL Dark Passage,0,0,High DPS | Farmer dominant | Lane bully | Early dominant | High performer,2.094008445739746,0.3495253920555115,False,0.5,22,-0.4235627773979074,1.5151677823604497,1.053884040832482,0.1934810547981061
bonnie,Bonnie,TCL,2026,Kickoff,jng,S2G Esports,0,0,High DPS | Farmer dominant | Lane bully | Early dominant | High performer,1.176340103149414,1.0339665412902832,False,0.6,20,0.3489249591709393,1.0783646168341294,0.591951363491646,0.5828370614585048
booshi,Booshi,LFL,2025,Spring,bot,BK ROG Esports,0,0,Profil neutre,5.180587291717529,11.206246376037598,False,0.6764705882352942,34,-0.5477953590941289,-1.3328398834509303,-1.3486097684650633,1.3551016537812146
booshi,Booshi,LFL,2025,Summer,bot,BK ROG Esports,0,0,Profil neutre,4.707356929779053,11.738412857055664,False,0.4137931034482758,29,-1.2150851506404112,-1.0793603474932334,-1.0160627872465178,-0.4475107206201753
booshi,Booshi,LFL,2026,unknown,bot,Esprit Shōnen,2,2,Profil équilibré,5.809670448303223,10.235573768615723,False,0.375,8,-0.3013780291429851,-1.819375582987741,-0.390588780428389,-0.436944716534709
booshi,Booshi,LFL2,2024,Summer,bot,Akroma,0,0,Profil neutre,4.3038763999938965,11.008708000183105,False,0.3,10,-0.0162678861672121,-1.6352852099796114,-0.9598888916287964,-0.9776893247402162
boukada,Boukada,LFL,2024,Spring,jng,Team GO,1,1,Profil neutre,7.873813152313232,1.5760183334350586,True,0.4285714285714285,21,-1.1542974471163678,-1.0797468778338954,-1.6022928289820304,-0.2971833004925951
boukada,Boukada,LFL,2024,Summer,jng,Team GO,1,1,Profil neutre,7.229681968688965,2.7188870906829834,True,0.5,28,-0.7045563182469612,-1.6158493201198325,-1.0461039044483411,0.1557377825272217
boukada,Boukada,LFL,2025,Flash In,jng,Karmine Corp Blue,0,0,High DPS | Farmer dominant | Lane bully | Early dominant | High performer,1.2058501243591309,-0.1271723061800003,True,0.7222222222222222,18,0.2720408311973007,-0.0705834543179637,0.5228771590219694,1.3141942361676415
boytang,Boytang,NLC,2025,unknown,bot,Fortress Esports,0,0,Profil neutre,4.893421649932861,10.845649719238281,False,0.5,12,-0.6218490993442349,-0.5572590805000792,-1.2068681356293238,-0.1837896019453809
broeki,Broeki,PRM,2025,Spring,bot,Eintracht Spandau,0,0,Profil neutre,4.244802951812744,12.280757904052734,False,0.3809523809523809,21,-1.5049232259580143,-1.5799537854379135,-1.427037492521025,-0.9142543215045588
broeki,Broeki,PRM,2025,Summer,bot,Eintracht Spandau,0,0,Profil neutre,4.010080337524414,12.640372276306152,False,0.0,6,-2.314187728306055,-1.5171760666117435,-2.1798912138811244,-2.0075249315392547
broeki,Broeki,PRM,2025,Winter,bot,Eintracht Spandau,0,0,Profil neutre,6.053605556488037,10.52147388458252,False,0.4,10,-0.7958494139323348,-2.125935813902026,1.175029566723892,-0.3834547005875636
buchi,Buchi,NLC,2024,Spring,top,Lundqvist Lightside,1,1,Carry agressif | High DPS | Farmer dominant | Lane bully | Early dominant,9.896590232849121,6.877554893493652,False,0.3846153846153846,13,0.5596037057280551,2.070309608784004,-0.1778391397432975,-0.50963211536244
buchi,Buchi,NLC,2024,Summer,top,DMG Esports,1,1,Carry agressif | High DPS | Farmer dominant | Lane bully | Early dominant,9.560888290405273,6.985665321350098,False,0.5555555555555556,18,1.671727894352323,1.0916064768323757,0.6550000262399122,0.4570862043593214
buchi,Buchi,NLC,2025,Spring,top,DMG Esports,2,2,Profil neutre,6.864510536193848,6.8485941886901855,False,0.4,15,-0.9193476032392252,0.6568859982397292,-0.9261993242023414,-0.2325804588231654
buchi,Buchi,NLC,2025,Winter,top,DMG Esports,0,0,Profil neutre,3.148130416870117,4.545094966888428,False,0.2,10,-0.9291208599149696,-0.2503689102597341,-1.4208665998630012,-1.3882170880791185
built,Built,NLC,2024,Spring,top,Ruddy Corporation,0,0,Profil neutre,4.870760917663574,7.122615814208984,False,0.5833333333333334,24,-0.6708387073946559,-0.9726641564576464,-1.024229602831268,0.6972490651948839
built,Built,NLC,2024,Summer,top,Ruddy Corporation,2,2,Profil neutre,6.175971508026123,6.22808837890625,False,0.6956521739130435,23,0.61223775010472,-0.6109310381786457,-0.0941484505211723,1.154842692445365
bunnybeast,BunnyBeast,NLC,2025,unknown,bot,Bitfix Gaming,2,2,Profil équilibré,6.977244853973389,10.74915885925293,False,0.3333333333333333,6,-1.0643832608214747,0.1556699746125349,0.5281420941055379,-1.3803772231216969
bunnybeast,BunnyBeast,NLC,2026,Summer,bot,Lund Esports Organization,2,2,Profil équilibré,7.194957256317139,10.13407039642334,False,0.4615384615384615,13,-0.7628369039228443,1.2244171123913543,-0.2383025762112595,0.088913564752222
bust,Bust,NLC,2025,Summer,top,Venomcrest Esports,2,2,Profil neutre,7.20961856842041,4.591473579406738,False,0.2222222222222222,9,-0.9704217976768034,0.3729010559358218,-0.0304545395407648,-0.7889566556375421
bust,Bust,NLC,2026,Spring,top,DMG Esports,2,2,Profil neutre,6.8691534996032715,4.6759934425354,False,0.375,8,-1.243672054174756,-0.8607035836443199,-0.2671223910860548,-0.5550315118892047
bust,Bust,NLC,2026,Summer,top,DMG Esports,1,1,Carry agressif | High DPS | Farmer dominant | Lane bully | Early dominant,9.739004135131836,8.286674499511719,False,0.5714285714285714,14,0.3180363887014442,-0.714843740169223,1.1629461160625234,0.564211464314427
c0st0m,c0st0m,LFL2,2025,Spring,mid,Zerance,1,1,Profil neutre,7.842373847961426,3.991778612136841,False,0.4210526315789473,19,0.3093030707283469,-1.0189362715588135,-0.5632538015135827,0.051220922397323
c0st0m,c0st0m,NLC,2024,Summer,mid,BlueWhites,2,2,Profil neutre,4.149641036987305,2.2990787029266357,False,0.2,10,-0.7538347080966151,-1.5722171501682591,-2.196577538501324,-1.5110338109137695
c0st0m,c0st0m,PRM,2026,Summer,mid,ROSSMANN Centaurs,1,1,Profil neutre,7.788573265075684,4.008280277252197,False,0.5454545454545454,22,0.2988437400478479,-0.8754661695807171,-0.708035314492682,0.2421337322334638
c7,C7,LFL2,2024,Summer,top,Klanik Esport,0,0,Profil neutre,3.184079647064209,4.820370674133301,False,0.3333333333333333,18,-1.7560394329190463,-0.7975035336469206,-1.5538566957807955,-0.836731888958412
c7,C7,LFL2,2024,unknown,top,Klanik Esport,2,2,Profil neutre,7.745950222015381,5.619952201843262,False,0.4444444444444444,9,-0.7088692151857742,0.348082361654367,0.1189868753641517,-0.2822948147362261
caliste,Caliste,LFL,2024,Spring,bot,Karmine Corp Blue,1,1,High DPS | Farmer dominant | Lane bully | Early dominant | High performer,10.176961898803711,7.914447784423828,True,0.6551724137931034,29,0.3413335228772375,0.9741205617355094,0.2792851371592224,1.0612707473165115
caliste,Caliste,LFL,2024,Summer,bot,Karmine Corp Blue,1,1,High DPS | Farmer dominant | Lane bully | Early dominant | High performer,11.33831787109375,7.925875663757324,True,0.76,25,2.0161115924654296,1.306839265824397,1.490158894785709,1.3446336896801103
callme,Callme,TCL,2025,Spring,mid,Misa Esports,1,1,Profil neutre,7.992432117462158,1.0746121406555176,False,0.6363636363636364,22,0.3958670309075455,-1.0788264379815096,0.0673317303401618,1.1424612922527737
callme,Callme,TCL,2025,Summer,mid,Misa Esports,0,0,High DPS | Farmer dominant | Lane bully | Early dominant,11.395203590393066,1.4460136890411377,False,0.6956521739130435,23,0.5576153997008424,0.3356336757540859,0.8729500272872873,0.977000531276394
callme,Callme,TCL,2025,Winter,mid,Misa Esports,0,0,High DPS | Farmer dominant | Lane bully | Early dominant,11.630216598510742,1.760362148284912,False,0.6153846153846154,26,1.1190873990629142,-0.5553792099899884,0.1739063986299881,0.7697530035591931
calmsky,Calmsky,NLC,2024,Summer,sup,Verdant,1,1,Profil neutre,4.63985013961792,4.137455463409424,False,0.2857142857142857,14,0.0063085063775263,-0.3980983214439322,-0.0357260837194603,-0.794228924354075
calmsky,Calmsky,NLC,2025,Spring,sup,DMG Esports,1,1,Profil neutre,4.633296966552734,5.62286376953125,False,0.4,15,-0.1704983959194952,-0.6128596251085758,-0.7869778618851183,-0.1684756262554081
calmsky,Calmsky,NLC,2025,Summer,sup,DMG Esports,0,0,High DPS | Versatile | High performer,4.355193138122559,6.187121868133545,False,0.4666666666666667,15,0.07531939019331,-0.986555752576578,-0.0925185539772897,0.0593956059128475
calmsky,Calmsky,NLC,2025,Winter,sup,DMG Esports,1,1,Profil neutre,6.704318523406982,3.774569511413574,False,0.2,10,-0.0569373570500904,-0.8242470772680858,-1.2909552918032294,-1.2789172426777229
calmsky,Calmsky,NLC,2026,Winter,sup,DMG Esports,0,0,High DPS | Versatile | High performer,2.5569982528686523,6.556527614593506,False,0.4666666666666667,15,1.1873044481078705,-0.1190810037892586,0.366851549175799,-0.0482293910877384
camana,Camana,TCL,2024,Winter,mid,Galakticos,2,2,Profil neutre,3.693800926208496,2.4025418758392334,False,0.0,14,-1.3612006048648504,-2.05159023232934,-2.012471357954614,-1.994611994926321
camana,Camana,TCL,2026,Summer,mid,Bushido Wildcats,0,0,High DPS | Farmer dominant | Lane bully | Early dominant,11.233607292175293,1.916333794593811,False,0.7391304347826086,23,1.0502382565511963,0.0638054080558205,0.6280437665573279,1.1778230702023578
cape,Cape,TCL,2026,Spring,jng,Ozarox Esports,2,2,Profil neutre,5.483562469482422,2.0012078285217285,False,0.5,20,-0.4682408363872264,-0.5485847107969103,-0.7967072981317957,0.1055052847837231
captainsexy,CaptainSexy,NLC,2025,Summer,bot,Venomcrest Esports,0,0,Profil neutre,4.366285800933838,12.3639554977417,False,0.0,5,-0.7349054768220473,-0.9706900484064216,-0.8570199833359818,-1.3390477130335234
carlsen,Carlsen,LFL,2026,unknown,top,Galions,1,1,Carry agressif | High DPS | Farmer dominant | Lane bully | Early dominant,10.849263191223145,8.671895027160645,False,0.647887323943662,71,0.7555646521581714,1.0469948844798742,0.927619507355271,1.1928034983706697
carlsen,Carlsen,LVP SL,2024,Spring,top,Team Heretics Academy,2,2,Profil neutre,6.457558631896973,4.925935745239258,True,0.7307692307692307,26,-1.2003579941441749,0.8924085727799201,-0.1617991390752124,1.5002142136808467
carlsen,Carlsen,LVP SL,2024,Summer,top,Team Heretics Academy,1,1,Carry agressif | High DPS | Farmer dominant | Lane bully | Early dominant,11.05756950378418,8.449981689453125,True,0.7307692307692307,26,1.6453913098249269,2.5107025818991,2.120315149789706,1.3901964300176424
carry,Carry,TCL,2024,Summer,sup,Papara SuperMassive,0,0,High DPS | Versatile | High performer,2.7386786937713623,6.190557956695557,False,0.782608695652174,23,0.0658745438237477,-0.8544024052044171,0.9400047356520944,1.3925788349538453
carry,Carry,TCL,2024,Winter,sup,BoostGate Esports,0,0,High DPS | Versatile | High performer,0.7347544431686401,4.996765613555908,False,0.6538461538461539,26,1.6343418552222075,0.8237112869693297,2.003222557358432,0.8355569734724226
carry,Carry,TCL,2025,Spring,sup,Papara SuperMassive,0,0,High DPS | Versatile | High performer,2.459899425506592,6.642421722412109,False,0.3571428571428571,14,1.6319081875324757,0.5189980621613229,0.3586547833944818,-0.5000993697028424
carry,Carry,TCL,2025,Summer,sup,Papara SuperMassive,2,2,Farmer dominant | Lane bully | Early dominant,0.8796132802963257,4.7501702308654785,False,0.4444444444444444,18,0.8331506468012942,1.4489406855971023,0.9018129578650194,0.2167121891293731
carry,Carry,TCL,2025,Winter,sup,Papara SuperMassive,0,0,High DPS | Versatile | High performer,2.1153969764709473,5.578035354614258,False,0.5555555555555556,27,0.7404797913975717,0.1606969325004714,-0.4982212788597346,0.4699888520072164
carry,Carry,TCL,2026,Kickoff,sup,SU Esports,2,2,Farmer dominant | Lane bully | Early dominant,1.917871356010437,5.579678535461426,False,0.45,20,0.8086356198941885,1.0244431040045276,-0.0559391728414712,-0.0630797737209045
carry,Carry,TCL,2026,Spring,sup,Misa Esports,0,0,High DPS | Versatile | High performer,1.512550711631775,6.314825057983398,False,0.9411764705882352,17,0.5773842647172224,-0.104639189171022,1.6898285090304157,1.948063429608173
carry,Carry,TCL,2026,Summer,sup,Bushido Wildcats,0,0,High DPS | Versatile | High performer,0.6501504778862,4.976457595825195,False,0.7391304347826086,23,2.001005185939416,1.4453055928877807,1.875137978147864,1.3183095065411887
carve,Carve,TCL,2026,Summer,sup,DIA Ozarox Esports,1,1,Profil neutre,4.349113464355469,5.030112266540527,False,0.4545454545454545,11,0.6914466954919904,-0.8699855964973381,-0.7634189245119983,0.1295798005770763
cast,Cast,NLC,2025,unknown,jng,Lund Esports Organization,2,2,Profil neutre,3.2674403190612793,0.6076005697250366,False,0.7647058823529411,17,0.4432414628151836,-0.8262660770227164,1.5037219083230848,1.71667309051112
cast,Cast,NLC,2026,Summer,jng,Absolved,0,0,High DPS | Farmer dominant | Lane bully | Early dominant | High performer,0.9002939462661743,1.2008057832717896,False,0.4,10,0.7839430647764859,1.1225539018208903,0.8446087870053728,-0.2616830808440852
cast,Cast,NLC,2026,Winter,jng,Lund Esports Organization,2,2,Profil neutre,3.1524388790130615,1.7963635921478271,False,0.625,8,-0.0052673120217097,-0.3280889947259913,0.3141404594602874,0.7074910329658941
cboi,Cboi,PRM,2024,Spring,jng,FC Schalke 04 Esports,2,2,Profil neutre,4.6145453453063965,1.890279769897461,False,0.5,18,-1.5386311367792167,-0.1942461978442,-0.6154006452665312,0.0
cboi,Cboi,PRM,2024,Summer,jng,FC Schalke 04 Esports,2,2,Profil neutre,2.46169376373291,2.164963483810425,False,0.6666666666666666,18,-1.1958910315330695,0.149650180701332,0.2781929317842887,1.006230589874905
cboi,Cboi,PRM,2024,unknown,jng,FC Schalke 04 Esports,2,2,Profil neutre,3.432122230529785,-0.44692087173461914,False,0.4166666666666667,12,1.303897738932206,0.1678369069307711,0.1092314360393804,-0.4294004076534282
cboi,Cboi,PRM,2025,Finals,jng,TeamOrangeGaming,1,1,Profil neutre,7.649391174316406,2.9901115894317627,False,0.4285714285714285,14,-0.5185464673698325,-0.4103008021193491,-1.163872510601481,-0.6362745556058365
cboi,Cboi,PRM,2025,Spring,jng,TeamOrangeGaming,2,2,Profil neutre,3.965374231338501,1.496915578842163,False,0.52,25,-1.0639135669697253,0.0563071895737436,0.521475961140283,0.2547302479146132
cboi,Cboi,PRM,2025,Summer,jng,TeamOrangeGaming,0,0,High DPS | Farmer dominant | Lane bully | Early dominant | High performer,1.2863792181015015,-0.6403353214263916,False,0.75,12,0.1030925135731066,0.2712856701291453,1.0127860604456993,0.9994634018654752
cboi,Cboi,PRM,2025,Winter,jng,TeamOrangeGaming,2,2,Profil neutre,5.294799327850342,0.5286576747894287,False,0.4666666666666667,15,-0.7027042907325465,-0.8604982531321774,-0.2561998142103317,-0.0124636560137978
centu,Centu,TCL,2026,Spring,sup,BoostGate Esports,2,2,Farmer dominant | Lane bully | Early dominant,2.6908457279205322,3.106111526489258,False,0.3809523809523809,21,-0.0650341483227376,1.1279077140010292,-0.2843848069250546,-0.3938881365555319
cerecof,Cerecof,LFL2,2024,Spring,sup,Lille Esport,0,0,High DPS | Versatile | High performer,4.64077091217041,7.080129623413086,False,0.6666666666666666,6,0.2040771073088914,-1.1513390059833082,-0.686929393667162,0.7071067811865474
certified,Certified,NLC,2024,unknown,bot,Lazy In Life,2,2,Profil équilibré,5.923912525177002,10.87315559387207,False,0.7,10,0.8623309371111472,-0.7267145242283196,-0.9856636671200426,0.9983723482608464
cha0s,Cha0s,NLC,2026,Spring,top,Lund Esports Organization,2,2,Profil neutre,6.7647929191589355,4.925895690917969,False,0.2857142857142857,7,-0.2670435664442486,-0.7313972096782158,-0.220610794251013,-1.026400534100912
cha0s,Cha0s,PRM,2025,unknown,top,A One Man Army Prime,1,1,Carry agressif | High DPS | Farmer dominant | Lane bully | Early dominant,8.818631172180176,5.774747371673584,False,0.5714285714285714,7,-0.7842271361099388,0.9376973244932792,0.3603062927253057,0.4264359365130517
cha0s,Cha0s,TCL,2026,Kickoff,top,BoostGate Esports,0,0,Profil neutre,3.8658933639526367,4.954015731811523,False,0.0,6,-1.8058911967251563,0.0675009959605743,-2.080596363963971,-1.5096047236850052
chance2win,Chance2Win,NLC,2025,Summer,top,DMG Esports,2,2,Profil neutre,5.246339321136475,5.647475242614746,False,0.4666666666666667,15,1.0039854402791708,-0.9680440195552386,-0.1156228144031079,0.0572862485462049
charm,Charm,NLC,2026,Summer,sup,Lundqvist Lightside,1,1,Profil neutre,6.50933837890625,4.448516845703125,False,0.4166666666666667,12,-0.748310813731872,-2.1456944135086906,-0.8770071898537605,-0.2009875739159146
chasy,Chasy,TCL,2025,Spring,top,ULF Esports,1,1,Carry agressif | High DPS | Farmer dominant | Lane bully | Early dominant,8.679490089416504,8.92199420928955,False,0.5714285714285714,28,0.1768332314914989,-0.4155750963886173,0.9662844322229568,0.6387768233017017
chasy,Chasy,TCL,2025,Summer,top,ULF Esports,2,2,Profil neutre,7.35183048248291,7.829993724822998,False,0.5925925925925926,27,0.4422279098526421,0.2668177100923524,-0.1643251879854572,0.6212031725297377
chef,CHEF,TCL,2024,Summer,jng,Dark Passage,0,0,High DPS | Farmer dominant | Lane bully | Early dominant | High performer,0.6400803327560425,0.37007206678390503,False,0.5757575757575758,33,1.247638550855091,1.1748003994059832,-0.3682007656872308,0.6238058299825896
chef,CHEF,TCL,2024,Winter,jng,BoostGate Esports,2,2,Profil neutre,6.2660112380981445,2.951765537261963,False,0.6538461538461539,26,-0.1987257644581548,-0.4768624840731232,-0.2139244481173395,0.8524891328692831
chef,CHEF,TCL,2025,Spring,jng,Beşiktaş Esports,1,1,Profil neutre,6.3012213706970215,2.826723098754883,False,0.4117647058823529,17,-0.233162272184755,-0.7107138302730223,-0.2764582772357497,-0.3565901886475124
chef,CHEF,TCL,2025,Summer,jng,Beşiktaş Esports,2,2,Profil neutre,2.4635095596313477,0.8681603670120239,False,0.6363636363636364,22,-0.1729075150546844,0.0791094465131896,0.3031691503865705,0.7441458890372862
chef,CHEF,TCL,2025,Winter,jng,Beşiktaş Esports,1,1,Profil neutre,6.168996810913086,1.5097047090530396,False,0.2666666666666666,15,-0.5326736251314172,0.3457259542759462,-0.1499717841574492,-1.020797920841003
chryssey,Chryssey,NLC,2024,unknown,bot,42 Gaming,1,1,High DPS | Farmer dominant | Lane bully | Early dominant | High performer,7.60215950012207,8.643336296081543,False,0.5,8,0.9976020980252974,0.9051987511488816,1.5558622333306649,0.0773676176662104
cimpo,Cimpo,TCL,2025,Spring,bot,Papara SuperMassive,1,1,High DPS | Farmer dominant | Lane bully | Early dominant | High performer,9.389538764953613,9.768949508666992,False,0.4,10,-0.5444665239366957,0.9986555509327986,0.6687656150831837,-0.4142784579250843
cimpo,Cimpo,TCL,2025,Summer,bot,BoostGate Esports,0,0,Profil neutre,6.333269119262695,11.972004890441895,False,0.2142857142857142,14,-0.4912155842954365,-0.4573359602162462,-0.3945476291717958,-0.6736486760335628
cimpo,Cimpo,TCL,2026,Summer,bot,SU Esports,1,1,High DPS | Farmer dominant | Lane bully | Early dominant | High performer,9.587596893310547,9.055065155029297,False,0.55,20,0.4141787031826639,0.595699113583251,1.0392315846222504,0.5292025617242553
citrus,Citrus,LFL,2024,Summer,jng,Aegis,2,2,Profil neutre,5.321754455566406,1.9697303771972656,False,0.1666666666666666,18,-0.2460696811500751,0.5526984865476703,-1.4494789663249237,-1.3684877394636614
citrus,Citrus,LFL,2024,unknown,jng,Aegis,0,0,High DPS | Farmer dominant | Lane bully | Early dominant | High performer,2.2407212257385254,2.119276285171509,False,0.5714285714285714,7,-0.7071067811865475,0.7071067811865476,0.7071067811865475,0.7071067811865476
citrus,Citrus,TCL,2025,Winter,jng,Bushido Wildcats,2,2,Profil neutre,2.648874521255493,1.799646019935608,False,0.4545454545454545,11,0.7380568676235499,0.13672883650144,-0.3745976989186014,-0.0652840985124498
clears,CLEARS,NLC,2026,Spring,jng,DMG Esports,0,0,High DPS | Farmer dominant | Lane bully | Early dominant | High performer,1.1893956661224365,0.7150989770889282,False,0.375,8,1.032526809249532,0.1835746654400168,0.9678448543152024,-0.4940583432280061
clears,CLEARS,NLC,2026,Winter,jng,Lundqvist Lightside,0,0,High DPS | Farmer dominant | Lane bully | Early dominant | High performer,0.5180209279060364,0.5584259629249573,False,0.375,8,0.9940513277350213,1.108895167767426,0.6751009741964146,-0.2477583257321627
click,Click,LVP SL,2025,Spring,sup,LUA Gaming,2,2,Farmer dominant | Lane bully | Early dominant,0.7808653116226196,4.457791805267334,False,0.4210526315789473,19,2.1563522998591904,1.7385230009927155,1.2944038152421549,-0.1117821046968523
click,Click,LVP SL,2025,Summer,sup,LUA Gaming,2,2,Farmer dominant | Lane bully | Early dominant,2.873767137527466,3.622206211090088,False,0.4615384615384615,13,0.1942080684954289,0.7620508338724171,-0.3356124475615755,0.0439224442323333
click,Click,LVP SL,2025,Winter,sup,LUA Gaming,0,0,High DPS | Versatile | High performer,3.4291436672210693,6.110452651977539,False,0.5,12,0.4897847346923848,-0.4142388941122003,0.5925299959104652,0.2241627690490898
closer,Closer,TCL,2025,Summer,jng,Misa Esports,0,0,High DPS | Farmer dominant | Lane bully | Early dominant | High performer,2.3613646030426025,0.3761085569858551,False,0.6956521739130435,23,-0.3399758168515279,0.6147525567271799,0.7421287816532541,0.9910725333248392
colden,Colden,LFL2,2024,unknown,sup,Klanik Esport,1,1,Profil neutre,6.122249126434326,2.8838348388671875,False,0.4444444444444444,9,-0.7023821733649449,-0.8708856617452659,-1.6676511257341275,-0.3435225775755469
coldraa,Coldraa,LFL,2024,Spring,bot,Team du Sud,0,0,Profil neutre,4.573126792907715,12.211160659790039,False,0.3333333333333333,18,-2.1688339944502117,-0.907127003348926,-1.3438081007711256,-0.8681277553688853
coldraa,Coldraa,LVP SL,2025,Winter,bot,Ramboot Club,2,2,Profil équilibré,6.710189342498779,10.006816864013672,False,0.5333333333333333,15,-0.1507017492366197,-0.1094356717990695,0.2122183883529408,0.3677559338624794
comp,Comp,LFL,2025,Flash In,bot,Gentle Mates,1,1,High DPS | Farmer dominant | Lane bully | Early dominant | High performer,9.703516006469727,9.31895637512207,False,0.5454545454545454,11,-0.5119956971294753,1.1579340302113168,0.664893708118878,0.3556264682677887
comp,Comp,LFL,2025,Spring,bot,Gentle Mates,2,2,Profil équilibré,8.203025817871094,9.269299507141113,False,0.4166666666666667,24,-1.0401744887501068,0.9242740476631084,-0.2200427048820501,-0.2796050932001252
comp,Comp,LFL,2025,Summer,bot,Gentle Mates,1,1,High DPS | Farmer dominant | Lane bully | Early dominant | High performer,10.100882530212402,8.032363891601562,False,0.6,35,0.4584764443350088,1.6302466587519144,1.4906670225557035,0.8029037162418636
comp,Comp,LFL,2026,unknown,bot,Joblife,1,1,High DPS | Farmer dominant | Lane bully | Early dominant | High performer,8.755390167236328,9.420992851257324,False,0.4285714285714285,28,-0.7256958141352073,1.1005167941305225,0.6289732511372148,-0.1360170063502283
congolese,Congolese,NLC,2025,Summer,mid,Ruddy Corporation,2,2,Profil neutre,3.601699113845825,2.7966434955596924,False,0.0,7,-2.303199931592817,-1.665258155540028,-1.200584655616562,-1.5445736288724206
cpm,CPM,LFL2,2025,Spring,top,Zerance,0,0,Profil neutre,4.491241455078125,4.217585563659668,False,0.4210526315789473,19,-2.120461562499288,-0.8184852863796198,-0.9563314545359014,-0.1758867041684749
cpm,CPM,LVP SL,2024,unknown,top,Veni Vidi Vici,2,2,Profil neutre,6.1700239181518555,5.277405261993408,False,0.7272727272727273,11,-0.7071067811865461,-0.707106781186556,-0.7071067811865475,0.7071067811865476
cpm,CPM,LVP SL,2025,Summer,top,ZETA,0,0,Profil neutre,3.4479522705078125,4.250961780548096,False,0.2222222222222222,9,-1.3861952093903214,-1.6535932929933834,-1.9307348786268,-1.0246278989913988
cpm,CPM,LVP SL,2025,Winter,top,Veni Vidi Vici,0,0,Profil neutre,4.450192928314209,5.364435195922852,False,0.55,20,-1.5047588905602731,-1.6725849699477222,-0.6999892156974031,0.4395525162691745
cpm,CPM,PRM,2026,Spring,top,ROSSMANN Centaurs,0,0,Profil neutre,3.3579790592193604,4.269874572753906,False,0.0,17,-2.2929997692065087,-1.4624374747628412,-1.685529513876009,-1.946098626953941
creal,Creal,TCL,2026,Spring,mid,Bushido Wildcats,2,2,Profil neutre,6.3259806632995605,2.626997947692871,False,0.5,8,-1.0822147661612618,-1.7078701813030688,-1.079832137300497,0.1233115850913163
creal,Creal,TCL,2026,Summer,mid,Team Phoenix,2,2,Profil neutre,6.002626419067383,2.6665823459625244,False,0.2307692307692307,13,-0.7135315251765839,-0.4790657595273283,-0.1491289148755039,-0.8032736224042569
croniik,CRoNiiK,LFL,2025,unknown,jng,Esprit Shōnen,0,0,High DPS | Farmer dominant | Lane bully | Early dominant | High performer,0.8535721302032471,0.5364919304847717,False,0.6666666666666666,9,0.7071067811865465,0.7071067811865488,-0.7071067811865476,0.707106781186548
croniik,CRoNiiK,LFL2,2024,Spring,jng,IziDream,0,0,High DPS | Farmer dominant | Lane bully | Early dominant | High performer,-0.02230900153517723,1.041604995727539,False,0.6666666666666666,6,1.2136335562606435,1.4444902715528758,1.185652106669732,0.7071067811865474
croniik,CRoNiiK,LFL2,2024,Summer,jng,IziDream,2,2,Profil neutre,2.501326084136963,1.165308952331543,False,0.5294117647058824,17,-0.9696025353210436,-0.4125302601854977,0.2665396836378517,0.2961283214143191
croniik,CRoNiiK,LFL2,2024,unknown,jng,IziDream,0,0,High DPS | Farmer dominant | Lane bully | Early dominant | High performer,1.3668543100357056,-0.9127843379974365,False,0.5714285714285714,21,0.6461466940810119,0.2343988617753321,-0.0908171604393024,0.2178231671779831
croniik,CRoNiiK,LFL2,2025,Spring,jng,Esprit Shōnen,0,0,High DPS | Farmer dominant | Lane bully | Early dominant | High performer,1.092293620109558,-0.2671285569667816,False,0.7272727272727273,22,-0.1982781321916316,0.381131801312336,0.4504875996230832,1.378465380681697
croniik,CRoNiiK,LFL2,2025,Summer,jng,Esprit Shōnen,0,0,High DPS | Farmer dominant | Lane bully | Early dominant | High performer,0.6206368207931519,0.0281636081635952,False,0.6666666666666666,21,0.9962771578193118,0.4423865627382202,-0.0157335941605966,1.4411486212114708
croniik,CRoNiiK,LFL2,2025,Winter,jng,Esprit Shōnen,0,0,High DPS | Farmer dominant | Lane bully | Early dominant | High performer,1.8905644416809082,0.6124684810638428,False,0.6666666666666666,24,-0.2689979620974174,0.304758882412403,0.6743109957642774,1.0715301033280775
crow,Crow,NLC,2024,unknown,sup,Ruzeh Esports,1,1,Profil neutre,4.778212070465088,3.6843020915985107,False,0.4,5,-0.258843977407825,-0.0018677755814247,0.0769046820204168,-0.7258337360432254
crownie,Crownie,NLC,2025,Spring,bot,Los Ratones,1,1,High DPS | Farmer dominant | Lane bully | Early dominant | High performer,10.653050422668457,7.942539691925049,True,0.9,20,0.305446180063139,1.746056240349919,1.3068786585187524,2.008420637975307
crownie,Crownie,NLC,2025,Summer,bot,Los Ratones,1,1,High DPS | Farmer dominant | Lane bully | Early dominant | High performer,11.111525535583496,7.655706882476807,True,0.9230769230769232,13,0.86347414861514,1.8133418969240327,1.0937476828768775,1.6640228488358126
crownie,Crownie,NLC,2025,Winter,bot,Los Ratones,1,1,High DPS | Farmer dominant | Lane bully | Early dominant | High performer,10.680868148803711,8.21781063079834,True,0.9333333333333332,15,-0.1982879628418022,2.5612444400287706,1.561834831750821,2.2009907196386846
cyclops,Cyclops,NLC,2026,Winter,top,La BOMBAS,0,0,Profil neutre,3.074084520339966,4.904356956481934,False,0.2222222222222222,9,-1.5935556188932578,-1.051851112709458,-1.046525675255731,-1.2526662601037306
czajek,Czajek,LFL,2024,Spring,mid,Vitality.Bee,1,1,Profil neutre,6.88704252243042,3.358154535293579,True,0.5416666666666666,24,-0.0624807928923838,-0.1964881520148241,0.1418591080921873,0.3808132396730009
czajek,Czajek,LFL,2024,Summer,mid,Vitality.Bee,1,1,Profil neutre,7.702869415283203,4.166280269622803,True,0.6,30,0.0439518560835217,-0.4314332347391619,-1.5397603941311797,0.613454733101779
czajek,Czajek,LFL,2026,unknown,mid,Vitality.Bee,0,0,High DPS | Farmer dominant | Lane bully | Early dominant,10.184056282043457,3.0821115970611572,False,0.4186046511627907,43,-0.0112965108211352,0.5898768516818467,0.5584748709513165,-0.0947560502282886
czekolad,Czekolad,LFL,2024,Spring,mid,BK ROG Esports,0,0,High DPS | Farmer dominant | Lane bully | Early dominant,10.180781364440918,1.2285349369049072,False,0.5454545454545454,22,2.046115936087111,-0.7261723526334523,1.22365702573733,0.4035212577646716
czekolad,Czekolad,LFL,2024,Summer,mid,BK ROG Esports,0,0,High DPS | Farmer dominant | Lane bully | Early dominant,10.142040252685547,1.455629825592041,False,0.5416666666666666,24,0.7255293808177025,-0.6071234069999845,0.6076250769155969,0.3545662745986381
czekolad,Czekolad,LFL,2026,unknown,mid,Joblife,1,1,Profil neutre,6.419005393981934,2.4803340435028076,False,0.4285714285714285,28,-1.187911355210672,0.01145386770061,-0.5496008946421398,-0.0405898499706591
czekolad,Czekolad,LVP SL,2025,Spring,mid,Barça eSports,1,1,Profil neutre,9.035082817077637,4.162830829620361,False,0.6451612903225806,31,0.7090095569059826,-0.7856577843314896,-0.0614158502198107,0.9470493292993752
czekolad,Czekolad,LVP SL,2025,Summer,mid,Barça eSports,2,2,Profil neutre,5.284212589263916,2.8790273666381836,False,0.2307692307692307,13,0.0366053326671404,-0.7673720031034523,-1.2717997835187893,-0.9864653867334082
czekolad,Czekolad,LVP SL,2025,Winter,mid,Barça eSports,0,0,High DPS | Farmer dominant | Lane bully | Early dominant,11.409320831298828,3.0022132396698,False,0.5172413793103449,29,1.377981724835647,0.4832712949336026,0.6436332177639562,0.2984350956767053
d1verse,D1verse,NLC,2025,Spring,mid,Rich Gang,2,2,Profil neutre,3.7822964191436768,3.0520830154418945,False,0.0,7,-2.1068385241431926,-0.6752646960016797,-2.0987255849177404,-1.922612523434352
d4nka,D4nKa,NLC,2025,Summer,jng,Verdant,0,0,High DPS | Farmer dominant | Lane bully | Early dominant | High performer,2.509587049484253,-0.3878433108329773,False,0.7142857142857143,21,1.1965265845622093,0.3641342203953764,0.4633223035936303,0.9778818149197954
d4nka,D4nKa,PRM,2024,Spring,jng,E WIE EINFACH E-SPORTS,1,1,Profil neutre,6.483710289001465,0.9168034195899963,False,0.5,18,0.730295049206293,-0.9191046487093356,-0.4304311056375707,0.0
d4nka,D4nKa,PRM,2024,Summer,jng,E WIE EINFACH E-SPORTS,1,1,Profil neutre,7.865240097045898,2.5141453742980957,False,0.3333333333333333,18,-0.353324499662234,-0.1539327447265923,-1.5876210668803894,-1.006230589874905
d4nka,D4nKa,PRM,2025,Spring,jng,Austrian Force willhaben,1,1,Profil neutre,7.240640640258789,1.3063386678695679,False,0.4210526315789473,19,-0.2173157322893149,-1.1735810238753115,-0.9904281272646874,-0.3834430431130024
d4nka,D4nKa,PRM,2025,Winter,jng,Austrian Force willhaben,2,2,Profil neutre,4.539528846740723,0.9015173316001892,False,0.5,16,-1.001072582444375,-0.4486956808027776,-0.4641698789726338,0.173031866273085
d4nka,D4nKa,PRM,2026,Spring,jng,Eintracht Frankfurt,2,2,Profil neutre,5.660257339477539,1.7737360000610352,False,0.2352941176470588,17,0.8555727845600116,-0.0388349360644486,-0.7272748415680779,-0.9995043854716044
d4nka,D4nKa,PRM,2026,Summer,jng,Eintracht Frankfurt,1,1,Profil neutre,7.964451789855957,0.8735500574111938,False,0.1578947368421052,19,-1.1344949772536554,-1.192454318410915,-1.382729958176062,-1.6969576749750932
d4nka,D4nKa,PRM,2026,Winter,jng,Eintracht Frankfurt,0,0,High DPS | Farmer dominant | Lane bully | Early dominant | High performer,4.1794538497924805,1.848016381263733,False,0.4444444444444444,9,0.3028476989918268,0.7495284802104463,-0.2162692972927733,-0.12880411764382
d4nka,D4nKa,PRM,2026,unknown,jng,Eintracht Frankfurt,2,2,Profil neutre,4.875414848327637,0.7779568433761597,False,0.4444444444444444,9,-0.7697964179389484,-0.4680596177635696,-0.4207582313505755,-0.2656844656620287
daglas,Daglas,LFL,2024,Summer,jng,Vitality.Bee,2,2,Profil neutre,2.6998467445373535,-0.7369059920310974,False,0.6,30,0.4141835707763857,0.559460207297418,0.3277834284989959,0.6130054391244865
daglas,Daglas,LVP SL,2025,Final Four,jng,Team Heretics Academy,0,0,High DPS | Farmer dominant | Lane bully | Early dominant | High performer,0.9387074112892151,0.0886118933558464,False,0.5,8,0.7071067811865487,0.7071067811865498,0.7071067811865476,-0.7071067811865475
daglas,Daglas,LVP SL,2025,Spring,jng,Team Heretics Academy,0,0,High DPS | Farmer dominant | Lane bully | Early dominant | High performer,1.4994977712631226,-0.3965575695037842,False,0.6190476190476191,21,0.6431702273317738,1.319547036904926,0.6301614786047901,0.8236717848618635
daglas,Daglas,LVP SL,2025,Summer,jng,Team Heretics Academy,0,0,High DPS | Farmer dominant | Lane bully | Early dominant | High performer,-0.03232917562127113,-0.7654240727424622,False,0.5652173913043478,23,0.2442395292871705,1.531511375818463,1.2936138933319463,0.5068503103183907
daglas,Daglas,LVP SL,2025,Winter,jng,Team Heretics Academy,0,0,High DPS | Farmer dominant | Lane bully | Early dominant | High performer,-0.3250870704650879,-0.8091000318527222,False,0.8,20,0.904782871513484,2.0365959680761505,1.3427173532853849,1.5165012523695969
dahvys,DahVys,LVP SL,2024,Spring,jng,ZETA,2,2,Profil neutre,5.748065948486328,2.8120675086975098,False,0.2,10,-0.3581097347409145,1.003997937724651,0.7582901544233317,-1.3016498483098724
dajor,Dajor,LFL,2024,Summer,mid,Team GO,1,1,Profil neutre,7.922476768493652,1.7819509506225586,False,0.5,28,-0.4400735832495898,1.107713796058911,-0.2644280055233146,0.1696459470963949
dajor,Dajor,LFL,2026,unknown,mid,Ici Japon Corp. Esport,0,0,High DPS | Farmer dominant | Lane bully | Early dominant,9.873682975769043,1.952242374420166,False,0.3870967741935484,31,0.6183221112332996,0.3014247633336346,0.1226299756760633,-0.2659911349136989
dajor,Dajor,PRM,2025,Finals,mid,Berlin International Gaming,1,1,Profil neutre,8.974664688110352,3.293562889099121,False,0.6666666666666666,9,1.4552905025594811,0.2545705043924451,-0.0360640763550443,1.433342430935249
dajor,Dajor,PRM,2025,Spring,mid,Berlin International Gaming,0,0,High DPS | Farmer dominant | Lane bully | Early dominant,12.489618301391602,1.694926142692566,False,0.6451612903225806,31,0.8979482954995792,0.8836527214039278,0.980636219066548,1.0778089157477946
dajor,Dajor,PRM,2025,Summer,mid,Berlin International Gaming,0,0,High DPS | Farmer dominant | Lane bully | Early dominant,12.50636100769043,1.5899161100387573,False,0.9,10,0.6096194994038812,0.4206832284533588,1.561158355124389,1.692102291609065
dajor,Dajor,PRM,2025,Winter,mid,Berlin International Gaming,0,0,High DPS | Farmer dominant | Lane bully | Early dominant,12.008561134338379,1.374127984046936,False,0.875,16,1.5837170920133032,1.2160941127570093,1.4055122383123413,2.263175482564492
dan,Dan,PRM,2024,unknown,jng,Spinebusters E-Sport,1,1,Profil neutre,7.670158863067627,1.790583610534668,False,0.5714285714285714,7,-1.1034793771897842,-1.1628859712624555,-1.3527056569156484,0.5714839981239185
dandom,Dandom,NLC,2025,Spring,jng,DMG Esports,2,2,Profil neutre,4.422989845275879,1.934227466583252,False,0.4,15,-1.4222083007439037,-0.1714030023920608,0.1813404951223899,-0.2025100587327596
dane,Dane,NLC,2026,Summer,jng,Sørby eSport,1,1,Profil neutre,8.708094596862793,1.5658247470855713,False,0.0,6,-2.0329265041701814,-0.4954163643083509,-1.2984847549322702,-1.993198420253366
daskhai,Daskhai,TCL,2026,Kickoff,mid,Team Phoenix,2,2,Profil neutre,5.7711639404296875,4.000248908996582,False,0.2,5,-0.1047893790736902,0.8760101365245891,-1.5302244745473914,-0.8154832117936958
dawciu,Dawciu,LFL,2026,unknown,jng,Vitality.Bee,1,1,Profil neutre,6.666851997375488,1.2189890146255493,False,0.4186046511627907,43,-0.835487821194783,-0.8067731692354204,-0.2964418369170828,-0.0189993578871742
deadhound,Deadhound,NLC,2024,Spring,bot,Venomcrest Esports,2,2,Profil équilibré,7.26303768157959,11.885635375976562,False,0.4705882352941176,17,-1.2312932862504602,-1.7004758009849177,0.1086088964193254,0.1212218875312276
deadly,Deadly,LFL,2024,unknown,bot,Ici Japon Corp. Esport,2,2,Profil équilibré,6.801391124725342,8.169807434082031,False,0.5454545454545454,11,0.7071067811865475,-0.7071067811865475,-0.7071067811865476,-0.7071067811865476
deadly,Deadly,LFL,2025,Flash In,bot,Joblife,2,2,Profil équilibré,5.1684064865112305,9.870367050170898,False,0.2,10,-0.7540667347752343,-0.1431392918853489,0.2525314439558788,-1.5176888267136377
deadly,Deadly,LFL,2025,Spring,bot,Joblife,2,2,Profil équilibré,6.978835582733154,10.430520057678223,False,0.4,15,0.1856518982664392,0.1262741784730219,0.6219659682426104,-0.3844730731951545
deadly,Deadly,LFL,2025,Summer,bot,Joblife,0,0,Profil neutre,5.729140758514404,12.187650680541992,False,0.391304347826087,23,-0.7308988429357367,-0.079117577403954,-1.0800855109390086,-0.5985269569561702
deadly,Deadly,LFL,2026,unknown,bot,Skillcamp,2,2,Profil équilibré,6.688539028167725,9.360835075378418,False,0.3478260869565217,23,0.0060780417711972,0.4707157021502051,0.5620657045646126,-0.5895892072079966
deadly,Deadly,LFL2,2024,Spring,bot,Ici Japon Corp. Esport,1,1,High DPS | Farmer dominant | Lane bully | Early dominant | High performer,9.15048885345459,7.98729133605957,False,0.6666666666666666,6,1.1746241624870144,0.5746425807565132,-0.1093115127172229,0.7071067811865474
deadly,Deadly,LFL2,2024,Summer,bot,Ici Japon Corp. Esport,1,1,High DPS | Farmer dominant | Lane bully | Early dominant | High performer,10.94929027557373,8.46169662475586,False,0.8333333333333334,18,0.8749444934114265,1.1657230817603337,0.903639686182457,1.7183903615480125
deadly,Deadly,LFL2,2024,unknown,bot,Ici Japon Corp. Esport,1,1,High DPS | Farmer dominant | Lane bully | Early dominant | High performer,10.29113483428955,7.421618938446045,False,0.8181818181818182,22,0.3574599481417824,0.71353912535814,0.3899294410175203,1.5688785564314558
decay,Decay,LFL,2024,Spring,mid,Solary,0,0,High DPS | Farmer dominant | Lane bully | Early dominant,9.786632537841797,0.22067520022392273,False,0.4444444444444444,18,0.7301136404200402,1.555652941992045,0.4859147899047764,-0.202025891346546
decay,Decay,LFL,2024,Summer,mid,Solary,1,1,Profil neutre,6.3104166984558105,4.003653526306152,False,0.4444444444444444,18,0.0061173226482173,1.2340375331160678,-0.0681772294049218,-0.076914489573263
decay,Decay,LFL,2025,Flash In,mid,Solary,1,1,Profil neutre,9.857893943786621,3.8558545112609863,False,0.4761904761904761,21,-0.5597601196379383,-0.5039733221878069,0.7738469050165402,-0.0199755958888882
decay,Decay,LFL,2025,Spring,mid,Solary,0,0,High DPS | Farmer dominant | Lane bully | Early dominant,9.821273803710938,-0.005674424115568399,False,0.5263157894736842,19,0.8377900009464757,0.850537007515509,0.4556964576135743,0.4103158278198043
decay,Decay,LFL,2025,Summer,mid,Solary,0,0,High DPS | Farmer dominant | Lane bully | Early dominant,10.476919174194336,1.0577760934829712,False,0.4545454545454545,22,0.898369726559095,0.1208432444954238,1.140686536663846,-0.1738509953810086
dehaste,Dehaste,NLC,2025,Summer,mid,Rich Gang,1,1,Profil neutre,8.154597282409668,3.1713807582855225,False,0.5333333333333333,15,0.9467073748114369,0.0619198310952874,0.0338244354034464,0.3434727169252449
deimos,Deimos,LFL2,2024,Spring,top,Lille Esport,2,2,Profil neutre,9.29697036743164,5.333988666534424,False,0.6666666666666666,6,-0.0179452859110575,-1.367668870611808,0.0192927654066403,0.7071067811865474
deimos,Deimos,LFL2,2024,Summer,top,Lille Esport,2,2,Profil neutre,5.42156457901001,6.150955677032471,False,0.3333333333333333,18,-0.3659009569726599,-2.0459899581077674,-0.7998567078765777,-0.836731888958412
dekap,Dekap,LFL,2025,Summer,sup,Vitality.Bee,0,0,High DPS | Versatile | High performer,2.1295487880706787,5.8989081382751465,False,0.5142857142857142,35,0.3310358751484895,0.5713550513088186,0.0981166843975264,0.2273161183212419
dekap,Dekap,LFL,2026,unknown,sup,Vitality.Bee,2,2,Farmer dominant | Lane bully | Early dominant,1.5398143529891968,3.6654951572418213,False,0.4186046511627907,43,-0.4090733752910396,0.6548275180975192,0.3355251736365187,-0.1926156769025005
deletus,Deletus,PRM,2025,Spring,jng,Austrian Force willhaben,1,1,Profil neutre,8.250165939331055,1.4414818286895752,False,0.2,5,-1.16338743741203,-0.7753707694580508,-1.6436906557711248,-1.8091493315789515
denizzz,denizzz,PRM,2025,Finals,jng,Austrian Force willhaben,1,1,Profil neutre,5.318172454833984,2.348659038543701,False,0.4,5,-0.4572485669069521,-1.4733454531070298,0.8411285021531546,-0.8846285939907663
denizzz,denizzz,PRM,2025,Summer,jng,Austrian Force willhaben,2,2,Profil neutre,5.51051664352417,0.7585504055023193,False,0.3846153846153846,13,0.0585157554580082,-1.111650076220783,0.2026146688767345,-0.4942048900281232
densi,Densi,PRM,2024,Spring,jng,Berlin International Gaming,2,2,Profil neutre,5.100389003753662,0.01505135465413332,False,0.2777777777777778,18,0.6996131314686589,-0.28575521540911,0.2746963143197483,-0.9486832980505135
densi,Densi,PRM,2024,Summer,jng,Berlin International Gaming,1,1,Profil neutre,7.67735481262207,1.299511194229126,False,0.4444444444444444,18,-0.4713019473106221,-1.4925632559519162,-1.0452820895945938,-0.3354101966249685
densi,Densi,PRM,2026,Spring,jng,Kaufland Hangry Knights,2,2,Profil neutre,5.2194743156433105,0.9772998690605164,False,0.4642857142857143,28,-0.5163288361118694,-0.9869867984093716,0.1924740552598896,0.0033635103017015
densi,Densi,PRM,2026,Summer,jng,Kaufland Hangry Knights,1,1,Profil neutre,6.27995491027832,3.0106821060180664,False,0.45,20,-1.0000490658801922,-0.7786062802767107,-0.5821502754451101,-0.2354572995419772
densygekamel69,DenSygeKamel69,NLC,2025,unknown,jng,Bitfix Gaming,2,2,Profil neutre,6.182958602905273,2.409306764602661,False,0.3333333333333333,6,-0.6535792718487494,1.8338788299887776,0.4848845571226896,-1.3803772231216966
denvoksne,DenVoksne,LVP SL,2024,Spring,bot,Case Esports,1,1,High DPS | Farmer dominant | Lane bully | Early dominant | High performer,10.267364501953125,8.032572746276855,False,0.6296296296296297,27,-0.2598626241880173,1.5148413950949935,0.485426794434256,0.9272960953570408
denvoksne,DenVoksne,PRM,2025,Finals,bot,Unicorns of Love Sexy Edition,2,2,Profil équilibré,8.406815528869629,9.34692668914795,False,0.5,14,-0.086936967562894,0.5252709712454078,-0.2934297237443035,-0.0153894596435096
denvoksne,DenVoksne,PRM,2025,Spring,bot,Unicorns of Love Sexy Edition,2,2,Profil équilibré,7.068570613861084,9.658673286437988,False,0.4545454545454545,22,0.7843902754386456,0.9576176205789872,-0.1891231865335435,-0.3593825847011814
denvoksne,DenVoksne,PRM,2025,Summer,bot,Unicorns of Love Sexy Edition,1,1,High DPS | Farmer dominant | Lane bully | Early dominant | High performer,10.928045272827148,9.197047233581543,False,0.5555555555555556,9,-0.053570230666376,1.3397660908368096,0.7961956523884548,0.2761955765769924
denvoksne,DenVoksne,PRM,2025,Winter,bot,Unicorns of Love Sexy Edition,2,2,Profil équilibré,6.845023155212402,10.66202163696289,False,0.2222222222222222,9,-0.0831667373618114,0.8354353750622917,0.5585417372732631,-1.3727641527842729
denvoksne,DenVoksne,PRM,2026,Spring,bot,Unicorns of Love Sexy Edition,2,2,Profil équilibré,7.990959644317627,8.071735382080078,False,0.4857142857142857,35,0.7371876598764739,1.241303918648688,0.0076081272276167,0.2401995190775465
denvoksne,DenVoksne,PRM,2026,Summer,bot,Unicorns of Love Sexy Edition,1,1,High DPS | Farmer dominant | Lane bully | Early dominant | High performer,8.2786283493042,8.153738021850586,False,0.7368421052631579,19,1.1385080887497796,0.9057589547841364,-0.2189342578973953,1.2120868521622203
denvoksne,DenVoksne,PRM,2026,Winter,bot,Unicorns of Love Sexy Edition,1,1,High DPS | Farmer dominant | Lane bully | Early dominant | High performer,8.480181694030762,8.096985816955566,False,0.6,15,1.0772748117318374,0.9829882542437024,-0.0054634945587962,0.7630917156189817
derakhil,Derakhil,TCL,2024,unknown,jng,NONAME,2,2,Profil neutre,2.3602540493011475,1.208942174911499,False,0.5833333333333334,12,-0.5273239478473519,0.1852503991873256,-0.4523294901220077,0.3063568137783823
destroy,Destroy,TCL,2025,Winter,top,Bushido Wildcats,0,0,Profil neutre,3.5861361026763916,5.578226089477539,False,0.5,16,-1.7189291046031596,-0.7746516941918079,-1.4203704323554982,0.1836738891328708
devn,Devn,NLC,2025,Summer,bot,Verdant,1,1,High DPS | Farmer dominant | Lane bully | Early dominant | High performer,9.127302169799805,7.183867454528809,False,0.7142857142857143,21,0.8226854851865293,0.3665647796742918,0.0827693107838121,0.9847568884129866
devn,Devn,PRM,2026,Spring,bot,ROSSMANN Centaurs,0,0,Profil neutre,4.385635852813721,12.785479545593262,False,0.0,17,-1.5450382717452065,0.2385618315088159,-2.107849733169928,-1.7490696676350304
devn,Devn,PRM,2026,Summer,bot,Eintracht Frankfurt,0,0,Profil neutre,3.9281117916107178,11.790284156799316,False,0.1578947368421052,19,-1.5272833969416024,-1.0563680102798745,-2.331106660609109,-1.6826948970475215
dibu,dibu,NLC,2026,Spring,jng,Arctic Pandas,2,2,Profil neutre,2.8979604244232178,0.9891348481178284,False,0.5,12,-0.180066876990674,-0.3173685737356911,0.5541154695434738,0.1327371545247316
dibu,dibu,NLC,2026,Summer,jng,Arctic Pandas,0,0,High DPS | Farmer dominant | Lane bully | Early dominant | High performer,1.1890668869018555,-0.4899549186229706,False,0.5263157894736842,19,0.1780248749426973,0.7371754875083288,0.8766777822149661,0.2851112368641084
dibu,dibu,NLC,2026,Winter,jng,Arctic Pandas,0,0,High DPS | Farmer dominant | Lane bully | Early dominant | High performer,2.435420274734497,-0.3623412549495697,False,0.7333333333333333,15,0.4310363877471656,0.0201579359016196,0.5747915216961568,1.1214324217350518
dice,DICE,TCL,2024,Winter,mid,Misa Esports,0,0,High DPS | Farmer dominant | Lane bully | Early dominant,9.168790817260742,0.4336697459220886,False,0.3888888888888889,18,0.5168535579699536,0.4205866815775493,-0.0313321689214852,-0.3012381215315501
difference,Difference,LFL2,2024,Summer,top,Akroma,1,1,Carry agressif | High DPS | Farmer dominant | Lane bully | Early dominant,10.863032341003418,8.858774185180664,False,0.3888888888888889,18,1.4483156320502395,1.6130152877519606,1.5678260659709575,-0.5605291294964118
difference,Difference,PRM,2024,Spring,top,Eintracht Frankfurt,2,2,Profil neutre,6.3076090812683105,5.339144706726074,False,0.3333333333333333,18,-0.4655944000548448,-0.5068417678827335,-0.2753706051954299,-0.7234984822877506
dionelux,Dionelux,LFL2,2025,Spring,top,Project Conquerors,0,0,Profil neutre,4.5536909103393555,6.5709381103515625,False,0.5,20,-0.255535145197907,-1.3842302993821498,-1.1834377433807632,0.2365794795599745
dionelux,Dionelux,LFL2,2025,Summer,top,Project Conquerors,2,2,Profil neutre,6.459339141845703,6.327731609344482,False,0.55,20,-0.4083748385209796,-0.7603303101986042,-0.4214632327579504,0.5414420097491487
dionelux,Dionelux,TCL,2024,unknown,top,Lynch Esports,2,2,Profil neutre,7.466214179992676,6.095695972442627,False,0.0,6,-0.0412752682530208,0.55779978184878,-0.538715380253333,-1.3957888330889154
dionelux,Dionelux,TCL,2026,Kickoff,top,SU Esports,2,2,Profil neutre,5.970937728881836,7.6485371589660645,False,0.45,20,-0.4855359534910857,-0.3720801299454715,-0.2994351936890288,0.0521686780704411
dionelux,Dionelux,TCL,2026,Spring,top,BoostGate Esports,1,1,Carry agressif | High DPS | Farmer dominant | Lane bully | Early dominant,8.821537971496582,7.021881103515625,False,0.3809523809523809,21,0.3543605534319151,0.316820728122656,0.4823872020843135,-0.3945793343551156
diplex,Diplex,LFL,2025,Flash In,mid,Joblife,0,0,High DPS | Farmer dominant | Lane bully | Early dominant,9.676494598388672,0.814578115940094,False,0.2,10,0.6705417784039746,0.1098226217689242,0.175651201846744,-1.5176888267136377
diplex,Diplex,LFL,2025,Spring,mid,Joblife,1,1,Profil neutre,8.637828826904297,1.135330319404602,False,0.4,15,-0.065919346602402,-0.4648580817513814,-0.1074191081469257,-0.3844730731951545
diplex,Diplex,LFL,2025,Summer,mid,Joblife,2,2,Profil neutre,5.334511756896973,2.2999002933502197,False,0.391304347826087,23,-0.7857478582903772,-1.524828371274771,-0.331715139623467,-0.5985269569561702
diplex,Diplex,PRM,2024,Spring,mid,SK Gaming Prime,0,0,High DPS | Farmer dominant | Lane bully | Early dominant,12.153406143188477,1.0911933183670044,False,0.7222222222222222,18,0.3682669788476072,0.7430756864321987,1.0945080387319974,0.9486832980505138
diplex,Diplex,PRM,2024,Summer,mid,SK Gaming Prime,0,0,High DPS | Farmer dominant | Lane bully | Early dominant,10.023478507995605,3.5842125415802,False,0.6666666666666666,18,-0.6063905323283512,0.568743680881731,0.4996239303743837,1.0062305898749058
diplex,Diplex,PRM,2024,unknown,mid,SK Gaming Prime,1,1,Profil neutre,7.29734468460083,1.2243515253067017,False,0.3125,16,-1.0534861403146345,0.6545016628542217,-0.5522317247248122,-1.1030726038497196
diplex,Diplex,PRM,2026,unknown,mid,All for One Gaming,0,0,High DPS | Farmer dominant | Lane bully | Early dominant,11.178605079650879,1.779455304145813,False,0.5555555555555556,9,0.6146349669171307,0.7423500657153405,1.2097432083868598,0.2656844656620287
dispel,dispel,TCL,2024,Summer,sup,NASR eSports Turkey,0,0,High DPS | Versatile | High performer,2.2368390560150146,7.096102714538574,False,0.2857142857142857,14,2.250253969091195,0.18570156777322,1.1816495630435675,-0.765058705564379
dizl,DizL,PRM,2024,Spring,bot,Eintracht Frankfurt,0,0,Profil neutre,4.600944995880127,10.66813850402832,False,0.3333333333333333,18,-0.7866043079760625,-1.0971791810193272,-0.6035473233890385,-0.7115124735378859
dizl,DizL,PRM,2024,Summer,bot,Eintracht Frankfurt,2,2,Profil équilibré,5.228062629699707,10.370431900024414,False,0.3333333333333333,18,-0.5938104987908139,0.2594197977651736,-0.6603506981380346,-1.0062305898749055
dizl,DizL,PRM,2026,unknown,bot,VfB eSports,2,2,Profil équilibré,6.644687652587891,9.630467414855957,False,0.25,8,0.2069773530877529,1.4812874913373748,-0.672109689098436,-1.1955800954791285
djoko,Djoko,LFL2,2024,Spring,jng,MHSC Esport,2,2,Profil neutre,3.7495007514953613,1.1573491096496582,False,0.6666666666666666,6,-0.4222036489015502,-0.2688780314057222,0.8131577076543951,0.7071067811865474
djoko,Djoko,LFL2,2024,Summer,jng,MHSC Esport,0,0,High DPS | Farmer dominant | Lane bully | Early dominant | High performer,-0.6902223229408264,-0.9750556349754333,False,0.7647058823529411,17,1.930696536528274,1.8908205430239535,1.8167333709756743,1.4157796508480829
djoko,Djoko,LFL2,2024,unknown,jng,MHSC Esport,2,2,Profil neutre,5.7024383544921875,1.3323695659637451,False,0.4117647058823529,17,0.9524254060075944,-0.2371962129044928,0.1452018219299896,-0.6563891435154396
dndn,DnDn,TCL,2025,Spring,top,Eternal Fire,2,2,Profil neutre,7.467769145965576,4.717537879943848,True,0.2142857142857142,14,0.0244108901451158,0.6499363261945632,0.4333488633825547,-1.587702019216277
dndn,DnDn,TCL,2025,Winter,top,Eternal Fire,1,1,Carry agressif | High DPS | Farmer dominant | Lane bully | Early dominant,9.512091636657715,6.9884185791015625,True,0.7272727272727273,22,0.332554505212399,1.1470723279680113,0.2360260122994508,1.3380721448210822
dndn,DnDn,TCL,2026,Kickoff,top,S2G Esports,1,1,Carry agressif | High DPS | Farmer dominant | Lane bully | Early dominant,9.853971481323242,7.363884449005127,False,0.6,20,-0.1276639369028668,1.3740763869963906,0.7358789172291789,0.5727598119889231
dome,Dome,PRM,2026,Winter,jng,A One Man Army Prime,1,1,Profil neutre,8.950542449951172,2.1450884342193604,False,0.1666666666666666,6,-1.8533484662227968,-1.8980654810932536,-1.6703097565795253,-1.7214752484702525
don ponk,Don Ponk,NLC,2025,Summer,sup,Lundqvist Lightside,1,1,Profil neutre,4.830073833465576,4.840068817138672,False,0.6,10,0.9573894745522772,0.0587080628979026,-0.8729467912471719,0.5225986172096128
don ponk,Don Ponk,NLC,2025,unknown,sup,Lund Esports Organization,0,0,High DPS | Versatile | High performer,4.634767532348633,7.2321457862854,False,0.7647058823529411,17,0.277559059824587,-1.3867243765673627,-1.282743583239933,1.571200672911569
don ponk,Don Ponk,NLC,2026,Winter,sup,Lund Esports Organization,1,1,Profil neutre,5.152595520019531,4.886962413787842,False,0.625,8,-0.397809739169603,-0.630553556152759,-0.4688411304384233,0.5703125496125101
donjake,DonJake,NLC,2025,Summer,jng,Ruddy Corporation,1,1,Profil neutre,6.902016639709473,1.2941468954086304,False,0.0,7,-1.272475452760702,-0.8571839847905691,0.1995851093551857,-1.5391884937540663
dopaminw,Dopaminw,NLC,2024,Summer,jng,Verdant,2,2,Profil neutre,4.907125473022461,1.635423183441162,False,0.2857142857142857,14,-0.1443973992590121,-0.3371073503584771,-0.2257895777081133,-0.7523572011969152
doss,Doss,LFL,2025,Flash In,sup,BK ROG Esports,0,0,High DPS | Versatile | High performer,4.439070701599121,6.747801780700684,False,0.5833333333333334,12,0.3924250297479728,-1.397916280087189,0.4313731839042338,0.5610338471034718
doss,Doss,LFL,2025,Spring,sup,BK ROG Esports,1,1,Profil neutre,3.327716112136841,5.166574954986572,False,0.6764705882352942,34,-1.0736827365135888,-0.1604118451059978,-0.5080806058538775,1.3551016537812144
doss,Doss,LFL,2025,Summer,sup,BK ROG Esports,2,2,Farmer dominant | Lane bully | Early dominant,1.557970404624939,3.4969160556793213,False,0.4137931034482758,29,-0.2718225264654975,1.0614828424529283,0.6641804890062409,-0.4475107206201757
doss,Doss,LFL,2026,unknown,sup,BK ROG Esports,2,2,Farmer dominant | Lane bully | Early dominant,2.9898319244384766,2.2320685386657715,False,0.5,12,-1.7121346117495873,1.0096273780847296,-0.0744620852202983,0.2545382667711637
doss,Doss,PRM,2024,Summer,sup,SK Gaming Prime,2,2,Farmer dominant | Lane bully | Early dominant,3.181065320968628,4.370763778686523,False,0.6666666666666666,18,-0.5061051136812278,-0.3520337220123248,0.4283618870849617,1.0459841491326176
doss,Doss,PRM,2024,unknown,sup,SK Gaming Prime,1,1,Profil neutre,3.6283483505249023,3.5523509979248047,False,0.1428571428571428,7,-1.006897186668776,-0.916715218937064,0.2852157431035446,-1.89529584799872
doss,Doss,PRM,2026,Spring,sup,Kaufland Hangry Knights,1,1,Profil neutre,5.103464603424072,5.021439552307129,False,0.5833333333333334,12,-2.0765023975054326,-1.2750895073048834,-1.2274336754018071,0.6070350875740375
doss,Doss,PRM,2026,Summer,sup,Kaufland Hangry Knights,1,1,Profil neutre,3.155043363571167,2.2214953899383545,False,0.45,20,-0.8285002683217344,-0.6920706472595157,-0.1216029338068915,-0.2354572995419766
dovendyr,Dovendyr,NLC,2025,unknown,sup,Fortress Esports,2,2,Farmer dominant | Lane bully | Early dominant,3.0261576175689697,3.3095216751098633,False,0.5,12,-1.458494216615862,0.8393955833174052,-0.6683241993497246,-0.2985435166942651
dovendyr,Dovendyr,NLC,2026,Summer,sup,Lund Esports Organization,1,1,Profil neutre,5.894305229187012,5.251778602600098,False,0.4615384615384615,13,-2.078263022570081,-0.6150996700223178,-1.515942273250043,0.002278348181214
doxy,Doxy,NLC,2024,Spring,top,Verdant,1,1,Carry agressif | High DPS | Farmer dominant | Lane bully | Early dominant,9.949864387512207,6.599625110626221,False,0.5,14,0.5544704278926295,0.5340903862988082,0.6729847164449706,0.1911376023805221
doxy,Doxy,NLC,2025,Spring,top,Venomcrest Esports,2,2,Profil neutre,6.334301471710205,5.521577835083008,False,0.3846153846153846,13,-0.1078295180461018,-1.113841521637519,-0.2106033049339041,-0.297989203992284
drali,Drali,LFL,2026,unknown,top,Caldya Esport,0,0,Profil neutre,3.3918731212615967,4.386083602905273,False,0.0,5,-2.3707074510478665,0.4291237120419256,-2.498351220362104,-2.12464244243297
drali,Drali,LFL2,2025,unknown,top,Kaeru Gyuangu,2,2,Profil neutre,6.817753791809082,7.2004170417785645,False,0.4666666666666667,15,-0.2566283316916643,0.3299684108241292,-0.3866442477792763,-0.2182178902359927
drchaos,DrChaos,NLC,2024,Spring,sup,Lundqvist Lightside,2,2,Farmer dominant | Lane bully | Early dominant,1.7140390872955322,3.8745200634002686,False,0.3846153846153846,13,0.2120913444533428,0.4895559310311196,0.9916364499504422,-0.3435573939395567
dream,Dream,NLC,2025,Summer,bot,Bulldog Esports,2,2,Profil équilibré,4.092772483825684,9.948771476745605,False,0.3,10,0.9611109210605192,-0.3875740057987489,-1.4558442296720513,-0.3630497804259892
dreilix,Dreilix,PRM,2024,Spring,bot,MOUZ NXT,0,0,Profil neutre,4.87747049331665,11.66529655456543,False,0.0,18,0.1077274015191127,-0.1277655808376794,-1.4729385153175385,-2.1345374206136567
dreilix,Dreilix,PRM,2024,Summer,bot,MOUZ NXT,0,0,Profil neutre,4.722741603851318,11.659855842590332,False,0.2222222222222222,18,-0.4331916168193553,-1.2141594564043736,-1.4217380143050815,-1.6770509831248424
dreilix,Dreilix,PRM,2024,unknown,bot,MOUZ NXT,0,0,Profil neutre,4.871459484100342,12.330342292785645,False,0.25,8,-1.6127589964461757,-1.0848358877415754,-0.7891013352473292,-1.5072759215674945
drututt,Drututt,NLC,2026,Winter,top,4 Swines & A Bum,2,2,Profil neutre,8.22933292388916,5.209658145904541,False,0.1428571428571428,7,0.7595999081345565,1.4087863037907256,-0.6707545921779692,-1.5972260504745612
duall,DuaLL,LVP SL,2024,Summer,sup,LUA Gaming,2,2,Farmer dominant | Lane bully | Early dominant,0.914741575717926,4.278878211975098,False,0.3888888888888889,18,2.484485232878037,2.3107889548014864,0.9467702508113937,-0.4442417490008229
ducks,Ducks,NLC,2024,Spring,sup,DMG Esports,1,1,Profil neutre,6.682062149047852,3.6183884143829346,False,0.2857142857142857,7,-0.259473675552239,-0.5310795600426331,-2.221335265771501,-0.9160963522525322
eckas,Eckas,LFL,2024,Spring,jng,Solary,2,2,Profil neutre,5.107232570648193,2.120201826095581,False,0.4444444444444444,18,-0.674845751561051,-0.1807406296184996,-0.0825582444738124,-0.2020258913465466
eckas,Eckas,LFL,2024,Summer,jng,Solary,1,1,Profil neutre,7.86092472076416,1.6560297012329102,False,0.4444444444444444,18,-1.4321553709692385,-1.1245839105426052,-1.391011212799751,-0.0982998044712588
eckas,Eckas,LVP SL,2025,Spring,jng,Movistar KOI Fénix,0,0,High DPS | Farmer dominant | Lane bully | Early dominant | High performer,1.453176736831665,0.7941818237304688,False,0.3076923076923077,13,1.1386192732379417,-0.1364861756231463,0.9469023132061584,-0.647368168046925
eckas,Eckas,LVP SL,2025,Winter,jng,Movistar KOI Fénix,2,2,Profil neutre,3.7363572120666504,0.03103269264101982,False,0.5333333333333333,15,0.3783468509967509,-0.4850632230431644,0.3976113630442093,0.3677559338624794
ecstassy,ECSTASSY,LVP SL,2025,Winter,bot,Guasones,0,0,Profil neutre,4.779508590698242,11.862835884094238,False,0.1111111111111111,9,-0.8298676889868271,-1.2225511010790036,-0.5431707325260697,-1.4510908204404565
ecstassy,ECSTASSY,NLC,2024,Summer,bot,NORD Esports,1,1,High DPS | Farmer dominant | Lane bully | Early dominant | High performer,9.778361320495605,8.545945167541504,False,0.5909090909090909,22,-0.0866913571965208,0.370434912450653,0.6201240228775582,0.6456361136539837
edvard,Edvard,NLC,2024,Spring,sup,Ruddy Corporation,1,1,Profil neutre,2.9296040534973145,2.0701146125793457,False,0.3333333333333333,6,-0.4554107482381382,-0.8488306310531881,-1.0936809373646936,-0.6404294463981367
efias,Efias,PRM,2025,Winter,sup,Dung Dynasty,2,2,Farmer dominant | Lane bully | Early dominant,3.2785472869873047,2.7950029373168945,False,0.4615384615384615,13,0.007510839028087,0.4987961502732754,-1.2065006388395365,-0.0410014286733188
egetz,Egetz,NLC,2024,Summer,sup,BlueWhites,1,1,Profil neutre,4.584900379180908,5.863030910491943,False,0.0909090909090909,11,0.4978901715791605,-0.5861900365787074,-1.2779793298400255,-1.7156287899337637
egetz,Egetz,NLC,2024,unknown,sup,BlueWhites,2,2,Farmer dominant | Lane bully | Early dominant,0.9501017928123474,4.180662631988525,False,0.4,25,2.0940555415627533,2.557958302121571,0.9021513460996712,-0.7258337360432254
eika,Eika,LFL,2024,Spring,mid,Gentle Mates,1,1,Profil neutre,7.218984127044678,1.8941739797592163,False,0.5172413793103449,29,-0.5464753498649458,-0.3156828038030398,-0.4914720020622885,0.234385674737056
eika,Eika,LFL,2025,Flash In,mid,Gentle Mates,1,1,Profil neutre,5.327290058135986,1.4895602464675903,False,0.5454545454545454,11,-1.4224696640291696,-0.2380445684086496,-1.6474026249441551,0.3556264682677887
eika,Eika,LFL,2025,Spring,mid,Gentle Mates,2,2,Profil neutre,5.654207229614258,1.044369101524353,False,0.4166666666666667,24,-1.82962464196104,0.4771948333680504,-1.4524363324324097,-0.2796050932001252
eika,Eika,LFL,2025,Summer,mid,Gentle Mates,2,2,Profil neutre,5.40764856338501,1.0931423902511597,False,0.6,35,-1.6707943489279178,-1.141762738254242,-1.340589878982393,0.8029037162418636
elijah,Elijah,NLC,2024,Summer,top,Lundqvist Lightside,1,1,Carry agressif | High DPS | Farmer dominant | Lane bully | Early dominant,10.277905464172363,6.823310852050781,False,0.5,14,-0.0449389892455476,1.4244000875227074,1.0440772730501384,0.1803896659803729
elijah,Elijah,NLC,2025,Spring,top,Lundqvist Lightside,1,1,Carry agressif | High DPS | Farmer dominant | Lane bully | Early dominant,9.376672744750977,6.893167495727539,False,0.375,8,1.2098148135991655,0.990079768998651,0.923328019212051,-0.3388696697229832
elijah,Elijah,NLC,2025,Winter,top,Venomcrest Esports,2,2,Profil neutre,7.799921989440918,5.480927467346191,False,0.3333333333333333,6,0.0917142021448095,1.0750034181545591,-0.0737276633989074,-0.7211972033204771
elijah,Elijah,NLC,2026,Winter,top,Lundqvist Lightside,1,1,Carry agressif | High DPS | Farmer dominant | Lane bully | Early dominant,10.218936920166016,6.177913188934326,False,0.4285714285714285,7,0.4820719623016669,0.2242011460491627,1.6846892123905128,-0.3568108051395711
ellam,Ellam,TCL,2026,Summer,mid,Shark Attack,2,2,Profil neutre,4.5448689460754395,2.253863573074341,False,0.2222222222222222,9,-0.4722339731855502,-1.6057291861967715,-1.626310976811094,-0.8365815346337542
eloha,Eloha,TCL,2024,unknown,top,NONAME,1,1,Carry agressif | High DPS | Farmer dominant | Lane bully | Early dominant,8.457484245300293,8.265034675598145,False,0.5833333333333334,12,0.3661243032108759,0.4054134330387433,0.4969650077380058,0.2229958490733771
elojoninja,ElOjoNinja,LVP SL,2025,Winter,jng,ZETA,1,1,Profil neutre,8.901933670043945,1.8794468641281128,False,0.0,9,-1.4243652678365215,-1.1308238790068543,-2.3810810013035044,-1.929734703151755
elramir,Elramir,TCL,2026,Kickoff,jng,Bushido Wildcats,2,2,Profil neutre,2.742156505584717,1.5428786277770996,False,0.631578947368421,19,0.1574856961578704,-0.0765172305176812,0.4799185535526174,0.6897366821953216
emil2,Emil2,NLC,2026,Summer,mid,Absolved,1,1,Profil neutre,6.843838214874268,1.1544582843780518,False,0.4,10,-0.2761796442334182,-0.4930030142256529,-0.6215968635132854,-0.1720883573088184
emp,Emp,NLC,2024,Spring,jng,Lundqvist Lightside,2,2,Profil neutre,1.3011466264724731,1.3488719463348389,False,0.3846153846153846,13,1.0475484606175338,1.0185405872734012,-0.5051466184197656,-0.614814049181518
empyros,Empyros,LFL,2025,Flash In,top,Gentle Mates,2,2,Profil neutre,6.9186553955078125,6.863454818725586,True,0.5454545454545454,11,-0.6196199084369007,1.5855790309524618,-0.9925783374550702,0.3556264682677883
empyros,Empyros,LFL,2025,Spring,top,Gentle Mates,2,2,Profil neutre,6.789069652557373,7.115503787994385,True,0.4166666666666667,24,-0.8991280115130484,1.032669701830167,-0.502947176095033,-0.2796050932001252
empyros,Empyros,LFL,2025,Summer,top,Gentle Mates,1,1,Carry agressif | High DPS | Farmer dominant | Lane bully | Early dominant,9.422807693481445,7.718118667602539,True,0.6,35,-0.1310944851201526,1.1168969542024738,0.6092887419332542,0.8029037162418633
enjawve,Enjawve,LFL2,2024,Spring,sup,Joblife,0,0,High DPS | Versatile | High performer,1.5865238904953003,5.324847221374512,False,0.6666666666666666,6,0.8604750528665257,0.4804395511521049,1.6090620531511397,0.7071067811865474
enjawve,Enjawve,LFL2,2024,unknown,sup,Joblife,0,0,High DPS | Versatile | High performer,2.991179943084717,6.626168727874756,False,0.1428571428571428,7,1.2111541621431638,-0.939687566042964,0.1841554257702999,-1.8871001367594131
enjawve,Enjawve,LFL2,2025,Spring,sup,Lille Esport,0,0,High DPS | Versatile | High performer,1.1510109901428223,7.230724811553955,False,0.3076923076923077,13,1.507307192970634,-0.7209283045743009,1.3435955260373165,-0.7396337761429697
enjawve,Enjawve,LFL2,2025,Summer,sup,Lille Esport,0,0,High DPS | Versatile | High performer,3.2057242393493652,6.05692720413208,False,0.5384615384615384,13,0.7626114150649685,-0.9947754835968768,0.3013979763211898,0.1940342727735467
enjawve,Enjawve,LFL2,2025,Winter,sup,Lille Esport,2,2,Farmer dominant | Lane bully | Early dominant,1.7424894571304321,2.981929302215576,False,0.3571428571428571,14,0.3383215705553724,2.005876642623731,0.0288710673317016,-0.5045561469042072
envy carry,Envy Carry,LFL2,2024,Summer,mid,Project Conquerors,2,2,Profil neutre,3.5935497283935547,2.4206581115722656,False,0.4444444444444444,18,-1.371710140795554,-1.866181532755442,-2.104363104721766,-0.2843263700344119
erdote,Erdote,LFL,2025,Flash In,sup,Gentle Mates,1,1,Profil neutre,5.0177106857299805,3.1829493045806885,False,0.5454545454545454,11,-1.1433051311646012,0.3442857942738638,-1.7904114352542655,0.3556264682677887
erdote,Erdote,LFL,2025,Spring,sup,Gentle Mates,1,1,Profil neutre,5.151456832885742,4.607706546783447,False,0.4166666666666667,24,-0.392365851955074,-0.39899927760594,-1.0813841819262937,-0.2796050932001256
erdote,Erdote,LFL,2025,Summer,sup,Gentle Mates,2,2,Farmer dominant | Lane bully | Early dominant,1.389762282371521,4.6226372718811035,False,0.6,35,-0.7884940354044341,0.3605968190086732,1.263550358452897,0.8029037162418633
ermin,Ermin,NLC,2024,unknown,sup,Garden Gaming,0,0,High DPS | Versatile | High performer,3.5122737884521484,6.327032089233398,False,0.5,16,0.1573290608147921,-0.42911727049636,0.6991452170014633,-0.1024053794087014
erolle,Erolle,NLC,2024,Spring,mid,Verdant,2,2,Profil neutre,6.436993598937988,3.2124171257019043,False,0.5,14,-0.1270602747369245,-0.5110096200975998,-1.2116119907248992,0.1340067129069045
ersin,Ersin,TCL,2025,Summer,top,BBL Dark Passage,0,0,Profil neutre,3.7159156799316406,5.622620105743408,False,0.5,8,-1.3942467369957394,-1.8614842096129245,-1.6438637495306128,0.2408732386384784
ersin,Ersin,TCL,2026,Kickoff,top,PCIFIC Esports,2,2,Profil neutre,9.218709945678711,7.016453742980957,False,0.3571428571428571,14,0.7000168001929572,0.5425160754229231,0.4980237268109184,-0.2701020238790954
ersin,Ersin,TCL,2026,Spring,top,Bushido Wildcats,2,2,Profil neutre,3.19311261177063,5.645305156707764,False,0.4347826086956521,23,-1.336344843594506,-0.5971018715725104,-0.6113436739400185,-0.1724551743634914
ersin,Ersin,TCL,2026,Summer,top,Team Phoenix,1,1,Carry agressif | High DPS | Farmer dominant | Lane bully | Early dominant,10.096576690673828,6.562008857727051,False,0.2307692307692307,13,0.2106220885689853,1.413526868490614,0.8978177504147126,-0.7525280764681813
escik,ESCIK,LVP SL,2025,Spring,mid,UCAM Esports,0,0,High DPS | Farmer dominant | Lane bully | Early dominant,10.157913208007812,0.6122726202011108,False,0.4375,16,1.1259263746897432,0.935462819455681,0.9187365518244044,-0.0340743053268634
escik,ESCIK,LVP SL,2025,Summer,mid,UCAM Esports,0,0,High DPS | Farmer dominant | Lane bully | Early dominant,11.35800838470459,2.477083206176758,False,0.6086956521739131,23,1.0145748585506935,0.8142860355012865,0.7060492052635841,0.7009813509351247
escik,ESCIK,LVP SL,2025,Winter,mid,UCAM Esports,1,1,Profil neutre,8.438456535339355,1.3033438920974731,False,0.3846153846153846,13,-0.346057244812179,-0.0729281050091579,0.2202845529457527,-0.2728904937664898
escik,ESCIK,PRM,2024,Spring,mid,Austrian Force willhaben,0,0,High DPS | Farmer dominant | Lane bully | Early dominant,8.887518882751465,1.5026397705078125,False,0.6666666666666666,18,-0.5865399613392794,0.3080247377027382,0.7025725377858092,0.7115124735378853
escik,ESCIK,PRM,2024,Summer,mid,Austrian Force willhaben,1,1,Profil neutre,7.984067440032959,0.9192361235618591,False,0.6111111111111112,18,-0.0963492185163789,-0.1775524718817376,0.049128799685376,0.6708203932499379
escik,ESCIK,PRM,2024,unknown,mid,Austrian Force willhaben,1,1,Profil neutre,6.7923736572265625,4.06500244140625,False,0.3636363636363636,11,-0.2637114610033855,-0.1226928264308102,-0.4321975612894047,-0.7723607984442675
escox,escoX,LVP SL,2025,Spring,sup,ZETA,1,1,Profil neutre,5.878296375274658,3.9716086387634277,False,0.3333333333333333,9,0.2641858543340833,0.1019879764456486,-1.1780511523703387,-0.5262237013367896
escox,escoX,LVP SL,2025,Summer,sup,ZETA,1,1,Profil neutre,3.1488547325134277,3.1526198387145996,False,0.2222222222222222,9,-1.0769952651679833,0.10141066095821,0.0827138178340444,-1.0246278989913986
escox,escoX,LVP SL,2025,Winter,sup,ZETA,1,1,Profil neutre,5.021024703979492,2.3418595790863037,False,0.0,9,0.2212627503388063,1.4031718775087414,-2.0729463093863085,-1.9297347031517555
eski,Eski,NLC,2025,Winter,sup,Rich Gang,2,2,Farmer dominant | Lane bully | Early dominant,3.378075122833252,4.471468448638916,False,0.5714285714285714,14,-0.1691951998181214,-0.2078097281064965,0.0927865736278905,0.4681028685284188
eskiper,Eskiper,NLC,2025,Summer,sup,Venomcrest Esports,1,1,Profil neutre,6.5473551750183105,3.3173444271087646,False,0.2222222222222222,9,-1.721404321291519,-1.1653505332476015,-1.455038542447448,-0.789809914797889
ethe,Ethe,LVP SL,2025,Winter,top,ZETA,0,0,Profil neutre,4.071126937866211,4.234951972961426,False,0.0,9,-0.5661559179503332,1.331102716385261,-0.9925225037153428,-1.9297347031517555
evaan,Evaan,LFL2,2024,Summer,mid,Lille Esport,2,2,Profil neutre,6.21012020111084,3.6721110343933105,False,0.3333333333333333,18,-0.594840048364032,-0.4198105432366643,-0.6572559786559204,-0.836731888958412
exile1,Exile1,NLC,2026,Winter,jng,Deer Gaming,2,2,Profil neutre,5.744973659515381,3.110764265060425,False,0.5,8,-0.6659764866998334,0.2452965938528656,-0.2560842372940979,0.2298663536168656
exofeng,Exofeng,LFL,2026,unknown,bot,Skillcamp,2,2,Profil équilibré,7.274458408355713,7.879495143890381,False,0.6785714285714286,28,0.6377054294202882,0.1303673525096149,0.3817042477696949,1.2683123078440162
exofeng,Exofeng,LVP SL,2025,Final Four,bot,GIANTX iTero,2,2,Profil équilibré,5.9621992111206055,10.25612735748291,False,0.75,8,0.7071067811865468,-0.7071067811865467,-0.7071067811865476,0.7071067811865475
exofeng,Exofeng,NLC,2025,Spring,bot,Bulldog Esports,2,2,Profil équilibré,6.152478218078613,8.458625793457031,False,0.5,12,0.7091438368014155,-0.282825125903305,0.8326135569160814,0.2820900279754844
exofeng,Exofeng,NLC,2025,Winter,bot,Bulldog Esports,2,2,Profil équilibré,6.024662494659424,10.307377815246582,False,0.5,24,0.6503774563476638,-0.7233273224090283,-0.8194603273494326,0.1486673497542677
exofeng,Exofeng,PRM,2026,Spring,bot,Kaufland Hangry Knights,2,2,Profil équilibré,5.320267677307129,9.506636619567871,False,0.2222222222222222,9,-1.4952569479819142,-0.2589000026591072,0.091354946041525,-0.8389465103155509
exofeng,Exofeng,PRM,2026,Winter,bot,Kaufland Hangry Knights,2,2,Profil équilibré,6.500676155090332,10.946699142456055,False,0.4285714285714285,7,0.260505072812666,0.9304758792477714,-0.2733252588320219,-0.2198138965481882
eyliph,Eyliph,LFL2,2024,Summer,top,Esprit Shōnen,2,2,Profil neutre,5.322658061981201,5.67165470123291,False,0.3888888888888889,18,0.5312522654597043,-0.2818364416190565,-0.5980251637504808,-0.5605291294964118
eyliph,Eyliph,LFL2,2025,Spring,top,Skillcamp,2,2,Profil neutre,5.145732879638672,5.660691738128662,False,0.1428571428571428,14,-0.1484603518116102,-0.1192090457567994,-0.6558697436202184,-1.6293389706401535
eyliph,Eyliph,LFL2,2025,Summer,top,Skillcamp,2,2,Profil neutre,6.749107837677002,6.902601718902588,False,0.4285714285714285,14,-0.4365778062128425,0.543160428889666,-1.1604328226623728,-0.3949873205483714
eyliph,Eyliph,LFL2,2025,unknown,top,Skillcamp,1,1,Carry agressif | High DPS | Farmer dominant | Lane bully | Early dominant,10.109075546264648,9.003005027770996,False,0.6,10,1.103304639917177,0.7933167055202235,1.1355957939263202,1.0910894511799616
fabfabulous,fabFabulous,TCL,2024,Winter,top,NASR eSports Turkey,0,0,Profil neutre,3.5176913738250732,5.650101661682129,False,0.2857142857142857,14,-0.8306116389555993,-1.872621605065781,-0.9781348615488892,-0.7505005777383261
fabfabulous,fabFabulous,TCL,2026,Summer,top,Dark Passage,2,2,Profil neutre,5.3824076652526855,6.924590110778809,False,0.5,22,-0.5144905566499888,-0.6929775528596364,-0.9779003265245764,0.3437057341525376
fade,Fade,TCL,2024,Summer,mid,BoostGate Esports,1,1,Profil neutre,6.673658847808838,1.965693473815918,False,0.5217391304347826,23,-1.088064315877523,0.4928283542884498,-0.6711238618316697,0.2897622952788944
fade,Fade,TCL,2026,Kickoff,mid,SU Esports,1,1,Profil neutre,6.989897727966309,3.4043684005737305,False,0.45,20,-0.3205976704838709,0.2404376424697074,-0.2212396388458115,0.0521686780704411
fade,Fade,TCL,2026,Spring,mid,Ozarox Esports,1,1,Profil neutre,9.957840919494629,3.446786642074585,False,0.5,20,0.1115905828887458,0.7490185245882759,-0.184634155069521,0.1233115850913163
faetski,Faetski,NLC,2025,Spring,bot,DMG Esports,2,2,Profil équilibré,7.568961143493652,8.275252342224121,False,0.4,15,-0.3838213129519133,1.3900591189903213,-0.2506743655512718,-0.149492624524471
faetski,Faetski,NLC,2025,Summer,bot,DMG Esports,1,1,High DPS | Farmer dominant | Lane bully | Early dominant | High performer,8.994523048400879,8.044012069702148,False,0.4666666666666667,15,0.8637553810930649,0.5260985575336314,0.4614232030330844,0.1791712932448631
faetski,Faetski,NLC,2025,Winter,bot,DMG Esports,2,2,Profil équilibré,6.058621406555176,9.188884735107422,False,0.2,10,-0.0697120793582856,0.0917917725023679,-1.4872965046907738,-1.2721719063195591
faetski,Faetski,NLC,2026,Winter,bot,DMG Esports,1,1,High DPS | Farmer dominant | Lane bully | Early dominant | High performer,10.005620956420898,7.223893165588379,False,0.4666666666666667,15,1.0432147661227047,0.7137958004337831,0.3747684370509679,0.0605815379186684
faith,Faith,LFL2,2024,Spring,jng,Klanik Esport,2,2,Profil neutre,3.985232353210449,-0.44892606139183044,False,0.1666666666666666,6,1.6497021147430164,0.5908514722999982,-0.1541915812917515,-1.4142135623730951
fantomisto,fantomisto,LFL,2026,unknown,mid,Esprit Shōnen,2,2,Profil neutre,3.9854114055633545,2.503401517868042,False,0.0,6,-2.3791319489869465,-1.6210382674738282,-2.708819409575791,-2.369736461048737
fantomisto,fantomisto,NLC,2025,Summer,mid,DMG Esports,1,1,Profil neutre,7.4659271240234375,1.14374577999115,False,0.4666666666666667,15,-0.8828073980321155,0.0088180517301441,0.0071774917401112,0.1074669237005367
fantomisto,fantomisto,NLC,2026,Winter,mid,DMG Esports,1,1,Profil neutre,6.433000564575195,1.068225622177124,False,0.4666666666666667,15,-0.5039609216180482,-0.4149681045122174,-0.8441388319329445,-0.116788511251648
farfetch,Farfetch,LVP SL,2024,Spring,sup,Guasones,0,0,High DPS | Versatile | High performer,2.5408997535705566,6.4425835609436035,False,0.5483870967741935,31,0.7832273762927531,-0.3091756833395037,-0.3382105283523041,0.4344536226547423
farfetch,Farfetch,PRM,2026,Spring,sup,Eintracht Frankfurt,1,1,Profil neutre,5.682170867919922,3.9626383781433105,False,0.2352941176470588,17,-0.1261324592802045,-0.2608598848518039,-0.5466930113530909,-0.9152316300523364
farfetch,Farfetch,PRM,2026,Winter,sup,Eintracht Frankfurt,1,1,Profil neutre,5.184703350067139,3.277228593826294,False,0.4444444444444444,9,-1.1268630585360164,-0.0477122008026777,-1.314425485737023,-0.12880411764382
farfetch,Farfetch,TCL,2024,Summer,sup,Misa Esports,1,1,Profil neutre,3.8490476608276367,4.350335597991943,False,0.5294117647058824,17,-0.3987115739569909,-0.9691539010017264,0.0159990012409996,0.2931355882044854
farfetch,Farfetch,TCL,2025,Spring,sup,Eternal Fire,1,1,Profil neutre,6.058393955230713,2.6982662677764893,False,0.1666666666666666,6,-1.3569459167911988,-0.7870298383903959,-1.4617710851093073,-1.5947936022751168
farfetch,Farfetch,TCL,2025,Summer,sup,ULF Esports,0,0,High DPS | Versatile | High performer,4.585177421569824,7.131121635437012,False,0.64,25,1.1634433805198428,-0.969806665746981,-0.7721309228035446,0.9329295162927213
farfetch,Farfetch,TCL,2025,Winter,sup,Eternal Fire,0,0,High DPS | Versatile | High performer,1.1327954530715942,6.712510585784912,False,0.7272727272727273,22,0.0486510451837166,-0.5837265837390528,1.0692295115610937,1.3346268649125068
fastlegged,Fastlegged,NLC,2024,Summer,sup,Lundqvist Lightside,1,1,Profil neutre,5.4960784912109375,4.641295433044434,False,0.5,14,-0.814317560633815,-0.5637112482243609,-0.7626218994870057,0.219310927783583
fatihcan,Fatihcan,LFL2,2024,Summer,bot,Klanik Esport,0,0,Profil neutre,5.60577392578125,11.318965911865234,False,0.3333333333333333,18,-1.685288544349875,-1.1057741272555053,-0.4037314343192585,-0.809184344347202
febiven,FEBIVEN,LFL,2024,Spring,mid,Team du Sud,2,2,Profil neutre,5.799929618835449,4.031239032745361,False,0.3333333333333333,18,-0.3460085688387894,0.6774913386106494,-1.5235409980039565,-0.8681277553688854
febiven,FEBIVEN,LFL,2024,Summer,mid,Team du Sud,2,2,Profil neutre,5.787843227386475,3.2200231552124023,False,0.2222222222222222,18,-0.620969682209524,0.77056662218468,-0.6529993404795666,-1.0631562362518945
feisty,Feisty,LVP SL,2024,Spring,mid,GIANTX iTero,0,0,High DPS | Farmer dominant | Lane bully | Early dominant,11.117770195007324,0.8751941919326782,False,0.5625,32,0.533505629690005,0.8691590703851622,1.3206912137359814,0.3864594857981366
feisty,Feisty,LVP SL,2024,Summer,mid,GIANTX iTero,0,0,High DPS | Farmer dominant | Lane bully | Early dominant,10.49228286743164,0.7772411704063416,False,0.4285714285714285,21,-0.2891444393294461,0.63311563837064,1.704594895700373,-0.2231818729083103
feisty,Feisty,LVP SL,2025,Final Four,mid,GIANTX iTero,0,0,High DPS | Farmer dominant | Lane bully | Early dominant,11.219318389892578,1.529211163520813,False,0.75,8,0.7071067811865481,0.7071067811865425,0.7071067811865475,0.7071067811865475
feisty,Feisty,LVP SL,2025,Spring,mid,GIANTX iTero,0,0,High DPS | Farmer dominant | Lane bully | Early dominant,11.954422950744629,1.660404086112976,False,0.75,20,1.7443534810563055,-0.2898674125439093,1.88103248113288,1.4423738827029131
feisty,Feisty,LVP SL,2025,Summer,mid,GIANTX iTero,0,0,High DPS | Farmer dominant | Lane bully | Early dominant,11.99600887298584,1.4543612003326416,False,0.8888888888888888,18,1.2125723134055522,0.306347269423005,1.6999491257297803,1.9520480571318537
feisty,Feisty,LVP SL,2025,Winter,mid,GIANTX iTero,0,0,High DPS | Farmer dominant | Lane bully | Early dominant,8.911371231079102,1.711639165878296,False,0.55,20,-0.7192195296822944,-0.3102731384262103,1.2119882417647738,0.4395525162691745
ferret,Ferret,LVP SL,2025,Final Four,jng,GIANTX iTero,2,2,Profil neutre,5.178895950317383,1.723077416419983,False,0.75,8,-0.7071067811865464,-0.7071067811865454,-0.7071067811865476,0.7071067811865475
ferret,Ferret,LVP SL,2025,Spring,jng,GIANTX iTero,2,2,Profil neutre,3.0794880390167236,1.6998822689056396,False,0.75,20,-0.5606801257521474,-0.3297199949097324,-0.1570075970073812,1.442373882702913
ferret,Ferret,LVP SL,2025,Summer,jng,GIANTX iTero,2,2,Profil neutre,3.0418670177459717,1.6630183458328247,False,0.8888888888888888,18,-0.1238010875887806,0.0044824038087743,0.7332963253413955,1.952048057131854
ferret,Ferret,LVP SL,2025,Winter,jng,GIANTX iTero,2,2,Profil neutre,3.306384563446045,1.9266787767410278,False,0.55,20,-0.3872353416746436,-0.3943378221867868,0.6832998571246147,0.4395525162691744
ferret,Ferret,TCL,2024,Summer,jng,FUT Esports,2,2,Profil neutre,2.724867820739746,1.8567146062850952,False,0.5,22,0.1797793234438863,0.3058540964542932,0.5460018869528047,0.3376993093532396
ferret,Ferret,TCL,2024,Winter,jng,FUT Esports,2,2,Profil neutre,2.9254355430603027,2.099428415298462,False,0.4736842105263157,19,-1.2217336366473572,0.666280238921809,0.2555882360480299,0.0679937756748285
fgg,FGG,LVP SL,2024,Spring,sup,ZETA,0,0,High DPS | Versatile | High performer,3.4596245288848877,6.330998420715332,False,0.1666666666666666,18,1.5165823406867542,-0.4540039653462994,0.7874295775833459,-1.7961518773840215
fgg,FGG,LVP SL,2024,Summer,sup,ZETA,1,1,Profil neutre,6.753928184509277,3.81557035446167,False,0.2857142857142857,14,-0.8203113750356631,-1.150722416776197,-0.1500681784087462,-0.994923633487555
fierce,FIERCE,NLC,2024,Summer,mid,Venomcrest Esports,0,0,High DPS | Farmer dominant | Lane bully | Early dominant,10.120307922363281,0.029457122087478638,False,0.6538461538461539,26,0.4544201139443333,1.636014572447945,0.7211478013490005,0.9989342969375564
fiesta,FIESTA,TCL,2024,Summer,mid,Papara SuperMassive,0,0,High DPS | Farmer dominant | Lane bully | Early dominant,11.93104076385498,1.5147278308868408,False,0.782608695652174,23,1.9224122612735173,0.6256433611042717,1.6625039364700318,1.455170004341475
fiesta,FIESTA,TCL,2025,Spring,mid,Papara SuperMassive,1,1,Profil neutre,5.915454864501953,3.866441488265991,True,0.3571428571428571,14,0.4533139638529135,0.2578608549454914,-1.6259947374088175,-0.6722382479495934
fiesta,FIESTA,TCL,2025,Winter,mid,Papara SuperMassive,0,0,High DPS | Farmer dominant | Lane bully | Early dominant,12.238292694091797,2.398002862930298,True,0.5555555555555556,27,1.2252390395038408,-0.4391501249324333,1.9090282804305945,0.4658601294122109
fireascept,FireAscept,TCL,2024,unknown,mid,Comanchero Gaming,0,0,High DPS | Farmer dominant | Lane bully | Early dominant,10.3699369430542,2.399155855178833,False,0.4545454545454545,11,1.1204033734574674,1.1381255968180437,0.4949727027790789,-0.8614949927837303
fireascept,FireAscept,TCL,2025,Summer,mid,BoostGate Esports,1,1,Profil neutre,7.419356822967529,1.7852808237075806,False,0.2142857142857142,14,-0.7207787211799226,-0.7021649164376798,-0.0498306467331284,-0.9537679412126364
fireascept,FireAscept,TCL,2026,Kickoff,mid,PCIFIC Esports,1,1,Profil neutre,8.829005241394043,1.9364745616912842,False,0.3571428571428571,14,0.8515695575432608,-0.9346085381604696,0.4837254274129262,-0.2701020238790954
fireascept,FireAscept,TCL,2026,Spring,mid,PCIFIC Esports,1,1,Profil neutre,6.043124198913574,1.0781440734863281,False,0.5806451612903226,31,-0.5797391529000034,0.1277526140737198,-0.4452687887577035,0.4758241240157357
fireascept,FireAscept,TCL,2026,Summer,mid,PCIFIC Esports,0,0,High DPS | Farmer dominant | Lane bully | Early dominant,9.47265338897705,2.8422892093658447,False,0.6363636363636364,22,0.7577605215057893,0.9010702851430396,0.5089826940168892,0.7773382124864274
flamer,Flamer,PRM,2024,Spring,top,E WIE EINFACH E-SPORTS,1,1,Carry agressif | High DPS | Farmer dominant | Lane bully | Early dominant,10.101374626159668,6.1538872718811035,False,0.5294117647058824,17,0.2796037499591608,0.927868640998446,1.1255007591938055,0.1129159481027131
flamer,Flamer,PRM,2024,Summer,top,E WIE EINFACH E-SPORTS,2,2,Profil neutre,7.461719036102295,5.126493453979492,False,0.3333333333333333,18,-0.7521600358716934,0.7521794629122875,-0.2648929949019483,-1.0093980514446594
flamer,Flamer,PRM,2026,unknown,top,All for One Gaming,2,2,Profil neutre,7.182027339935303,4.408946514129639,False,0.5555555555555556,9,0.0821981991977693,0.4803496931911673,0.4967507570986143,0.1133239112762396
flaystation,FlayStation,NLC,2024,Spring,sup,Verdant,2,2,Farmer dominant | Lane bully | Early dominant,1.25260591506958,5.261091709136963,False,0.5,14,1.2529519162462446,1.898366525519996,0.8566652529040265,0.3244047240922477
fleshy,Fleshy,LFL,2024,Spring,sup,Karmine Corp Blue,0,0,High DPS | Versatile | High performer,1.6089190244674683,5.577783584594727,True,0.6551724137931034,29,0.4498968159899939,1.386171194708154,0.7470527274351795,1.061270747316511
fleshy,Fleshy,LFL,2024,Summer,sup,Karmine Corp Blue,0,0,High DPS | Versatile | High performer,0.8701284527778625,5.80006217956543,True,0.76,25,1.3601198772280878,0.3523607774728732,1.6085415169631812,1.3446336896801103
fleshy,Fleshy,LFL,2025,Flash In,sup,Vitality.Bee,2,2,Farmer dominant | Lane bully | Early dominant,0.8321951031684875,5.080794334411621,True,0.5,8,1.5913226681978827,1.6919286993111842,1.1316900901770008,0.1091376136649696
fleshy,Fleshy,LFL,2025,Spring,sup,Vitality.Bee,2,2,Farmer dominant | Lane bully | Early dominant,0.6190521717071533,4.759765148162842,True,0.5555555555555556,27,1.7177783614698738,1.915151893096219,1.2873578459415589,0.5942947400917856
flipper,Flipper,NLC,2024,unknown,jng,Garden Gaming,0,0,High DPS | Farmer dominant | Lane bully | Early dominant | High performer,1.4435148239135742,0.21946334838867188,False,0.5,16,0.1285656069777792,0.8479724390137399,1.039526588369533,0.086659667100431
fluffy,Fluffy,TCL,2026,Kickoff,jng,Team Phoenix,2,2,Profil neutre,5.330096244812012,2.416963815689087,False,0.1428571428571428,7,-0.1325120436061924,-0.7862755627379049,-0.4353678289340466,-0.9646622101601772
fooneses,Fooneses,PRM,2026,Spring,mid,ROSSMANN Centaurs,2,2,Profil neutre,4.086181163787842,2.6191675662994385,False,0.0476190476190476,21,-0.1914969292823959,-1.5861347399868029,-1.5407216181281531,-1.788375513655665
fornoreason,Fornoreason,PRM,2024,Spring,top,MOUZ NXT,0,0,Profil neutre,3.7375974655151367,4.531959533691406,False,0.0,18,-0.2205913732173477,-0.8502834040642319,-1.6131050060369188,-2.1454030139515385
fornoreason,Fornoreason,PRM,2024,Summer,top,MOUZ NXT,0,0,Profil neutre,3.0646867752075195,4.50852632522583,False,0.2222222222222222,18,-1.2530393067974022,-0.8379146707480116,-1.9397731597028156,-1.6681223076657423
fornoreason,Fornoreason,PRM,2024,unknown,top,MOUZ NXT,1,1,Carry agressif | High DPS | Farmer dominant | Lane bully | Early dominant,9.482375144958496,5.314393043518066,False,0.25,8,2.148028989798156,-0.7061125070551857,0.7101384169514603,-1.440290277264079
fornoreason,Fornoreason,PRM,2025,Finals,top,Unicorns of Love Sexy Edition,1,1,Carry agressif | High DPS | Farmer dominant | Lane bully | Early dominant,8.366621017456055,8.09947681427002,False,0.5,14,0.5726816223765249,0.8342683058194281,0.8163269203832128,-0.0153894596435096
fornoreason,Fornoreason,PRM,2025,Spring,top,Unicorns of Love Sexy Edition,0,0,Profil neutre,5.952003002166748,4.4460129737854,False,0.4545454545454545,22,-0.6293359701903614,0.6609564045378533,-0.6359327741077413,-0.3593825847011814
fornoreason,Fornoreason,PRM,2025,Summer,top,Unicorns of Love Sexy Edition,1,1,Carry agressif | High DPS | Farmer dominant | Lane bully | Early dominant,8.614825248718262,6.187969207763672,False,0.5555555555555556,9,0.5959122250187485,0.9026364296099266,0.2662985086422355,0.2761955765769924
fornoreason,Fornoreason,PRM,2025,Winter,top,Unicorns of Love Sexy Edition,1,1,Carry agressif | High DPS | Farmer dominant | Lane bully | Early dominant,9.418850898742676,5.54080867767334,False,0.2222222222222222,9,0.6249314401355547,0.6842708361615527,0.4056218959658131,-1.3727641527842736
fornoreason,Fornoreason,PRM,2026,Spring,top,Unicorns of Love Sexy Edition,2,2,Profil neutre,5.766617298126221,7.596774578094482,False,0.4857142857142857,35,-0.2531528276087073,0.872532059201094,-1.1405385725748654,0.1679683975287733
fornoreason,Fornoreason,PRM,2026,Summer,top,Unicorns of Love Sexy Edition,1,1,Carry agressif | High DPS | Farmer dominant | Lane bully | Early dominant,8.859723091125488,7.160557746887207,False,0.7368421052631579,19,0.182170291099557,1.1542532938190513,0.033146374965301,1.3388771986660106
fornoreason,Fornoreason,PRM,2026,Winter,top,Unicorns of Love Sexy Edition,2,2,Profil neutre,6.466749668121338,7.409597396850586,False,0.6,15,0.6327649424075313,0.2754581597184938,-0.0785277857504852,0.6517125825140724
forsen,Forsen,NLC,2026,Winter,jng,4 Swines & A Bum,1,1,Profil neutre,8.82183837890625,2.2644338607788086,False,0.1428571428571428,7,-1.876523439625864,-1.7959090111112648,-1.627411005365484,-1.1347755873803584
forslund,Forslund,NLC,2025,unknown,mid,B2U,1,1,Profil neutre,7.037116527557373,1.0635939836502075,False,0.5,8,-1.1716985659022898,1.212020076827222,-0.0582753428058044,-0.5583388492224075
forzent,Forzent,TCL,2026,Summer,jng,Team Phoenix,1,1,Profil neutre,7.84935188293457,1.114552617073059,False,0.2727272727272727,11,-1.585124413758255,-1.3855192226510702,-0.8614700553104612,-0.6223524017218187
frappii,Frappii,LFL2,2024,Summer,bot,Akroma,0,0,Profil neutre,5.464710712432861,12.724843978881836,False,0.5,8,-1.4015255904428754,1.406947452035089,-0.7413563602592497,0.0333405576178693
fredspaghet,FredSpaghet,NLC,2026,Spring,sup,Ruddy Corporation,0,0,High DPS | Versatile | High performer,3.894009828567505,7.054827690124512,False,0.5,20,0.0497247372097857,-0.6608971439647916,0.5954272395520237,0.1327371545247316
fresskowy,Fresskowy,LVP SL,2025,Spring,mid,Movistar KOI Fénix,1,1,Profil neutre,9.379780769348145,1.9475879669189453,False,0.3076923076923077,13,-0.2519675419775818,1.0730296457913686,0.152434767339895,-0.6473681680469245
fresskowy,Fresskowy,LVP SL,2025,Summer,mid,Movistar KOI Fénix,0,0,High DPS | Farmer dominant | Lane bully | Early dominant,11.499991416931152,0.9309417605400085,False,0.5,18,0.6889702802937765,0.8583659882539826,1.164842519858342,0.2156537493932898
fresskowy,Fresskowy,LVP SL,2025,Winter,mid,Movistar KOI Fénix,0,0,High DPS | Farmer dominant | Lane bully | Early dominant,10.849625587463379,0.7058228254318237,False,0.5333333333333333,15,0.113670990296161,1.73988718672976,0.4002633617808985,0.3677559338624794
frost,Frost,LFL,2026,unknown,jng,Project Conquerors,2,2,Profil neutre,1.6277291774749756,0.9564729928970337,False,0.3636363636363636,11,0.2629985021866259,-0.742721265180119,1.5130270434473594,-0.2906795270336814
frost,Frost,LFL2,2024,Summer,jng,Project Conquerors,2,2,Profil neutre,4.00578498840332,0.9348685145378113,False,0.4444444444444444,18,0.1757569167945302,0.2281426486825671,0.6598037055450604,-0.1081902142145401
frost,Frost,LFL2,2025,Spring,jng,Project Conquerors,2,2,Profil neutre,2.1916658878326416,-1.0827263593673706,False,0.5454545454545454,22,0.3916376114639133,1.2538545091755025,-0.5154797633495007,0.4393292444561226
frost,Frost,LFL2,2025,Summer,jng,Project Conquerors,0,0,High DPS | Farmer dominant | Lane bully | Early dominant | High performer,2.069063186645508,-1.2389661073684692,False,0.55,20,1.5062346281593435,0.6036185108575958,0.0698856860588526,0.5414420097491487
frost,Frost,LFL2,2025,Winter,jng,Project Conquerors,0,0,High DPS | Farmer dominant | Lane bully | Early dominant | High performer,1.699281096458435,-1.1405880451202393,False,0.6551724137931034,29,1.8594821504735275,1.3565440554285335,0.5961418568590552,1.0119146633494602
froy,froy,TCL,2024,unknown,jng,Lynch Esports,0,0,High DPS | Farmer dominant | Lane bully | Early dominant | High performer,1.1106678247451782,0.8148851990699768,False,0.0,6,1.2974411670366202,1.1489940287580498,1.3325780088600148,-1.324520446730734
fruity fresh,Fruity Fresh,NLC,2024,Summer,bot,Lundqvist Lightside,2,2,Profil équilibré,6.201755523681641,11.122116088867188,False,0.5,14,0.9216079729250616,0.1996712957491955,-1.434879940358084,0.1702138433012624
fruity fresh,Fruity Fresh,NLC,2024,unknown,bot,UniQ Esports Club,1,1,High DPS | Farmer dominant | Lane bully | Early dominant | High performer,8.727934837341309,8.0347261428833,False,0.5454545454545454,22,-0.0787136021209749,0.7205834291095319,0.6850538283966946,0.2866868746195367
fun k3y,Fun K3y,PRM,2024,Spring,bot,Eintracht Spandau,2,2,Profil équilibré,5.7570929527282715,8.464934349060059,False,0.6111111111111112,18,0.0761173529370639,-1.5195869136780982,-0.0933320603178925,0.4743416490252566
fun k3y,Fun K3y,PRM,2024,Summer,bot,Eintracht Spandau,1,1,High DPS | Farmer dominant | Lane bully | Early dominant | High performer,11.542908668518066,8.069328308105469,False,0.6666666666666666,18,2.313812422530448,1.350848066130543,1.7838352491405922,1.006230589874905
fun k3y,Fun K3y,PRM,2024,unknown,bot,Eintracht Spandau,1,1,High DPS | Farmer dominant | Lane bully | Early dominant | High performer,9.36654281616211,7.090526103973389,False,0.6,20,0.2816433183060041,0.0880650975541791,0.0587341067205544,0.7562626576520441
fun k3y,Fun K3y,PRM,2025,Finals,bot,ROSSMANN Centaurs,2,2,Profil équilibré,8.270323753356934,9.082141876220703,False,0.6153846153846154,13,-0.4079369980093575,0.1860176254632828,0.5367012452169179,0.9875787722956322
fun k3y,Fun K3y,PRM,2025,Summer,bot,ROSSMANN Centaurs,2,2,Profil équilibré,7.070211410522461,8.297562599182129,False,0.5333333333333333,15,0.1373388610378541,-0.2731522537719513,-0.3110643694292419,0.1848467562523424
fun k3y,Fun K3y,PRM,2025,Winter,bot,Kaufland Hangry Knights,2,2,Profil équilibré,6.870842933654785,9.66064739227295,False,0.4,10,-0.3539710021326411,0.6563268031891357,-0.5407314238219951,-0.3834547005875636
fun k3y,Fun K3y,PRM,2026,Spring,bot,Eintracht Spandau,0,0,Profil neutre,4.9258646965026855,9.408456802368164,False,0.25,8,-0.8886918249637992,-1.5371462809196963,-0.3582376435939707,-0.7251811156506158
fun k3y,Fun K3y,PRM,2026,Summer,bot,Eintracht Spandau,2,2,Profil équilibré,6.863675117492676,10.214869499206543,False,0.55,20,-1.5946428966780373,-0.1965491560848703,0.140157848538743,0.2778618330990768
fun k3y,Fun K3y,PRM,2026,Winter,bot,Berlin International Gaming,2,2,Profil équilibré,7.477658748626709,11.690753936767578,False,0.7333333333333333,15,-0.7608454525117212,-2.0251198279675915,-0.8132025925542541,1.5275738584156693
furby,Furby,NLC,2025,unknown,top,Lund Esports Organization,2,2,Profil neutre,6.1450724601745605,6.952356338500977,False,0.75,16,-0.7908831165665209,-1.5663886860987606,-0.9819200835421176,1.6894542979944414
furby,Furby,NLC,2026,Spring,mid,Lund Esports Organization,1,1,Profil neutre,8.829392433166504,0.5272938013076782,False,0.2857142857142857,7,0.7528490637990638,0.2572161612375879,-0.0767660826045225,-0.9417694130513904
furby,Furby,NLC,2026,Winter,mid,Lund Esports Organization,1,1,Profil neutre,9.133125305175781,2.7731614112854004,False,0.625,8,0.6923549299863174,1.2275217070891435,-0.1261924438649073,0.5995566724364516
furuy,Furuy,LFL2,2025,Summer,mid,Skillcamp,0,0,High DPS | Farmer dominant | Lane bully | Early dominant,10.178685188293457,0.6578865647315979,False,0.4285714285714285,14,-0.2128756056315651,0.7748462920560029,0.7966906942051512,-0.3949873205483717
furuy,Furuy,LFL2,2025,unknown,mid,Skillcamp,1,1,Profil neutre,6.912182331085205,2.9390809535980225,False,0.6,10,0.2307857682131804,-0.3594212394645525,-0.3652479065573949,1.0910894511799616
furuy,Furuy,NLC,2026,Spring,mid,Verdant,0,0,High DPS | Farmer dominant | Lane bully | Early dominant,11.95470905303955,1.0037859678268433,False,0.9166666666666666,12,0.2169152977682845,0.5736580539442464,1.583269178179384,2.2220554803671906
furuy,Furuy,NLC,2026,Winter,mid,Verdant,0,0,High DPS | Farmer dominant | Lane bully | Early dominant,12.301384925842285,2.2318832874298096,False,0.8333333333333334,18,0.4430777976125101,0.2053358857348869,1.1080866939792289,1.5421161246576358
fynox,Fynox,NLC,2024,unknown,bot,KAOS e-sport,2,2,Profil équilibré,6.922604084014893,10.383624076843262,False,0.75,12,-2.132274616993891,0.8422634236642115,-0.3146460524529197,1.228623530909506
fynox,Fynox,TCL,2024,unknown,bot,Comanchero Gaming,0,0,Profil neutre,4.797453880310059,11.169147491455078,False,0.4545454545454545,11,-0.8457400330901168,-1.1194826889832743,-1.035795440553883,-0.8614949927837303
gakgos,Gakgos,LFL2,2025,Winter,top,Project Conquerors,1,1,Carry agressif | High DPS | Farmer dominant | Lane bully | Early dominant,9.87967586517334,8.584881782531738,False,0.6551724137931034,29,0.5617384724549133,0.6600288142179414,0.9421211166400958,0.9999301176883344
gakgos,Gakgos,TCL,2024,Summer,top,NASR eSports Turkey,2,2,Profil neutre,7.1994948387146,6.275055408477783,False,0.2857142857142857,14,-0.5485340219735312,0.1497284433369463,-0.1999426091047313,-0.7650587055643792
gaëthan,Gaëthan,LFL2,2024,Spring,top,Klanik Esport,2,2,Profil neutre,7.726465702056885,7.31142520904541,False,0.1666666666666666,6,-0.4671897347301754,1.386214828477324,0.1532703029527538,-1.4142135623730951
gaëthan,Gaëthan,NLC,2025,Spring,top,Ruddy Corporation,2,2,Profil neutre,5.790741920471191,7.6361870765686035,False,0.4444444444444444,18,-0.6308556680986905,0.6170550231942389,-0.5879548802434574,-0.0436218616679343
goldenpenny,Goldenpenny,LFL2,2024,unknown,bot,Klanik Esport,2,2,Profil équilibré,6.761354923248291,10.644843101501465,False,0.4444444444444444,9,0.4414408544397608,0.3602874332536077,-0.1862416995735095,-0.4774567992214636
goldenpenny,Goldenpenny,NLC,2025,Spring,bot,Lundqvist Lightside,2,2,Profil équilibré,8.116890907287598,9.011005401611328,False,0.3333333333333333,9,-0.5041591430643704,-0.1558388100420096,0.9597836539501826,-0.4372143928577748
goldenpenny,Goldenpenny,NLC,2025,Summer,bot,Lundqvist Lightside,2,2,Profil équilibré,6.887047290802002,11.001404762268066,False,0.4285714285714285,14,-0.3262456242009711,-0.4196574585591157,0.0481094205233026,0.0552350478343825
goldenpenny,Goldenpenny,NLC,2026,Spring,bot,Lund Esports Organization,0,0,Profil neutre,5.209969997406006,12.913331031799316,False,0.2857142857142857,7,-0.9504611154263932,0.7536431539738608,-1.3724287324904705,-0.9417694130513904
goldmen,Goldmen,NLC,2026,Winter,top,DMG Esports,2,2,Profil neutre,5.151843070983887,6.378216743469238,False,0.4666666666666667,15,-0.4673359194799926,-1.271643693751773,-0.8725716041132243,-0.1914221057615723
goliath,Goliath,LVP SL,2025,Summer,sup,Ramboot Club,0,0,High DPS | Versatile | High performer,2.2721760272979736,6.674282550811768,False,0.5,14,1.3778039457427724,0.0089463330790503,1.3936422275049396,0.2156537493932901
gordinho,Gordinho,LFL,2026,unknown,sup,Esprit Shōnen,2,2,Farmer dominant | Lane bully | Early dominant,2.856926441192627,2.4154484272003174,False,0.0,12,-0.2142924370639058,2.486812808678603,-0.5319461010016607,-2.492264530081346
gori,Gori,TCL,2025,Spring,mid,ULF Esports,0,0,High DPS | Farmer dominant | Lane bully | Early dominant,11.370298385620117,3.0634841918945312,False,0.5714285714285714,28,1.81386233624207,0.4238748882586245,0.4813719249351243,0.720438143368502
gori,Gori,TCL,2025,Summer,mid,ULF Esports,0,0,High DPS | Farmer dominant | Lane bully | Early dominant,11.372138023376465,2.7459607124328613,False,0.5925925925925926,27,0.8778708055110557,0.8258217377156458,0.9263585610181592,0.563626922829519
grave,Grave,TCL,2024,Summer,bot,BoostGate Esports,2,2,Profil équilibré,6.205173969268799,10.249309539794922,False,0.5217391304347826,23,0.2063332252640668,-0.3852493652683099,-0.0012335465491956,0.3085365179984661
grave,Grave,TCL,2024,Winter,bot,Galakticos,0,0,Profil neutre,4.07457160949707,12.563443183898926,False,0.0,14,-1.5376674713117784,-1.0358009450240289,-1.9035371378745036,-2.027535938111946
grave,Grave,TCL,2025,Spring,bot,ULF Esports,2,2,Profil équilibré,7.992576599121094,8.463406562805176,False,0.5714285714285714,28,-0.578492706752597,1.2257646031199816,-0.923555311433589,0.7057298977426811
grave,Grave,TCL,2025,Winter,bot,ULF Esports,0,0,Profil neutre,5.512257099151611,12.204776763916016,False,0.1428571428571428,14,-0.7794242440399519,0.2899734582116507,-0.9251645407699266,-1.6683695354929229
grave,Grave,TCL,2026,Kickoff,bot,SU Esports,2,2,Profil équilibré,6.647996425628662,11.593891143798828,False,0.45,20,-0.407112792375229,-0.694557682000405,-0.2868187639985924,0.0750638629586248
grave,Grave,TCL,2026,Spring,bot,Ozarox Esports,2,2,Profil équilibré,8.467729568481445,9.147892951965332,False,0.5,20,0.1953909621498586,0.3990877618399789,0.2231765917485608,0.1126066016107754
grave,Grave,TCL,2026,Summer,bot,Dark Passage,1,1,High DPS | Farmer dominant | Lane bully | Early dominant | High performer,8.736795425415039,7.836867809295654,False,0.5,22,0.9646986440863392,0.1411484065269414,0.4185446400971102,0.3226867009652621
gtracks,Gtracks,NLC,2025,Summer,bot,Ruddy Corporation,0,0,Profil neutre,4.081295490264893,12.63638687133789,False,0.0,7,-2.089638526839982,-1.6282530959696693,-1.523787999568496,-1.3390477130335234
guggu,Guggu,NLC,2026,Spring,sup,Verdant,0,0,High DPS | Versatile | High performer,0.7104246616363525,6.392068862915039,False,0.9166666666666666,12,1.9338687884231536,0.1305735507007804,1.5457620120945923,2.2220554803671906
guggu,Guggu,NLC,2026,Summer,sup,Verdant,0,0,High DPS | Versatile | High performer,3.263150691986084,7.247063636779785,False,0.7391304347826086,23,1.0405161227294233,0.0152311362253466,0.1268043582351322,1.2597495184218357
guggu,Guggu,NLC,2026,Winter,sup,Verdant,0,0,High DPS | Versatile | High performer,3.8282036781311035,7.299598693847656,False,0.8333333333333334,18,0.4371764003698806,-1.1244489329931506,0.5192309622559804,1.3841835242181004
guubi,Guubi,NLC,2024,Spring,bot,Verdant,1,1,High DPS | Farmer dominant | Lane bully | Early dominant | High performer,9.568352699279785,8.965907096862793,False,0.5,14,0.8020103967479831,0.562154961203942,0.7201837382937543,0.2969706211161371
guubi,Guubi,NLC,2025,Spring,jng,Venomcrest Esports,1,1,Profil neutre,7.133717060089111,2.0997276306152344,False,0.3846153846153846,13,0.7938420691732875,-1.34153089451326,-1.185924548191871,-0.266960395385198
guvez,Guvez,NLC,2025,unknown,top,B2U,2,2,Profil neutre,8.004907608032227,6.84683084487915,False,0.5,8,-0.1359970491499695,1.320125259971567,0.0331535084038896,-0.1723932957137175
guvez,Guvez,NLC,2026,Summer,top,B2U,2,2,Profil neutre,6.985396862030029,6.433125972747803,False,0.5,10,0.0416467583321675,0.0422399171659011,-0.5185471247432988,0.2669490553037598
habubu,Habubu,PRM,2026,Spring,jng,Berlin International Gaming,0,0,High DPS | Farmer dominant | Lane bully | Early dominant | High performer,0.0038010862190276384,0.5542342662811279,False,0.6666666666666666,27,0.7274983901454638,1.4949289430181971,1.0739091567984078,0.8896901827129717
habubu,Habubu,PRM,2026,Summer,jng,Berlin International Gaming,0,0,High DPS | Farmer dominant | Lane bully | Early dominant | High performer,-0.1436561495065689,0.36886048316955566,False,0.7,20,0.8308040921927023,0.688244447077821,1.228893216329652,1.0153763551079866
habubu,Habubu,PRM,2026,Winter,jng,Berlin International Gaming,0,0,High DPS | Farmer dominant | Lane bully | Early dominant | High performer,-0.55231112241745,-0.716641366481781,False,0.7333333333333333,15,0.9247629669768812,1.288401671393767,1.7957428977791772,1.52757385841567
hadess,Hadess,LFL,2024,unknown,jng,Ici Japon Corp. Esport,2,2,Profil neutre,6.335958957672119,0.5621099472045898,False,0.5454545454545454,11,0.7071067811865475,-0.7071067811865476,-0.7071067811865475,-0.7071067811865476
hadess,Hadess,LFL2,2024,Spring,jng,Ici Japon Corp. Esport,2,2,Profil neutre,3.0427699089050293,2.303246259689331,False,0.6666666666666666,6,-1.1160007244227244,0.7340034655473096,-1.284253565232615,0.7071067811865474
hadess,Hadess,LFL2,2024,Summer,jng,Ici Japon Corp. Esport,0,0,High DPS | Farmer dominant | Lane bully | Early dominant | High performer,2.051201581954956,1.8846702575683594,False,0.8333333333333334,18,0.007306573521637,0.9650159265225686,0.5886404595688114,1.7423446219329308
hadess,Hadess,LFL2,2024,unknown,jng,Ici Japon Corp. Esport,2,2,Profil neutre,3.135836601257324,1.5588109493255615,False,0.8181818181818182,22,-0.7488902620631284,0.0327981552236483,0.0303889281523354,1.5688785564314551
hamsi,Hamsi,TCL,2026,Summer,top,DIA Ozarox Esports,0,0,Profil neutre,4.0249714851379395,6.09145450592041,False,0.4545454545454545,11,-0.344742356140338,-1.8142664843169023,-1.4006363212132256,0.1586272985931953
hankat,Hankat,NLC,2026,Spring,jng,Deer Gaming,2,2,Profil neutre,3.0509374141693115,2.1937978267669678,False,0.4705882352941176,17,-0.7021813252094795,0.1534085344644846,-0.5680764152532335,-0.0147441390641478
hantera,Hantera,LFL,2024,Spring,sup,BK ROG Esports,1,1,Profil neutre,5.419769763946533,5.040929317474365,False,0.5454545454545454,22,-0.274940184321804,-1.1913835843430625,-0.2175647621972459,0.4035212577646709
hantera,Hantera,LFL,2024,Summer,sup,BK ROG Esports,1,1,Profil neutre,5.986910820007324,4.596569538116455,False,0.5416666666666666,24,-0.4838120776405017,-0.9226427116737348,-0.9609753216267244,0.3462659727760819
harbo,Harbo,NLC,2024,Summer,mid,Verdant,2,2,Profil neutre,5.4195756912231445,2.3231637477874756,False,0.3333333333333333,12,-1.785482465525224,-0.9836171519776458,-0.6060326954261469,-0.773642050415075
harbo,Harbo,NLC,2025,Spring,mid,Lundqvist Lightside,1,1,Profil neutre,7.401619911193848,1.9125018119812012,False,0.3333333333333333,9,-0.4030936956459466,-1.3702249909614257,0.113215982097818,-0.4651821375179429
harbo,Harbo,NLC,2025,Winter,mid,Lundqvist Lightside,2,2,Profil neutre,4.976243019104004,1.7213143110275269,False,0.3333333333333333,12,-0.8740481725984891,-0.9054263114267962,-1.0089307022917822,-0.6720027008510973
harpoon,HARPOON,LFL,2025,Summer,bot,Galions,1,1,High DPS | Farmer dominant | Lane bully | Early dominant | High performer,9.212178230285645,6.958090305328369,False,0.7241379310344828,29,0.9292781761518264,-0.3472584706853974,0.1573964350577689,1.6365133408165564
harpoon,HARPOON,LFL,2026,unknown,bot,Galions,1,1,High DPS | Farmer dominant | Lane bully | Early dominant | High performer,9.547825813293457,7.91759729385376,False,0.647887323943662,71,0.7898196625394807,0.2355050049070175,1.3252429364966534,1.0959499574097125
harpoon,HARPOON,LFL2,2025,Spring,bot,Esprit Shōnen,1,1,High DPS | Farmer dominant | Lane bully | Early dominant | High performer,11.45292854309082,7.563028812408447,False,0.7272727272727273,22,1.6994260732441662,1.6725242040162602,1.5224352670258667,1.3325569028607485
harpoon,HARPOON,LFL2,2025,Winter,bot,Esprit Shōnen,1,1,High DPS | Farmer dominant | Lane bully | Early dominant | High performer,10.32602596282959,7.241324424743652,False,0.6666666666666666,24,0.4474253456847767,0.8443704615327207,1.2966343965901408,1.0563118141313277
hatsu,Hatsu,NLC,2024,unknown,top,UniQ Esports Club,2,2,Profil neutre,6.377058982849121,7.508637428283691,False,0.5454545454545454,22,-0.3793325944434668,1.1845218273154554,-0.9611142612145896,0.2010521469642176
hawhaw,HAWHAW,LFL2,2024,Summer,mid,Esprit Shōnen,0,0,High DPS | Farmer dominant | Lane bully | Early dominant,9.99362850189209,0.3042975068092346,False,0.3888888888888889,18,1.0716846919679506,1.20945837175077,0.0827644037978878,-0.5605291294964118
hawhaw,HAWHAW,NLC,2025,Winter,mid,Rich Gang,1,1,Profil neutre,9.779208183288574,3.2837772369384766,False,0.5714285714285714,14,-0.3071527371566143,1.3815766698290797,-0.1981218589701149,0.4415773005592607
hazel,Hazel,LFL,2026,unknown,bot,Karmine Corp Blue,1,1,High DPS | Farmer dominant | Lane bully | Early dominant | High performer,10.018672943115234,9.54416561126709,False,0.5,20,1.1959109655805251,0.108609337640303,0.1830263432251746,0.265219940562413
hazel,Hazel,LFL2,2025,Spring,bot,Karmine Corp Blue Stars,2,2,Profil équilibré,6.674899578094482,10.768533706665039,True,0.3571428571428571,14,-0.2704954505635262,0.5489859088981153,-0.6948555101645798,-0.5795570132405193
hazel,Hazel,LFL2,2025,Summer,bot,Karmine Corp Blue Stars,0,0,Profil neutre,5.059844970703125,10.299604415893555,True,0.2857142857142857,14,-0.5070210122635675,0.5875610044165581,-1.5482786817748468,-1.496668885604277
hazel,Hazel,LFL2,2025,Winter,bot,Karmine Corp Blue Stars,1,1,High DPS | Farmer dominant | Lane bully | Early dominant | High performer,10.755439758300781,8.775260925292969,True,0.5,14,0.7274404603454208,1.633368726160172,0.2201701035903943,0.3303399083344664
hazel,Hazel,LVP SL,2024,Summer,bot,LUA Gaming,0,0,Profil neutre,3.872323513031006,10.35081958770752,True,0.3888888888888889,18,0.7645454233428759,-1.8367286931393365,-1.605222054250972,-0.4523253679583836
hazel,Hazel,PRM,2026,Summer,bot,ROSSMANN Centaurs,1,1,High DPS | Farmer dominant | Lane bully | Early dominant | High performer,10.121481895446777,7.243037700653076,False,0.5454545454545454,22,1.0455151890184105,1.4467768985942997,0.5417545434717105,0.2551342077953635
hecabrand,Hecabrand,TCL,2026,Spring,top,Team Phoenix,0,0,Profil neutre,4.216791152954102,4.685995578765869,False,0.25,16,0.0093415342947311,-1.4770859010673731,-1.3987804008383082,-0.9349390697193553
helforca,helforca,TCL,2025,Summer,mid,The Forbidden Five,2,2,Profil neutre,3.6462719440460205,2.748654842376709,False,0.0,8,-0.9406138961537552,-1.8313314115974355,-2.19054817300531,-1.813271325740011
hesszero,HeSSZero,LVP SL,2024,Summer,top,ZETA,2,2,Profil neutre,5.634478569030762,5.417025089263916,False,0.2777777777777778,18,0.6542057433334444,-0.4458024604231611,-0.7545746673188266,-1.028241349317826
hesszero,HeSSZero,LVP SL,2024,unknown,top,ZETA,1,1,Carry agressif | High DPS | Farmer dominant | Lane bully | Early dominant,8.761866569519043,6.798583030700684,False,0.375,8,0.707106781186549,0.707106781186539,0.7071067811865475,-0.7071067811865476
hesszero,HeSSZero,NLC,2025,Summer,top,Bulldog Esports,1,1,Carry agressif | High DPS | Farmer dominant | Lane bully | Early dominant,8.575961112976074,7.477996826171875,False,0.3,10,0.9208385674970668,0.0885928776253846,0.1198604845851346,-0.5196975497608953
hid0,Hid0,LFL,2024,Spring,bot,Aegis,0,0,Profil neutre,4.438179969787598,12.756855964660645,False,0.1666666666666666,18,-0.6538787081012453,0.1201252343628409,-1.6581108612103417,-1.8672805514023945
hid0,Hid0,NLC,2025,Summer,bot,NORD Esports,1,1,High DPS | Farmer dominant | Lane bully | Early dominant | High performer,9.912524223327637,7.999273777008057,False,0.625,16,-0.2208032979972877,1.0112587346248203,1.2478835899857634,0.6942813132321728
hidududu,hidududu,TCL,2025,Summer,sup,The Forbidden Five,1,1,Profil neutre,5.989771366119385,2.897120237350464,False,0.0,8,-1.3184204004227174,-0.0729864646935173,-1.1300198685604572,-1.4110544635145992
highway,Highway,LFL2,2024,Spring,sup,IziDream,0,0,High DPS | Versatile | High performer,3.061025857925415,6.261462688446045,False,0.6666666666666666,6,1.7641787189851654,0.0064761282935217,0.6198497618999113,0.7071067811865474
highway,Highway,LFL2,2024,Summer,sup,IziDream,2,2,Farmer dominant | Lane bully | Early dominant,1.423550009727478,4.768505096435547,False,0.4666666666666667,15,0.4944979584472509,1.9663431756824048,0.1928079072563298,-0.0003389579902657
highway,Highway,LFL2,2024,unknown,sup,IziDream,2,2,Farmer dominant | Lane bully | Early dominant,2.3874027729034424,3.947798728942871,False,0.5555555555555556,9,0.508991118254845,0.7969622400452397,-0.6065626825452675,0.2251638915974567
highway,Highway,LFL2,2025,Spring,sup,Zerance,0,0,High DPS | Versatile | High performer,2.4133753776550293,6.957625389099121,False,0.4210526315789473,19,1.1618219071315763,0.2155843274736406,0.2207263898620764,-0.1674140930747193
highway,Highway,LFL2,2025,Winter,sup,Skillcamp,1,1,Profil neutre,6.196306228637695,3.2766928672790527,False,0.1428571428571428,14,1.3473772573504483,-0.54939772812003,-1.8371079952351168,-1.5862942049170266
hirit,HiRit,TCL,2024,Summer,top,FUT Esports,1,1,Carry agressif | High DPS | Farmer dominant | Lane bully | Early dominant,9.024613380432129,7.625849723815918,False,0.5,22,0.3963661867719326,0.6565658211228366,0.3675537045365431,0.1654224837841052
hiro,Hiro,LFL,2026,unknown,top,ZYB Esport,2,2,Profil neutre,8.271949768066406,4.957622528076172,False,0.3333333333333333,6,1.9757851430211617,0.1390406764760183,-0.0753262477559636,-0.4178405453528366
holyphoenix,HolyPhoenix,TCL,2024,Summer,bot,Misa Esports,2,2,Profil équilibré,6.977095127105713,8.267922401428223,False,0.5294117647058824,17,1.0328655385089618,0.3377820984120768,-0.2760808180538889,0.3407622971807224
holyphoenix,HolyPhoenix,TCL,2024,Winter,bot,Misa Esports,2,2,Profil équilibré,5.477391242980957,10.604578018188477,False,0.4285714285714285,14,-0.5268094367735281,0.5038710441045229,-0.38079529487695,-0.1508868027877381
honor,HONOR,LFL,2024,Spring,sup,Team du Sud,1,1,Profil neutre,6.646816253662109,3.3459887504577637,False,0.3333333333333333,18,-0.8434364364017688,-0.8299678950434498,-2.268722531436853,-0.8681277553688861
honor,HONOR,LFL,2025,Flash In,sup,GameWard,1,1,Profil neutre,5.663554668426514,3.72947096824646,False,0.1666666666666666,6,1.4390455194385732,-0.1742508622348712,-0.6666026619447861,-1.6984473200890384
honor,HONOR,LFL,2025,Spring,sup,GameWard,1,1,Profil neutre,5.87852144241333,3.0195913314819336,False,0.3571428571428571,14,-0.3634274992970807,-0.0906357543431032,-0.8976366800621579,-0.6541335931823733
honor,HONOR,LFL,2025,Summer,sup,GameWard,2,2,Farmer dominant | Lane bully | Early dominant,2.3822672367095947,2.3233559131622314,False,0.217391304347826,23,1.502473826448553,0.4440449527879195,-0.2104057768858228,-1.766385851287866
honor,HONOR,LFL2,2024,Summer,sup,Joblife,0,0,High DPS | Versatile | High performer,1.0106841325759888,5.665316104888916,False,0.7222222222222222,18,2.1956041292687773,1.0719640656817724,1.67591207542184,1.1659476949165333
honor,HONOR,LFL2,2024,unknown,sup,Joblife,2,2,Farmer dominant | Lane bully | Early dominant,1.0993729829788208,3.725980520248413,False,0.5,6,1.3349730228981282,1.3825761298139096,1.6179076030363393,-0.0591793429890451
hoon,Hoon,TCL,2024,Summer,top,Beşiktaş Esports,2,2,Profil neutre,6.654424667358398,7.887944221496582,False,0.5,18,-0.3194386237772554,0.5888360418025452,-0.0420418152409347,0.1654224837841052
hoon,Hoon,TCL,2024,Winter,top,Beşiktaş Esports,1,1,Carry agressif | High DPS | Farmer dominant | Lane bully | Early dominant,10.410608291625977,9.0463285446167,False,0.6818181818181818,22,1.2645696343322377,1.1367429697913596,1.558781493047198,0.9742902506359392
howling,Howling,LFL,2024,Spring,top,BK ROG Esports,1,1,Carry agressif | High DPS | Farmer dominant | Lane bully | Early dominant,8.192434310913086,6.3128838539123535,False,0.5454545454545454,22,-0.4039654869919022,-0.7495249209291576,1.0964391352156824,0.4035212577646716
howling,Howling,LFL,2024,Summer,top,BK ROG Esports,2,2,Profil neutre,8.38713264465332,5.68773889541626,False,0.5416666666666666,24,0.21397611340116,-0.0219856032291332,0.5508194402258759,0.3462659727760819
howling,Howling,LFL,2025,Flash In,top,Ici Japon Corp. Esport,2,2,Profil neutre,4.797497749328613,6.042902946472168,False,0.5,20,0.0132493614844087,-1.278360722840565,-0.5945270582335715,0.1091376136649693
howling,Howling,LFL,2025,Spring,top,Ici Japon Corp. Esport,2,2,Profil neutre,8.163987159729004,5.659026622772217,False,0.5263157894736842,19,-0.0352135908987496,0.3993635684547895,-0.1475871150101553,0.4103158278198043
howling,Howling,LFL,2025,Summer,top,Ici Japon Corp. Esport,1,1,Carry agressif | High DPS | Farmer dominant | Lane bully | Early dominant,8.851717948913574,5.5714006423950195,False,0.5,22,1.160603391470408,0.6955075754574815,0.3420875513848609,0.1313848520011387
humzh,Humzh,NLC,2025,Winter,bot,Ruddy Corporation,2,2,Profil équilibré,7.204159259796143,11.784512519836426,False,0.5714285714285714,14,-0.7147827395972132,-0.6951000408049078,0.3892292328316428,0.4869624107242264
hungrypanda,HungryPanda,LFL,2026,unknown,sup,Joblife,1,1,Profil neutre,4.970909595489502,3.3296706676483154,False,0.5263157894736842,19,-0.3541679930813141,0.0917213441356892,-0.7591734679772353,0.3991068350265588
hungrypanda,HungryPanda,PRM,2025,Spring,sup,Austrian Force willhaben,1,1,Profil neutre,3.9976277351379395,3.4003489017486572,False,0.375,24,-0.3871732358824483,-0.2765133467106466,-0.3775505996313146,-0.959133653157773
hungrypanda,HungryPanda,PRM,2025,Winter,sup,Austrian Force willhaben,2,2,Farmer dominant | Lane bully | Early dominant,1.6343601942062378,4.875530242919922,False,0.5,16,-0.3192836647469433,0.8414549923606626,0.6206757983807418,0.1730318662730844
hunt,Hunt,NLC,2024,Summer,mid,NORD Esports,0,0,High DPS | Farmer dominant | Lane bully | Early dominant,10.30545425415039,0.8603471517562866,False,0.5909090909090909,22,0.3691222583028875,0.7318830995135891,0.7212710152095357,0.6508647596392217
hunt,Hunt,NLC,2026,Winter,mid,Bulldog Esports,0,0,High DPS | Farmer dominant | Lane bully | Early dominant,9.966865539550781,1.4117822647094727,False,0.4545454545454545,11,0.4774089726231832,0.1229213039770537,0.9656357194570816,-0.1716283339263352
hustlin,Hustlin,LVP SL,2024,Spring,sup,Barça eSports,1,1,Profil neutre,5.986880302429199,2.7037293910980225,False,0.2352941176470588,17,-1.1978315549075564,0.3907925155968424,-2.0924404048314598,-1.3951233823480549
hustlin,Hustlin,NLC,2025,Winter,sup,Ruddy Corporation,1,1,Profil neutre,4.264220237731934,4.480765342712402,False,0.5714285714285714,14,-0.6681280906717743,-0.1890481804510879,-0.1602309774932868,0.4681028685284188
hybradge,hybradge,NLC,2024,Summer,jng,Nativz,2,2,Profil neutre,6.423672676086426,1.6573954820632935,False,0.2857142857142857,14,-1.000791111054914,-0.0513756872436186,-0.5327549479126112,-0.7523572011969152
hybradge,hybradge,NLC,2025,Spring,jng,Lundqvist Lightside,2,2,Profil neutre,2.3277475833892822,1.7227036952972412,False,0.3333333333333333,9,-0.9846084912808364,0.122507918529115,-0.0355519154824364,-0.4817948508933263
hybradge,hybradge,NLC,2025,Winter,jng,Lundqvist Lightside,1,1,Profil neutre,6.431725025177002,2.4140896797180176,False,0.3333333333333333,12,-0.8953699214461057,0.6511650523395057,-0.3847650698716478,-0.6517818181421848
hydra,Hydra,LFL2,2024,Spring,mid,MHSC Esport,1,1,Profil neutre,5.5779008865356445,0.9745497703552246,False,0.6666666666666666,6,-1.2136869720685304,-0.0395122346743874,-1.1414345370231336,0.7071067811865474
hydra,Hydra,LFL2,2024,Summer,mid,MHSC Esport,1,1,Profil neutre,6.942666053771973,1.7832268476486206,False,0.7647058823529411,17,-0.8478722306434467,-1.10207314719362,-0.1573503021626104,1.307901302158294
hydra,Hydra,LFL2,2024,unknown,mid,MHSC Esport,2,2,Profil neutre,5.514646053314209,0.9950976967811584,False,0.4117647058823529,17,-1.4104051552673875,-1.0901332693885255,-1.907174530652176,-0.6563891435154384
hydra,Hydra,LVP SL,2025,Spring,mid,LUA Gaming,1,1,Profil neutre,6.918216705322266,1.644242763519287,False,0.4210526315789473,19,-0.5592985145336548,0.4387688289580597,-0.9059596705584324,-0.1117821046968518
hydra,Hydra,LVP SL,2025,Summer,mid,LUA Gaming,2,2,Profil neutre,6.05217170715332,3.022883176803589,False,0.4615384615384615,13,0.1034488819856261,0.4541209821031797,-0.7377707181344059,0.043922444232333
hydra,Hydra,LVP SL,2025,Winter,mid,LUA Gaming,0,0,High DPS | Farmer dominant | Lane bully | Early dominant,10.065497398376465,0.5002540349960327,False,0.5,12,0.0328169628210205,0.7948858481684339,0.3932840699041948,0.2241627690490898
hydraa,Hydraa,NLC,2025,Summer,sup,Ruddy Corporation,2,2,Farmer dominant | Lane bully | Early dominant,2.3857200145721436,2.33322811126709,False,0.0,7,1.2643598065508428,1.4057767325802968,-0.8628113595943164,-1.5618149336258311
hypa,Hypa,NLC,2025,Summer,top,Ruddy Corporation,0,0,Profil neutre,3.9038119316101074,4.764099597930908,False,0.0,7,-1.0803325644886463,-1.098016718973973,-1.7940561468776226,-1.5582683867136755
hype,Hype,TCL,2026,Kickoff,bot,Misa Esports,1,1,High DPS | Farmer dominant | Lane bully | Early dominant | High performer,11.411307334899902,7.590230464935303,True,0.9333333333333332,15,1.358672176461248,1.813964888965412,1.6492871344039823,1.711221947013794
ibo,iBo,LVP SL,2024,Spring,top,Ramboot Club,1,1,Carry agressif | High DPS | Farmer dominant | Lane bully | Early dominant,10.270604133605957,7.274820327758789,False,0.5,18,-0.1231107180781453,0.2486288246913665,1.9063479719455887,0.1517008127906732
ibo,iBo,LVP SL,2024,Summer,top,Ramboot Club,1,1,Carry agressif | High DPS | Farmer dominant | Lane bully | Early dominant,8.766790390014648,7.224370956420898,False,0.6333333333333333,30,-0.2880045831523252,-0.2972879068375921,0.7421796879327663,0.8700041529530322
ibo,iBo,LVP SL,2025,Summer,top,Veni Vidi Vici,1,1,Carry agressif | High DPS | Farmer dominant | Lane bully | Early dominant,9.578621864318848,7.773891448974609,False,0.4285714285714285,14,1.3390737664172505,-0.2384964758834679,0.5698291710001041,-0.1032758173342016
ibo,iBo,LVP SL,2025,Winter,top,Ramboot Club,1,1,Carry agressif | High DPS | Farmer dominant | Lane bully | Early dominant,9.788146018981934,8.903488159179688,False,0.5333333333333333,15,1.7535596759436196,0.8483562695245082,0.5294420733485732,0.3677559338624794
icarus,Icarus,LFL2,2024,Spring,jng,Esprit Shōnen,2,2,Profil neutre,4.262661933898926,1.5382102727890015,False,0.6666666666666666,6,-0.6790381845832708,-0.7591593012538761,-0.1054995029890931,0.7071067811865474
icarus,Icarus,LFL2,2025,unknown,jng,NEO ZEPHYR,2,2,Profil neutre,4.914481163024902,2.0747859477996826,False,0.4,5,-0.0020567844828829,-0.5604370620415025,0.1021955806514926,-0.8728715609439699
ihy0,Ihy0,LFL2,2025,Winter,top,Zerance,2,2,Profil neutre,7.058372974395752,4.924348831176758,False,0.2142857142857142,14,-0.902622112480457,-0.839758618597605,0.361680798699964,-1.2257148522460868
ilevi,iLEVI,LVP SL,2025,Spring,sup,UCAM Esports,2,2,Farmer dominant | Lane bully | Early dominant,2.7194862365722656,3.856875419616699,False,0.4375,16,0.8091133870795789,0.4109922011057677,0.7467208236048999,-0.034074305326864
ilevi,iLEVI,LVP SL,2025,Summer,sup,UCAM Esports,2,2,Farmer dominant | Lane bully | Early dominant,0.8560325503349304,4.829710960388184,False,0.6086956521739131,23,0.9645788067935418,1.942859837435428,0.7150286298140254,0.7009813509351249
ilevi,iLEVI,LVP SL,2025,Winter,sup,UCAM Esports,0,0,High DPS | Versatile | High performer,3.667142391204834,5.913081645965576,False,0.3846153846153846,13,-0.5276002102050497,-0.4603514091569358,0.3072802567938749,-0.2728904937664898
illlima,IlllIma,TCL,2024,Winter,top,Misa Esports,2,2,Profil neutre,7.8921427726745605,5.44468355178833,False,0.3888888888888889,18,0.0982832203960414,0.3631742350083118,0.189085159253238,-0.3012381215315501
illlima,IlllIma,TCL,2025,Winter,top,ULF Esports,0,0,Profil neutre,4.078044891357422,4.684218883514404,False,0.1428571428571428,14,0.0234921358175962,-0.6348069716410133,-1.4076859766789394,-1.63038051266289
illlima,IlllIma,TCL,2026,Summer,top,SU Esports,1,1,Carry agressif | High DPS | Farmer dominant | Lane bully | Early dominant,9.995429992675781,8.375109672546387,False,0.5416666666666666,24,0.7567189232088629,0.4170730603787754,1.5203472632746764,0.5133609667486011
improver,Improver,LFL2,2025,Spring,mid,Lille Esport,2,2,Profil neutre,3.502309560775757,2.8527352809906006,False,0.2,5,-1.5052977578935336,-1.354746399602372,-1.2556616091667556,-1.0060659515238335
improver,Improver,LFL2,2025,Winter,mid,Lille Esport,2,2,Profil neutre,3.5437490940093994,2.9425528049468994,False,0.3571428571428571,14,-1.3235303349407057,-1.0996369055168025,-0.807223558460653,-0.5045561469042072
indecision,Indecision,LVP SL,2024,Spring,jng,ZETA,1,1,Profil neutre,8.811756134033203,1.7459893226623535,False,0.125,8,-1.3081068990418796,-0.9304156278248203,-1.0455423201910798,-1.6930518096455045
infinity,Infinity,LVP SL,2025,Spring,jng,Guasones,1,1,Profil neutre,8.657243728637695,1.33639657497406,False,0.0,9,-2.013355569791816,-0.2974945999751233,-1.017184311800719,-2.101101768568552
infinity,Infinity,LVP SL,2025,Winter,jng,Guasones,1,1,Profil neutre,7.077366828918457,1.3737056255340576,False,0.1111111111111111,9,-0.8280354109459105,-0.3026948759342943,-0.518133722723346,-1.4510908204404562
infoneral,Infoneral,PRM,2024,Spring,sup,Austrian Force willhaben,2,2,Farmer dominant | Lane bully | Early dominant,3.108513116836548,2.180323839187622,False,0.6666666666666666,18,-1.0583704726140182,0.558667921219617,-0.1066559560464154,0.7115124735378853
infoneral,Infoneral,PRM,2024,Summer,sup,Austrian Force willhaben,1,1,Profil neutre,4.938427448272705,5.260983943939209,False,0.5714285714285714,14,0.2117003556210873,-0.1491007255789657,-1.2906031798857345,0.4621790426399936
infoneral,Infoneral,PRM,2024,unknown,sup,Austrian Force willhaben,2,2,Farmer dominant | Lane bully | Early dominant,3.502847194671631,2.4722237586975098,False,0.4285714285714285,7,-0.6604716838339105,1.7170138787847786,-0.4805046058115811,-0.2335654405960432
infoneral,Infoneral,PRM,2025,Finals,sup,TeamOrangeGaming,1,1,Profil neutre,4.6153411865234375,5.772089004516602,False,0.4285714285714285,14,0.2574276849287205,-0.8066365359903671,-0.2099656163529342,-0.6362745556058365
infoneral,Infoneral,PRM,2025,Spring,sup,TeamOrangeGaming,1,1,Profil neutre,6.152987003326416,4.730661392211914,False,0.52,25,-0.8881581258877296,-1.286818484167122,-0.1217386632634335,0.1341268659145284
infoneral,Infoneral,PRM,2025,Summer,sup,TeamOrangeGaming,0,0,High DPS | Versatile | High performer,3.963690996170044,6.985116004943848,False,0.75,12,0.5444718559031255,-0.7272119559612461,0.1590517319199472,1.0754977544176787
infoneral,Infoneral,PRM,2025,Winter,sup,TeamOrangeGaming,1,1,Profil neutre,4.329745769500732,5.617778778076172,False,0.4666666666666667,15,-0.0195777791774564,-0.112084846997857,-0.1832041703297788,-0.0124636560137985
infoneral,Infoneral,PRM,2026,Summer,sup,ROSSMANN Centaurs,1,1,Profil neutre,5.342556953430176,5.865447998046875,False,0.5454545454545454,22,-1.1485518341690268,-0.6098700435138867,-0.3295500828028137,0.2421337322334638
innaxe,Innaxe,LFL,2024,Spring,bot,Solary,2,2,Profil équilibré,4.745080947875977,9.319541931152344,False,0.4444444444444444,18,-0.4277686217008468,-1.8981170554725613,-0.2033294662023379,-0.2020258913465459
innaxe,Innaxe,LFL,2024,Summer,bot,Team du Sud,0,0,Profil neutre,5.035801887512207,11.920337677001953,False,0.2222222222222222,18,-1.076460199863253,-1.025808197314686,-0.9734993165587776,-1.1144501524651806
innaxe,Innaxe,NLC,2025,Spring,bot,NORD Esports,2,2,Profil équilibré,5.808168888092041,8.327178955078125,False,0.6470588235294118,17,1.3708976203121743,-0.815991580412824,0.1727386376205905,0.9167703992989488
innaxe,Innaxe,PRM,2025,Winter,bot,Dung Dynasty,2,2,Profil équilibré,6.835044860839844,7.625511646270752,False,0.4615384615384615,13,1.847740051603393,-0.511050113955767,-1.144457723727341,-0.0410014286733182
innaxe,Innaxe,PRM,2025,unknown,bot,Eintracht Spandau,2,2,Profil équilibré,5.504746913909912,8.85047721862793,False,0.6,5,-0.7071067811865479,-0.7071067811865421,0.7071067811865475,0.7071067811865477
irrelevant,Irrelevant,PRM,2026,Spring,top,Berlin International Gaming,1,1,Carry agressif | High DPS | Farmer dominant | Lane bully | Early dominant,9.227606773376465,9.273651123046875,False,0.6304347826086957,46,1.4359405379150645,-1.5299221371612894,0.9537923512472836,0.7978630480460017
irrelevant,Irrelevant,PRM,2026,Summer,top,Berlin International Gaming,1,1,Carry agressif | High DPS | Farmer dominant | Lane bully | Early dominant,9.438497543334961,9.376508712768555,False,0.7,20,1.53174255033982,-0.6092917114503951,0.8566296170638228,1.1510549519705562
irrelevant,Irrelevant,PRM,2026,Winter,top,Berlin International Gaming,1,1,Carry agressif | High DPS | Farmer dominant | Lane bully | Early dominant,9.680007934570312,9.424635887145996,False,0.7333333333333333,15,2.0170159731381365,-0.1882855187866593,2.006032391599684,1.3982727452235657
ivory,Ivory,TCL,2025,Spring,mid,Eternal Fire,2,2,Profil neutre,5.67889928817749,1.6407139301300049,False,0.2142857142857142,14,-1.5754621446821422,0.5098937705413419,-0.9283076310729808,-1.6006891754949906
ivory,Ivory,TCL,2025,Summer,mid,Beşiktaş Esports,1,1,Profil neutre,9.575654029846191,3.918684720993042,False,0.65,20,-0.6263752945312325,0.5225006893570868,0.219380100493932,0.7938889406596924
ivory,Ivory,TCL,2025,Winter,mid,Eternal Fire,0,0,High DPS | Farmer dominant | Lane bully | Early dominant,10.126175880432129,-0.13683104515075684,False,0.7272727272727273,22,0.9051520131829892,0.213837303182397,0.6927707440565721,1.3380721448210815
iwanan,iwanan,LFL2,2025,Summer,mid,Zerance,2,2,Profil neutre,5.671566009521484,2.9525129795074463,False,0.3571428571428571,14,-0.554442966541681,0.4245258921670713,-1.003834710424302,-0.945828103076324
iwanan,iwanan,TCL,2026,Spring,mid,BoostGate Esports,0,0,High DPS | Farmer dominant | Lane bully | Early dominant,10.73705005645752,2.5610454082489014,False,0.3809523809523809,21,1.7873286388245335,0.272839457457851,0.2518894911774106,-0.3970640676066359
j3rkie,J3rkie,NLC,2026,Summer,sup,Ruddy Corporation,0,0,High DPS | Versatile | High performer,3.3053436279296875,7.410783290863037,False,0.85,20,0.132433497588949,-0.785268657419122,1.269208980445606,1.7619804737649276
jackspektra,Jackspektra,LVP SL,2024,Spring,bot,Team Heretics Academy,1,1,High DPS | Farmer dominant | Lane bully | Early dominant | High performer,10.78220272064209,7.2616071701049805,False,0.7307692307692307,26,1.6517085859927605,1.0752904934357947,1.584387273057239,1.5046307842808109
jackspektra,Jackspektra,LVP SL,2024,Summer,bot,Team Heretics Academy,1,1,High DPS | Farmer dominant | Lane bully | Early dominant | High performer,10.077997207641602,8.508600234985352,False,0.7307692307692307,26,0.3555735730494081,0.5050511229113995,2.239114537290781,1.3924303611091078
jackspektra,Jackspektra,NLC,2026,Winter,bot,4 Swines & A Bum,0,0,Profil neutre,5.465088844299316,12.3855562210083,False,0.1428571428571428,7,-1.4400998919019343,0.6792783969947191,-0.5169715228796359,-1.1721998820721853
jactroll,Jactroll,TCL,2024,Winter,sup,Papara SuperMassive,0,0,High DPS | Versatile | High performer,4.176333904266357,6.986035346984863,False,0.6153846153846154,26,0.8999618531143939,-1.2539464086898724,0.0152792404767373,0.6671397433792247
jakobobbi,Jakobobbi,PRM,2026,Spring,sup,VfB eSports,2,2,Farmer dominant | Lane bully | Early dominant,2.2111058235168457,2.5594093799591064,False,0.1666666666666666,18,0.7719933100074852,0.9012599043758048,-0.7835405475518408,-1.2153968983166916
jakobobbi,Jakobobbi,PRM,2026,Summer,sup,VfB eSports,2,2,Farmer dominant | Lane bully | Early dominant,2.405165433883667,2.7260098457336426,False,0.2777777777777778,18,0.7979047274991469,0.9867929427179636,-0.62016329388282,-1.0971427060786183
jakobobbi,Jakobobbi,PRM,2026,unknown,sup,VfB eSports,2,2,Farmer dominant | Lane bully | Early dominant,2.5947182178497314,2.2956323623657227,False,0.25,8,0.5656444030889867,-0.2494331096773177,-0.7901355682931352,-1.1955800954791285
janis,Janis,LFL2,2025,Winter,jng,Skillcamp,2,2,Profil neutre,5.064186096191406,1.844130277633667,False,0.1666666666666666,12,-0.1075920292438902,-0.3960414349441418,-0.8488150014182765,-1.5217415357417876
jankos,Jankos,NLC,2025,Spring,jng,NORD Esports,2,2,Profil neutre,2.815450668334961,0.3158647119998932,False,0.6470588235294118,17,-0.0749390836195453,0.9561749617598668,0.4101512460217072,0.832486523979928
jankos,Jankos,NLC,2025,Summer,jng,NORD Esports,0,0,High DPS | Farmer dominant | Lane bully | Early dominant | High performer,0.3307090103626251,-0.6298910975456238,False,0.625,16,-0.3089415987206665,0.5858436935730726,1.5765077674204389,0.6632480263355627
jankos,Jankos,NLC,2025,Winter,jng,Ruddy Corporation,0,0,High DPS | Farmer dominant | Lane bully | Early dominant | High performer,2.060187339782715,-0.2216508984565735,False,0.5714285714285714,14,0.8287781912425405,0.24482902754244,1.2270674705764235,0.4681028685284188
javier,Javier,LVP SL,2024,Spring,mid,Case Esports,1,1,Profil neutre,7.832960605621338,3.626743793487549,False,0.6296296296296297,27,-0.6568102850452521,-1.113078383402907,-0.3840654517183723,0.7593127272828382
javier,Javier,LVP SL,2024,Summer,mid,Rebels Gaming,2,2,Profil neutre,5.631839275360107,1.728999137878418,False,0.1111111111111111,18,-1.3264819848695424,0.242826216545468,-0.4796643592002305,-1.918043928507291
jayjay,JayJay,NLC,2024,unknown,mid,42 Gaming,1,1,Profil neutre,7.774114608764648,1.0884159803390503,False,0.5,8,-0.5653563825527966,-0.8479120606896441,0.0232384855129494,0.0866596671004316
jayjay,JayJay,NLC,2026,Spring,mid,DMG Esports,2,2,Profil neutre,4.3374457359313965,2.296811580657959,False,0.375,8,0.6596686209728658,-2.005835348788869,-1.7127566759542696,-0.4940583432280061
jejky,Jejky,NLC,2024,Spring,jng,Nativz,1,1,Profil neutre,5.940393924713135,2.3681490421295166,False,0.4285714285714285,14,-0.0540339571760584,-0.586485690182766,-1.1800712178593191,-0.3193576848273174
jeskla,Jeskla,LVP SL,2024,Spring,bot,Ramboot Club,1,1,High DPS | Farmer dominant | Lane bully | Early dominant | High performer,9.325993537902832,9.861635208129883,False,0.375,8,0.0740066751458893,0.2393562597613276,0.7807028175429532,-0.5262049700672401
jeskla,Jeskla,PRM,2024,Summer,bot,Berlin International Gaming,2,2,Profil équilibré,6.623712539672852,9.316837310791016,False,0.4444444444444444,18,0.5720104315532734,-0.1481071925084186,0.0048563907845129,-0.3354101966249686
jeskla,Jeskla,PRM,2025,Spring,bot,Kaufland Hangry Knights,2,2,Profil équilibré,5.486704349517822,8.729657173156738,False,0.5714285714285714,35,-0.0298306518478821,-1.2813890786073177,0.9184645186866076,0.5218842913983
jeskla,Jeskla,PRM,2025,Summer,bot,Kaufland Hangry Knights,2,2,Profil équilibré,6.826724052429199,8.270904541015625,False,0.3636363636363636,11,0.1298695141391303,-0.7760600056174197,-0.6880925704947906,-0.5127260534995294
jeykup,Jeykup,LFL,2026,unknown,jng,BK ROG Esports,0,0,High DPS | Farmer dominant | Lane bully | Early dominant | High performer,0.07383282482624054,0.988429605960846,False,0.5,12,0.8478617725467544,1.7050107800568106,0.3322816768104969,0.3832962771951536
jeyrus,Jeyrus,TCL,2026,Spring,bot,Bushido Wildcats,1,1,High DPS | Farmer dominant | Lane bully | Early dominant | High performer,10.14944076538086,7.0579352378845215,False,0.4347826086956521,23,1.212505185905772,1.15292887968791,1.0840660168145164,-0.1555293041075714
jeyrus,Jeyrus,TCL,2026,Summer,bot,DIA Ozarox Esports,2,2,Profil équilibré,6.572789192199707,8.278450965881348,False,0.4545454545454545,11,0.8800202699990548,-0.1635012423123193,-0.2243663156772235,0.1349450093661775
jezu,Jezu,LFL,2024,Spring,bot,Team GO,1,1,High DPS | Farmer dominant | Lane bully | Early dominant | High performer,7.190751075744629,8.447696685791016,False,0.4285714285714285,21,0.9110956699759132,0.6712738907958111,0.2308082238751371,-0.2971833004925944
jezu,Jezu,LFL,2024,Summer,bot,Team GO,2,2,Profil équilibré,8.452733993530273,9.005416870117188,False,0.5,28,-0.0886743673723996,0.7189057960589811,0.5983047741513444,0.1557377825272217
jezu,Jezu,LFL,2025,Flash In,bot,Galions,2,2,Profil équilibré,7.162983417510986,11.5872220993042,False,0.625,16,0.2813722197518832,0.0359987824931942,-0.0376104476939563,0.7869819638227227
jezu,Jezu,LFL,2025,Spring,bot,Galions,1,1,High DPS | Farmer dominant | Lane bully | Early dominant | High performer,9.001559257507324,7.41848611831665,False,0.5416666666666666,24,0.168882340307503,-0.7239976082178526,1.0537035580839895,0.5069047567625945
jezu,Jezu,LFL,2026,unknown,bot,ZYB Esport,2,2,Profil équilibré,6.646331787109375,8.519438743591309,False,0.3513513513513513,37,-0.0912331712847023,-0.0802818685393003,0.0500996792794633,-0.5697866786882185
jinjo,jinjo,NLC,2024,Spring,bot,Lionscreed,1,1,High DPS | Farmer dominant | Lane bully | Early dominant | High performer,10.51292610168457,7.645207405090332,False,0.7272727272727273,22,1.1312014205518746,1.2273513313075164,0.9634323030822242,1.655029016999528
jit,JiT,NLC,2024,unknown,jng,Ruzeh Esports,0,0,High DPS | Farmer dominant | Lane bully | Early dominant | High performer,3.534773349761963,-0.36999019980430603,False,0.4,10,1.5060986395561236,0.1478992994258828,0.097140409492273,-0.3819110686649696
jnx,JNX,LFL,2024,Spring,top,Team BDS Academy,1,1,Carry agressif | High DPS | Farmer dominant | Lane bully | Early dominant,10.582691192626953,8.969062805175781,True,0.76,25,1.5134380714164917,2.346909963400119,0.8784521464287175,1.6897034024768982
jnx,JNX,LFL,2024,Summer,top,Team BDS Academy,1,1,Carry agressif | High DPS | Farmer dominant | Lane bully | Early dominant,10.455434799194336,9.10410213470459,False,0.7931034482758621,29,2.516288090242201,1.4047811429975223,1.0700097198274774,1.4960050518640329
jnx,JNX,LFL,2025,Summer,top,Vitality.Bee,1,1,Carry agressif | High DPS | Farmer dominant | Lane bully | Early dominant,8.544333457946777,8.156737327575684,False,0.5142857142857142,35,1.0844906014309248,1.0855744418211108,0.6743582935057981,0.2273161183212419
jnx,JNX,PRM,2026,Spring,top,Eintracht Spandau,1,1,Carry agressif | High DPS | Farmer dominant | Lane bully | Early dominant,10.183216094970703,8.33177661895752,False,0.6666666666666666,33,0.729768884779721,1.391769042741597,0.6699846741142291,0.9555619948850786
jnx,JNX,PRM,2026,Summer,top,Eintracht Spandau,2,2,Profil neutre,6.374730110168457,7.752426624298096,False,0.55,20,0.0258748151311695,0.4215251690701179,-0.3423458781245026,0.3863500904247775
jnx,JNX,PRM,2026,Winter,top,Eintracht Spandau,2,2,Profil neutre,6.569214820861816,7.933810710906982,False,0.5625,16,-0.0714251954079703,1.0039898039341588,-0.6013390312493629,0.4417425367520274
joexy,Joexy,TCL,2024,Summer,sup,Galakticos,2,2,Farmer dominant | Lane bully | Early dominant,3.0394959449768066,2.5143141746520996,False,0.0,14,0.297744192883435,1.874230833117976,-1.2258363764752596,-2.005700291362358
joexy,Joexy,TCL,2024,unknown,sup,Galakticos,0,0,High DPS | Versatile | High performer,0.9503334760665894,5.794238090515137,False,0.8571428571428571,7,1.4706215910020504,0.0236411020941596,1.4773262164548857,1.0718706299357226
joexy,Joexy,TCL,2025,Summer,sup,BBL Dark Passage,0,0,High DPS | Versatile | High performer,3.278989553451538,6.153138160705566,False,0.3529411764705882,17,1.0599437814181032,-0.7736638609397886,0.8518437530041714,-0.1184162393561504
joexy,Joexy,TCL,2025,Winter,sup,ULF Esports,1,1,Profil neutre,3.030210494995117,2.883896589279175,False,0.1428571428571428,14,-0.0760389667489299,0.5249008484984049,-1.9947610267101088,-1.6080487252273472
joexy,Joexy,TCL,2026,Kickoff,sup,PCIFIC Esports,2,2,Farmer dominant | Lane bully | Early dominant,1.4411965608596802,3.3685169219970703,False,0.3571428571428571,14,0.3944438797407255,0.516143503520698,0.4247079517062519,-0.3790925688007209
joexy,Joexy,TCL,2026,Spring,sup,Dark Passage,0,0,High DPS | Versatile | High performer,2.2539873123168945,6.037269115447998,False,0.1538461538461538,13,1.5875839788228865,0.6152476794406209,1.0181626944239155,-1.343279271454203
joinze,Joinze,LFL2,2024,unknown,jng,Nameless (French Team),0,0,High DPS | Farmer dominant | Lane bully | Early dominant | High performer,1.3277872800827026,0.5744680166244507,False,0.6363636363636364,11,0.9641461381439056,0.8395074401556988,1.7675558214285756,0.5733640590867916
joinze,Joinze,LFL2,2025,Spring,jng,IziDream,2,2,Profil neutre,4.923219203948975,1.9638515710830688,False,0.4285714285714285,14,-0.2665788577412073,-0.5375058164426794,-0.51943384141659,-0.1644011288317463
joinze,Joinze,LFL2,2025,Summer,jng,Skillcamp,2,2,Profil neutre,5.3364362716674805,1.8496220111846924,False,0.4285714285714285,14,-0.0875759624950703,0.2162282204007804,0.326993997551582,-0.3949873205483714
joinze,Joinze,LFL2,2025,Winter,jng,IziDream,2,2,Profil neutre,2.4426400661468506,-0.8748374581336975,False,0.5416666666666666,24,0.2040410787146637,0.2024795509220266,0.2081507143368414,0.4232121935606114
joinze,Joinze,LFL2,2025,unknown,jng,Skillcamp,0,0,High DPS | Farmer dominant | Lane bully | Early dominant | High performer,0.4207674264907837,-0.08962308615446091,False,0.6,10,1.00102680585428,1.1545369653555864,0.944978033831972,1.0910894511799616
jokaa,jokaa,LFL2,2024,Summer,jng,Klanik Esport,2,2,Profil neutre,4.260064601898193,1.4669578075408936,False,0.4444444444444444,9,-0.3346260107734335,-0.1582405336382416,0.1100303069977793,-0.1081902142145401
jokaa,jokaa,NLC,2024,Summer,jng,NORD Esports,0,0,High DPS | Farmer dominant | Lane bully | Early dominant | High performer,1.2419517040252686,1.061456322669983,False,0.5714285714285714,14,1.3078904559319375,-0.3477665244533993,1.0185078441916942,0.5053411926471206
jokaa,jokaa,PRM,2025,Spring,jng,Eintracht Spandau,1,1,Profil neutre,6.823151588439941,0.7697545886039734,False,0.2857142857142857,14,-0.2452237144658934,-0.7468812366821436,-1.0787932257284951,-1.256324444214604
jokaa,jokaa,PRM,2025,Winter,jng,Eintracht Spandau,1,1,Profil neutre,6.924893379211426,2.9243052005767822,False,0.4,10,0.389473976499835,-1.067026789386184,-0.1153817939384088,-0.3834547005875636
jokaa,jokaa,PRM,2026,Summer,jng,ROSSMANN Centaurs,2,2,Profil neutre,3.3303558826446533,1.0024778842926025,False,0.5454545454545454,22,-0.1734077068484765,0.175874380538673,-0.162264045348272,0.2421337322334633
joki37,Joki37,NLC,2026,Summer,jng,Bulldog Esports,1,1,Profil neutre,7.515467643737793,2.5551388263702393,False,0.4615384615384615,13,-0.3113477806179981,-1.9274479835008136,-1.1618252790302634,0.0047038944496502
jool,Jool,LFL,2026,unknown,mid,Solary,1,1,Profil neutre,9.144330024719238,3.6516528129577637,False,0.7636363636363637,55,-0.480744534873962,-0.3485203334369713,0.2194182682154775,1.7803793186903838
jool,Jool,TCL,2025,Spring,mid,BoostGate Esports,1,1,Profil neutre,8.662803649902344,3.9785614013671875,False,0.6923076923076923,26,0.058588107429015,-2.1389618125287693,0.729627303966337,1.5060504666761458
jool,Jool,TCL,2025,Winter,mid,BoostGate Esports,1,1,Profil neutre,8.230886459350586,3.740962266921997,False,0.5714285714285714,21,-0.3541620584778009,-1.5697185550965072,0.1783312050438879,0.5464847694920222
jopa,Jopa,LFL,2024,Spring,bot,Vitality.Bee,2,2,Profil équilibré,9.11203670501709,8.977340698242188,False,0.5416666666666666,24,-0.2192962886412375,-0.1897244887557873,0.5439690836903283,0.3808132396730009
jopa,Jopa,LFL,2024,Summer,bot,Vitality.Bee,2,2,Profil équilibré,7.406136989593506,7.694070339202881,True,0.6,30,0.9452377961189128,-0.0760209823828775,0.7535370157666534,0.6130054391244865
jopa,Jopa,LFL,2025,Flash In,bot,Vitality.Bee,0,0,Profil neutre,5.944093704223633,10.233467102050781,True,0.5,8,0.0293607159075266,-1.1970364038992392,-1.697747780467336,0.1091376136649696
jopa,Jopa,LFL,2025,Spring,bot,Vitality.Bee,2,2,Profil équilibré,7.447222709655762,7.835663318634033,True,0.5555555555555556,27,0.6934155922728701,0.7746946630819918,-0.6261676093285645,0.5942947400917861
jopa,Jopa,LFL,2025,Summer,bot,Vitality.Bee,1,1,High DPS | Farmer dominant | Lane bully | Early dominant | High performer,9.066551208496094,7.260622501373291,True,0.5142857142857142,35,1.139138120859729,0.05883185578724,0.6883538439892164,0.2273161183212422
juhan,Juhan,LVP SL,2024,Spring,jng,GIANTX iTero,0,0,High DPS | Farmer dominant | Lane bully | Early dominant | High performer,-0.21445217728614807,0.8715791702270508,True,0.6818181818181818,22,1.3821444295927454,0.4756155057284779,0.7866351627004728,1.2128112366341868
julbu,Julbu,NLC,2024,Spring,jng,Verdant,2,2,Profil neutre,4.610367298126221,1.3111445903778076,False,0.5,14,-0.9932909818945452,-0.8766355061653764,0.0067916844434134,0.160758907248259
justcan,justcan,NLC,2024,Spring,sup,Ruddy Corporation,2,2,Farmer dominant | Lane bully | Early dominant,4.544939994812012,3.6500155925750732,False,0.6666666666666666,18,-1.0478238035004723,0.3178556003219744,0.5375668301730006,1.2892388945826316
kaboom,Kaboom,LFL,2026,unknown,jng,Ici Japon Corp. Esport,2,2,Profil neutre,6.035440444946289,1.2807875871658325,False,0.3157894736842105,19,0.3816069242995594,-0.6771807385759556,-0.3316923054573654,-0.5271622653595885
kaboom,Kaboom,TCL,2025,Summer,jng,Papara SuperMassive,0,0,High DPS | Farmer dominant | Lane bully | Early dominant | High performer,1.1405621767044067,0.6887790560722351,False,0.3333333333333333,6,2.0106441179049885,0.0980856620609888,1.1964299717150488,-0.5179236262102067
kaboom,Kaboom,TCL,2025,Summer,jng,ULF Esports,2,2,Profil neutre,6.015617370605469,2.7704198360443115,False,0.6666666666666666,6,-0.3222028374008173,-0.7602350894544323,0.0085849411098341,0.8703528405620353
kabs,Kabs,NLC,2024,Spring,bot,DMG Esports,0,0,Profil neutre,5.107986927032471,12.810805320739746,False,0.3333333333333333,6,-0.5561807439230659,0.5557405856648421,-2.003659066367439,-0.6989388691983497
kabs,Kabs,NLC,2024,unknown,bot,42 Gaming,2,2,Profil équilibré,7.199990272521973,9.231051445007324,False,0.0,6,0.0277908259628776,1.1272485150165386,0.0203534650735912,-2.2251442088203803
kachanava,Kachanava,TCL,2026,Summer,mid,BoostGate Esports,2,2,Profil neutre,3.9619643688201904,3.119412899017334,False,0.0,6,-1.9109990179076115,-0.3074290235039328,-1.0452922492877734,-1.702587252600681
kaiser,Kaiser,LVP SL,2025,Final Four,sup,Team Heretics Academy,2,2,Farmer dominant | Lane bully | Early dominant,1.3669195175170898,3.44262433052063,False,0.5,8,0.7071067811865476,0.7071067811865446,0.7071067811865475,-0.7071067811865475
kaiser,Kaiser,LVP SL,2025,Spring,sup,Team Heretics Academy,0,0,High DPS | Versatile | High performer,1.741970181465149,5.671126842498779,False,0.6190476190476191,21,0.2487182874935106,0.2519615951715077,1.1648967568740187,0.8236717848618634
kaiser,Kaiser,LVP SL,2025,Summer,sup,Team Heretics Academy,0,0,High DPS | Versatile | High performer,2.101653575897217,6.73477840423584,False,0.5652173913043478,23,0.6001565676593195,-0.048702106153966,0.4859142666237445,0.5068503103183907
kaiser,Kaiser,LVP SL,2025,Winter,sup,Team Heretics Academy,0,0,High DPS | Versatile | High performer,1.2968740463256836,6.537106513977051,False,0.8,20,1.7698324105831034,-0.3191337404630293,1.0434371338005344,1.516501252369597
kaiser,Kaiser,PRM,2026,Spring,sup,Berlin International Gaming,2,2,Farmer dominant | Lane bully | Early dominant,1.324267864227295,4.407420635223389,False,0.6190476190476191,42,1.227220433894988,0.8007518423968338,0.7501279723252459,0.7632435435075284
kaiser,Kaiser,PRM,2026,Summer,sup,Berlin International Gaming,0,0,High DPS | Versatile | High performer,0.8647602796554565,6.145513534545898,False,0.7,20,1.3962069226781668,-0.4155712309046864,1.4261042425553725,1.015376355107987
kaiser,Kaiser,PRM,2026,Winter,sup,Berlin International Gaming,0,0,High DPS | Versatile | High performer,3.8507184982299805,7.2663140296936035,False,0.7333333333333333,15,0.5521807596874305,-0.7107503575136944,0.2975264217440536,1.52757385841567
kakan,Kakan,NLC,2024,unknown,top,Ruzeh Esports,2,2,Profil neutre,7.697408199310303,5.5286688804626465,False,0.4,10,-0.2654271948981473,-0.2987905730619893,0.3234936958934508,-0.7563051090850609
kakarot,Kakarot,NLC,2026,Spring,bot,Deer Gaming,2,2,Profil équilibré,7.249392509460449,11.851729393005371,False,0.4705882352941176,17,-0.1919633106947554,-1.651676529273376,0.0562248385155305,-0.0147441390641478
kakarot,Kakarot,TCL,2025,Summer,bot,The Forbidden Five,0,0,Profil neutre,3.767791271209717,12.0863676071167,False,0.0,8,-1.6831072775828413,-2.406880499479484,-0.8839602568405117,-1.449567814809006
kakarot,Kakarot,TCL,2026,Kickoff,bot,PCIFIC Esports,2,2,Profil équilibré,6.661544322967529,11.85427474975586,False,0.3571428571428571,14,-0.6682889942153805,-0.8244185043260864,0.1067820928282287,-0.2392719265889199
kamilius,kamilius,LFL,2024,Spring,sup,Gentle Mates,0,0,High DPS | Versatile | High performer,3.657801389694214,5.562147617340088,False,0.5172413793103449,29,-0.4888008256426582,-1.073970087561673,0.216208322034595,0.2343856747370554
kamilius,kamilius,LFL,2024,Summer,sup,Gentle Mates,1,1,Profil neutre,4.231016159057617,2.5318639278411865,False,0.2222222222222222,18,-0.295266311276352,0.8272441994695615,-0.2344108397317185,-1.1144501524651806
kamilius,kamilius,LVP SL,2025,Winter,sup,Movistar KOI Fénix,1,1,Profil neutre,4.685110569000244,3.874417781829834,False,0.5333333333333333,15,-1.096622175292374,-0.2104811268888754,0.5935896113827304,0.3677559338624794
kamiloo,Kamiloo,LFL,2026,unknown,mid,Karmine Corp Blue,0,0,High DPS | Farmer dominant | Lane bully | Early dominant,11.744955062866211,1.749781608581543,False,0.5581395348837209,43,1.434872151300458,-1.2166608656954576,1.323151048422634,0.6635707533785272
kamiloo,Kamiloo,LFL2,2024,Spring,mid,IziDream,0,0,High DPS | Farmer dominant | Lane bully | Early dominant,11.844319343566895,1.3299002647399902,True,0.6666666666666666,6,1.6859909515610154,0.2554923771630811,2.4331032718087675,0.7071067811865474
kamiloo,Kamiloo,LFL2,2024,Summer,mid,IziDream,0,0,High DPS | Farmer dominant | Lane bully | Early dominant,10.216466903686523,2.5054025650024414,True,0.5294117647058824,17,0.8764552591115349,1.15762280876684,0.877689063529249,0.1381013797310001
kamiloo,Kamiloo,LFL2,2024,unknown,mid,IziDream,1,1,Profil neutre,9.896218299865723,2.8250176906585693,True,0.5714285714285714,21,0.2228388619989575,0.8815021031700291,0.380483406497042,0.2178231671779843
kamito,Kamito,NLC,2026,Spring,bot,DMG Esports,2,2,Profil équilibré,7.109312057495117,10.706194877624512,False,0.375,8,0.1770061190847961,0.3856150983918526,0.5066964941056555,-0.4940583432280061
kamito,Kamito,NLC,2026,Summer,bot,DMG Esports,2,2,Profil équilibré,7.900752544403076,9.1956787109375,False,0.5714285714285714,14,-0.1718870845748617,1.6609958535972622,0.3282850892738621,0.5489578229451992
kanske,Kanske,NLC,2024,unknown,sup,Rich Gang,1,1,Profil neutre,5.636427879333496,4.843590259552002,False,0.6666666666666666,9,-1.1948435414508924,-0.9539658724364676,-0.5380039540807591,0.9366418816488384
kaori,Kaori,TCL,2024,Summer,bot,Beşiktaş Esports,1,1,High DPS | Farmer dominant | Lane bully | Early dominant | High performer,9.663676261901855,8.95292854309082,False,0.5,18,0.5023468347410485,1.0420652864148343,1.010438647223912,0.2172301436487406
kaori,Kaori,TCL,2024,Winter,bot,Beşiktaş Esports,2,2,Profil équilibré,5.791594982147217,8.315557479858398,False,0.6818181818181818,22,0.9674070165933686,-0.8967619396060553,0.2322842551688853,0.9580422317220212
kaori,Kaori,TCL,2025,Summer,bot,ULF Esports,2,2,Profil équilibré,7.6830339431762695,7.98076057434082,False,0.5925925925925926,27,0.3523820929384534,0.4686402550081414,-0.8772834354079753,0.6961838776070346
kaori,Kaori,TCL,2025,Winter,bot,Misa Esports,0,0,Profil neutre,4.4232096672058105,10.774627685546875,False,0.4,5,-1.2286544862480764,-0.3091981820307359,-1.3178310004383065,-0.3259818364198955
kaplica,Kaplica,NLC,2026,Summer,top,Lund Esports Organization,2,2,Profil neutre,7.941661357879639,5.722368240356445,False,0.4615384615384615,13,-0.1064770258486872,0.1295592263110415,0.0883518451531996,0.1068846812210929
kasing,Kasing,NLC,2024,Spring,sup,Lionscreed,2,2,Farmer dominant | Lane bully | Early dominant,1.836865782737732,4.218502044677734,False,0.7272727272727273,22,-0.5702389404519965,1.1742472416270973,0.752403126862743,1.6400876838518628
kasing,Kasing,NLC,2025,Spring,sup,Bulldog Esports,0,0,High DPS | Versatile | High performer,2.6501896381378174,4.974791049957275,False,0.5,12,-0.0621526749275178,0.4653190091496438,-0.7732130668744445,0.257865482153332
kasing,Kasing,NLC,2025,Summer,sup,Bulldog Esports,0,0,High DPS | Versatile | High performer,2.6384236812591553,6.545467853546143,False,0.3,10,0.8698868453359274,0.0831787267525984,-0.24812723994172,-0.5196081582081092
kasing,Kasing,NLC,2025,Winter,sup,Bulldog Esports,0,0,High DPS | Versatile | High performer,1.712804913520813,4.921263694763184,False,0.5,24,-0.38684764914049,0.2675025034582056,-0.2812368530180439,0.1321374625272378
kasing,Kasing,NLC,2026,Spring,sup,Bulldog Esports,2,2,Farmer dominant | Lane bully | Early dominant,4.626979351043701,3.3574233055114746,False,0.4545454545454545,11,-0.4169716181990973,1.5735394117566142,0.0165945607494342,-0.0951884810217185
kasing,Kasing,NLC,2026,Summer,sup,Bulldog Esports,2,2,Farmer dominant | Lane bully | Early dominant,1.2684801816940308,4.282248497009277,False,0.4736842105263157,19,0.263301914290768,1.1924718733388568,0.3374782447758253,0.0572976955157749
kasing,Kasing,NLC,2026,Winter,sup,Bulldog Esports,0,0,High DPS | Versatile | High performer,3.0329339504241943,6.478768825531006,False,0.5,12,0.5166046093940648,-0.1748938654282426,0.5359404629531253,0.0819899648491559
katevolved,KatEvolved,PRM,2025,Winter,mid,Dung Dynasty,2,2,Profil neutre,5.419922351837158,3.581368923187256,False,0.4545454545454545,11,1.0247532915353466,-1.5605982655167348,-0.8300079544059034,-0.0760058312786265
kaylem,Kaylem,LFL2,2025,Summer,top,Lille Esport,2,2,Profil neutre,6.083789348602295,4.700038909912109,False,0.5384615384615384,13,-0.9242110354003924,0.2453746432445679,-1.204577024519414,0.4524600371869404
kaymin,Kaymin,NLC,2025,Spring,mid,Bulldog Esports,0,0,High DPS | Farmer dominant | Lane bully | Early dominant,11.137460708618164,1.2799288034439087,False,0.5,12,0.5107835823764127,0.60257587326511,0.2335694794011505,0.2635330554402617
kaymin,Kaymin,NLC,2025,Winter,mid,Bulldog Esports,1,1,Profil neutre,7.995044708251953,3.447782516479492,False,0.5,24,0.8910701661734273,-1.4767305027860926,-0.4396435164964302,0.1075033001361534
kaymin,Kaymin,PRM,2024,Spring,mid,MOUZ NXT,2,2,Profil neutre,3.836913824081421,2.2734570503234863,False,0.0,18,-0.961972628657961,-2.434160378895847,-2.006918504144217,-2.1345374206136563
kaymin,Kaymin,PRM,2024,Summer,mid,MOUZ NXT,2,2,Profil neutre,4.198390960693359,2.191474199295044,False,0.2222222222222222,18,-0.0342533877653571,-1.8731074741195863,-0.981157111406138,-1.6770509831248417
kaymin,Kaymin,PRM,2024,unknown,mid,MOUZ NXT,2,2,Profil neutre,5.432878494262695,3.727445602416992,False,0.25,8,0.807194919799575,-0.9268532644214122,-0.648909190360351,-1.5072759215674945
keduii,Keduii,LFL,2024,Spring,bot,Team BDS Academy,1,1,High DPS | Farmer dominant | Lane bully | Early dominant | High performer,10.403343200683594,8.135851860046387,True,0.76,25,0.3813976438540379,1.036589345618324,0.8872709491090321,1.689703402476898
keduii,Keduii,LFL,2024,Summer,bot,Team BDS Academy,1,1,High DPS | Farmer dominant | Lane bully | Early dominant | High performer,9.383502960205078,7.385737419128418,True,0.7931034482758621,29,-0.3356114583177124,-0.1204460267640043,0.5503745973176265,1.4960050518640329
keduii,Keduii,LFL,2025,Flash In,bot,BK ROG Esports,2,2,Profil équilibré,6.934672832489014,8.108048439025879,True,0.5833333333333334,12,0.9237900835368222,0.3407801037695139,0.1060557409007511,0.5610338471034718
keduii,Keduii,PRM,2026,Spring,bot,Eintracht Spandau,1,1,High DPS | Farmer dominant | Lane bully | Early dominant | High performer,11.523122787475586,7.9367523193359375,False,0.8,25,1.538179522569462,1.204985764119037,1.1297234468726387,1.5273736987150963
keduii,Keduii,PRM,2026,Winter,bot,Eintracht Spandau,1,1,High DPS | Farmer dominant | Lane bully | Early dominant | High performer,9.901698112487793,7.491703033447266,False,0.5625,16,-0.1229565245110941,0.9168437344959004,0.1665424682833574,0.5480811129574134
kehvo,kehvo,NLC,2025,Summer,bot,Rich Gang,1,1,High DPS | Farmer dominant | Lane bully | Early dominant | High performer,7.500914573669434,8.479758262634277,False,0.5333333333333333,15,0.5768927693995745,0.2380514991515349,0.9209761350214936,0.396059722713204
kehvo,kehvo,NLC,2026,Spring,bot,Arctic Pandas,1,1,High DPS | Farmer dominant | Lane bully | Early dominant | High performer,8.798646926879883,7.526373863220215,False,0.5,12,0.4478487329602584,-1.3972889433566973,0.7684884260647845,0.1327371545247316
kehvo,kehvo,NLC,2026,Summer,bot,Arctic Pandas,2,2,Profil équilibré,7.367006778717041,11.53023624420166,False,0.5263157894736842,19,-0.0806844567026672,-0.6570938407483773,-0.0395388407996111,0.3600975485291348
kehvo,kehvo,NLC,2026,Winter,bot,Arctic Pandas,2,2,Profil équilibré,7.581422328948975,11.46223258972168,False,0.7333333333333333,15,-0.0158567540581415,-0.5202358728085575,-0.1341794472090984,1.0758132955581947
kenal,Kenal,LFL2,2025,Winter,bot,Zerance,0,0,Profil neutre,5.629820346832275,10.334151268005371,False,0.0,6,0.2200459251261469,-1.2985320683620012,-0.1075300385587715,-1.847575809056118
kenal,Kenal,LVP SL,2024,Spring,bot,UCAM Esports,2,2,Profil équilibré,9.065303802490234,8.867608070373535,False,0.5,22,-0.2476794695572234,-0.4459847444357152,0.6622791352029365,0.1873319165955887
kenal,Kenal,LVP SL,2024,Summer,bot,UCAM Esports,2,2,Profil équilibré,8.604559898376465,7.700016021728516,False,0.5357142857142857,28,0.3897618299015442,-0.4920020790284044,0.4148181275166872,0.3399313335429229
kenal,Kenal,PRM,2025,Finals,bot,Austrian Force willhaben,2,2,Profil équilibré,6.734699726104736,8.423158645629883,False,0.4,5,1.7141152574400222,-1.805426807217548,1.6182198913175256,-0.8846285939907654
kenal,Kenal,PRM,2025,Summer,bot,Austrian Force willhaben,2,2,Profil équilibré,6.664949893951416,7.771073818206787,False,0.3846153846153846,13,1.2694403786958717,-1.145673092008599,0.9079138917676416,-0.4264876566895451
kenal,Kenal,TCL,2026,Kickoff,bot,Bushido Wildcats,1,1,High DPS | Farmer dominant | Lane bully | Early dominant | High performer,9.21511459350586,7.649707317352295,False,0.631578947368421,19,0.816562976248406,-0.2598873822869455,0.8464729727617119,0.6897366821953216
kibah,kibah,TCL,2024,Winter,sup,FUT Esports,1,1,Profil neutre,5.339208126068115,5.357801914215088,False,0.4736842105263157,19,0.2300669290636199,-1.0434044440707158,-0.8586338313720355,0.0466552114569153
kiki,Kiki,LFL,2026,unknown,jng,Caldya Esport,1,1,Profil neutre,8.586670875549316,1.2536410093307495,False,0.0,5,-1.3685067830154432,-0.5501344194634651,-1.3234003736132602,-2.087948338310575
kiki,Kiki,LFL2,2025,unknown,jng,Kaeru Gyuangu,2,2,Profil neutre,7.522510528564453,3.1126396656036377,False,0.4666666666666667,15,-0.9989700213713968,-0.5940999033140829,-1.047173614483465,-0.2182178902359927
kiki,Kiki,NLC,2025,Winter,jng,Venomcrest Esports,1,1,Profil neutre,4.838189125061035,2.3106725215911865,False,0.2222222222222222,9,-1.509244272658154,-0.1804201508200652,-0.3463210393303949,-1.1743946719218
kio,Kio,LFL2,2024,Spring,top,MHSC Esport,1,1,Carry agressif | High DPS | Farmer dominant | Lane bully | Early dominant,10.15627670288086,7.536257743835449,False,0.6666666666666666,6,-0.0813286947451771,1.516448012791272,1.559069808916613,0.7071067811865474
kio,Kio,LFL2,2024,Summer,top,MHSC Esport,2,2,Profil neutre,7.076656341552734,7.158929824829102,False,0.7647058823529411,17,-0.6902702655312869,0.5001916321185798,-0.0288322629700596,1.307901302158294
kio,Kio,LFL2,2024,unknown,top,MHSC Esport,1,1,Carry agressif | High DPS | Farmer dominant | Lane bully | Early dominant,9.042999267578125,8.060153007507324,False,0.4117647058823529,17,-0.1662331875450785,0.8402861475966074,0.9113023390871312,-0.4383051757972596
kireas,Kireas,TCL,2024,Summer,jng,Misa Esports,1,1,Profil neutre,7.625012397766113,2.085796356201172,False,0.5294117647058824,17,-0.9956052540368628,-1.4901048131662236,-1.6763540496785017,0.4487759585387519
kireas,Kireas,TCL,2024,Winter,jng,Dark Passage,2,2,Profil neutre,1.3667817115783691,1.5558958053588867,False,0.5652173913043478,23,0.636231354133587,0.554117246876901,0.2727450788940703,0.4665649390760168
kireas,Kireas,TCL,2025,Spring,jng,ULF Esports,2,2,Profil neutre,3.526898145675659,0.6250084042549133,False,0.5714285714285714,28,-0.1540124007783843,-0.0819824201160002,-0.1450154839818077,0.6387768233017017
kireas,Kireas,TCL,2025,Summer,jng,BBL Dark Passage,2,2,Profil neutre,4.52409029006958,-0.43488383293151855,False,0.3529411764705882,17,0.8204677971128534,0.0803250205924133,0.0386216439740096,-0.4362603046353688
kireas,Kireas,TCL,2025,Winter,jng,Bushido Wildcats,1,1,Profil neutre,7.762213706970215,1.6784008741378784,False,0.6,5,-1.1643872652321012,-1.9701121385068383,-1.3669406760111058,0.6744685381290106
kireas,Kireas,TCL,2026,Kickoff,jng,Dark Passage,2,2,Profil neutre,5.547543525695801,2.7949087619781494,False,0.3076923076923077,13,-0.2764071580464563,-0.3465737065826686,0.2698861472716402,-0.406669684336133
kireas,Kireas,TCL,2026,Spring,jng,Dark Passage,1,1,Profil neutre,8.378978729248047,2.4586241245269775,False,0.1333333333333333,15,-0.5720405117255375,-0.7528652024560539,-1.0295497628685522,-1.383065601517444
kireas,Kireas,TCL,2026,Summer,jng,BoostGate Esports,1,1,Profil neutre,8.646411895751953,1.3758161067962646,False,0.0,6,-1.3626277298494562,-1.1790603592579791,-1.263751183298658,-1.7458067706637503
kirei,Kirei,PRM,2025,Summer,jng,CGN Esports,1,1,Profil neutre,6.533242702484131,1.092622995376587,False,0.6,5,0.7389245368810781,-1.017463917383283,-0.1478214680680889,0.38627326098284
kitano,Kitano,LFL2,2024,unknown,top,Nameless (French Team),2,2,Profil neutre,8.075326919555664,6.192824840545654,False,0.6363636363636364,11,-0.01680091683697,1.6338509934506658,-0.2645925475058131,0.6339114874949344
kituruken,Kituruken,NLC,2024,Summer,jng,Ruddy Corporation,0,0,High DPS | Farmer dominant | Lane bully | Early dominant | High performer,-0.5571905374526978,-0.16256289184093475,False,0.6956521739130435,23,1.1537401148101212,1.9639995016012104,1.6340779751433774,1.0521665812749623
kkt,KKT,LFL,2026,unknown,jng,Lille Esport,1,1,Profil neutre,7.577915668487549,1.679680585861206,False,0.3333333333333333,12,-1.443076950216189,-1.4764933797820972,-0.8341716136938897,-0.4404519279734227
kkt,KKT,LFL2,2024,Spring,jng,Joblife,0,0,High DPS | Farmer dominant | Lane bully | Early dominant | High performer,-0.32580074667930603,0.6885164976119995,False,0.6666666666666666,6,0.8737621919852149,1.3511267214167073,1.3455244304301268,0.7071067811865474
kkt,KKT,LFL2,2024,Summer,jng,Joblife,2,2,Profil neutre,3.2602617740631104,0.9470427632331848,False,0.7222222222222222,18,-0.5490520249944202,-0.670531172235941,-0.2807454895256445,1.2136203830336534
kkt,KKT,LFL2,2024,unknown,jng,Joblife,1,1,Profil neutre,7.601159572601318,3.243297815322876,False,0.3076923076923077,13,-1.4265195749682906,-1.814051837578477,-0.6712828879249387,-1.2262198399593305
kkt,KKT,LFL2,2025,Spring,jng,Lille Esport,1,1,Profil neutre,7.276801586151123,2.7274043560028076,False,0.3571428571428571,14,-0.412777858769357,-1.179149292886208,-1.1744795280383564,-0.5333474680632218
kkt,KKT,LFL2,2025,Summer,jng,Lille Esport,2,2,Profil neutre,6.249910354614258,2.9516172409057617,False,0.5384615384615384,13,-1.3636460092000973,-0.5200621359857517,-0.2196104310181458,0.4524600371869404
kkt,KKT,LFL2,2025,Winter,jng,Lille Esport,1,1,Profil neutre,7.577963829040527,3.3224070072174072,False,0.3571428571428571,14,-1.2539253081158908,-0.6784497709544273,-1.182326220415797,-0.5338285303818388
kkt,KKT,NLC,2026,Spring,jng,Bulldog Esports,1,1,Profil neutre,6.5181097984313965,1.6348044872283936,False,0.4545454545454545,11,-0.9005811938328578,-0.1681157263760019,-0.390971246861182,-0.0951884810217185
kkt,KKT,NLC,2026,Summer,jng,Bulldog Esports,2,2,Profil neutre,2.8794820308685303,2.579522132873535,False,0.5,6,-1.3430815381840842,0.2119489154631143,0.0660448477502487,0.1711957540082348
knighter,Knighter,NLC,2025,Spring,mid,Venomcrest Esports,1,1,Profil neutre,7.416097640991211,2.9391698837280273,False,0.3846153846153846,13,-0.4127327984520019,0.517072834254739,0.9027628729701876,-0.2409620781461875
koala,Koala,LFL2,2025,Summer,top,Zerance,2,2,Profil neutre,7.301688194274902,4.698976039886475,False,0.3571428571428571,14,0.3520539235081608,-0.2184360392692142,0.2126662076551678,-0.9458281030763238
kobbe,Kobbe,NLC,2025,Spring,bot,Venomcrest Esports,2,2,Profil équilibré,6.898345470428467,7.903536319732666,False,0.3846153846153846,13,1.0066337518062705,-0.1101266144337039,0.0822042698979724,-0.2158899556783103
kobs,Kobs,LFL,2026,unknown,jng,Esprit Shōnen,1,1,Profil neutre,7.102751731872559,2.513103723526001,False,0.3333333333333333,15,-0.5515004914739783,-1.0939842807121103,-1.2987740270465322,-0.4404519279734227
kobs,Kobs,LFL,2026,unknown,jng,ZYB Esport,2,2,Profil neutre,5.711547374725342,2.0472471714019775,False,0.3636363636363636,11,0.0940462577149988,-0.1763765396662463,-1.308408685362411,-0.2906795270336814
kobs,Kobs,NLC,2025,Summer,jng,Venomcrest Esports,1,1,Profil neutre,7.61595344543457,3.3257226943969727,False,0.2222222222222222,9,-1.1077740961659095,-0.1338507275160972,-1.5373795385737463,-0.756099953277754
kofte,Kofte,LFL,2026,unknown,mid,Joblife,2,2,Profil neutre,6.255311489105225,2.969989538192749,False,0.3846153846153846,13,-0.6636570883679037,0.0870229879649111,-0.5404856862817499,-0.2794766818761028
kofte,Kofte,TCL,2025,Spring,mid,BBL Dark Passage,1,1,Profil neutre,8.163483619689941,2.4913525581359863,False,0.5,22,-0.9893629227550036,-0.0015365764856923,0.0894869937330578,0.2562126795958036
kofte,Kofte,TCL,2025,Summer,mid,Bushido Wildcats,1,1,Profil neutre,9.253242492675781,4.12343692779541,False,0.6666666666666666,27,0.0067406177048943,-0.5086205001072835,0.3221213630596748,0.8607392039007102
kofte,Kofte,TCL,2025,Winter,mid,BBL Dark Passage,2,2,Profil neutre,3.9623782634735107,3.2184314727783203,False,0.2857142857142857,14,-1.425671936467516,0.3762286665881721,-1.2949427875126562,-0.9047587519445862
kofte,Kofte,TCL,2026,Kickoff,mid,S2G Esports,1,1,Profil neutre,8.975607872009277,3.0652778148651123,False,0.6,20,-0.6946497461713415,-1.3588806855397988,0.5629603349160724,0.5727598119889231
kofte,Kofte,TCL,2026,Spring,mid,Misa Esports,0,0,High DPS | Farmer dominant | Lane bully | Early dominant,12.201234817504883,0.9102532267570496,False,0.9411764705882352,17,-0.5565006346752657,1.165044165124584,1.9364330552452864,2.0517625333249034
koldo,Koldo,LVP SL,2024,Spring,jng,UCAM Esports,2,2,Profil neutre,5.182242393493652,0.7573317885398865,False,0.5,22,-0.7968445111103751,-0.8868112705400143,0.1429937471696503,0.2639579970326551
koldo,Koldo,LVP SL,2024,Summer,jng,UCAM Esports,2,2,Profil neutre,4.855222702026367,1.257752537727356,False,0.5357142857142857,28,0.0539526333712116,-0.6143570251894147,-0.479495860985023,0.3383708309652202
koldo,Koldo,LVP SL,2025,Spring,jng,UCAM Esports,2,2,Profil neutre,5.088080883026123,1.2709392309188843,False,0.4375,16,-0.6321759802358901,-0.9879229922355488,-0.4093454267250417,-0.034074305326864
koldo,Koldo,LVP SL,2025,Winter,jng,UCAM Esports,2,2,Profil neutre,4.295379638671875,2.305950164794922,False,0.3846153846153846,13,-0.938930619770894,-0.3050153092719601,-0.0713622877268705,-0.2728904937664897
konan,Konan,NLC,2025,Spring,top,Rich Gang,0,0,Profil neutre,3.933293342590332,5.142090320587158,False,0.0,7,-1.9615992061972995,-0.635626124072633,-0.9404578721912406,-1.9332078332202476
kourosh,Kourosh,NLC,2024,unknown,mid,Rich Gang,1,1,Profil neutre,7.170391082763672,2.487499952316284,False,0.6666666666666666,9,-0.778019489833757,0.1946322546232206,0.1298138302455362,0.8676108933760994
koussay,Koussay,LFL,2026,unknown,mid,Lille Esport,1,1,Profil neutre,5.969519138336182,4.118852138519287,False,0.3333333333333333,12,-0.4226977517032557,0.1534082982992052,-0.1108130418012789,-0.5581779857657876
kpr,kPr,LFL2,2024,Spring,top,Esprit Shōnen,2,2,Profil neutre,4.379218578338623,6.226975440979004,False,0.6666666666666666,6,0.7094528999148385,-0.9580118805491123,-0.9513476986074424,0.7071067811865474
kridz,Kridz,NLC,2026,Summer,mid,Sørby eSport,2,2,Profil neutre,4.883957862854004,3.0775511264801025,False,0.0,6,-1.1049438891136094,-1.2847575501120214,-0.8894491150661538,-1.873075756713884
krimson,Krimson,LFL2,2024,Spring,jng,Zerance,2,2,Profil neutre,1.9426498413085938,1.3715511560440063,False,0.5,6,-0.0191144853530622,-0.1386023596526725,0.8866015924275715,0.0
krimson,Krimson,LFL2,2024,Summer,jng,Zerance,1,1,Profil neutre,8.497153282165527,1.1874971389770508,False,0.1428571428571428,7,-1.4411612834642058,-0.1767139180454927,-1.8490561758868325,-1.5432988626554358
krimson,Krimson,LFL2,2025,Spring,jng,Zerance,2,2,Profil neutre,3.25978422164917,-0.4982827603816986,False,0.4210526315789473,19,0.4041482669886091,0.8063756432785619,-0.0030057289267148,-0.2032375855929542
krimson,Krimson,LFL2,2025,Summer,jng,Zerance,0,0,High DPS | Farmer dominant | Lane bully | Early dominant | High performer,1.6819909811019897,1.465424656867981,False,0.3571428571428571,14,-0.6628803082997773,1.5789156735236058,0.5499130401512208,-0.9458281030763238
krimson,Krimson,LFL2,2025,Winter,jng,Zerance,2,2,Profil neutre,5.887346267700195,1.3750934600830078,False,0.2142857142857142,14,-0.1399947971464993,-0.0304983726706331,0.5964302580935609,-1.2747632844018004
kroghsen,Kroghsen,NLC,2025,unknown,mid,Fortress Esports,0,0,High DPS | Farmer dominant | Lane bully | Early dominant,8.794302940368652,0.8925550580024719,False,0.5,12,-0.045514592580808,0.9490612170234888,0.3486301996551451,-0.5583388492224075
krytybu,krytybu,NLC,2026,Summer,top,Volda E-Sport,2,2,Profil neutre,5.572380542755127,6.84380578994751,False,0.4117647058823529,17,-0.8938143172965711,-1.326283346614493,-0.4074171098745076,-0.1002574499447116
kryze,Kryze,LFL,2024,Spring,top,Solary,2,2,Profil neutre,6.7799811363220215,4.512641429901123,False,0.4444444444444444,18,-0.5928323157484741,-0.59873543552283,0.3949886575181546,-0.202025891346546
kryze,Kryze,LFL,2024,Summer,top,Solary,2,2,Profil neutre,8.202179908752441,5.593318462371826,False,0.4444444444444444,18,-0.530762599515691,-0.1687226786214312,0.012282548257013,-0.0982998044712588
kryze,Kryze,LFL,2025,Flash In,top,Solary,1,1,Carry agressif | High DPS | Farmer dominant | Lane bully | Early dominant,9.827397346496582,8.383997917175293,False,0.4761904761904761,21,0.0933163355091946,0.3436847008242865,1.5420221237817804,-0.0199755958888885
kryze,Kryze,LFL,2025,Spring,top,Solary,1,1,Carry agressif | High DPS | Farmer dominant | Lane bully | Early dominant,9.859091758728027,6.009700775146484,False,0.5263157894736842,19,0.6141167368582318,0.6083286583602445,0.635943992632179,0.4103158278198043
kryze,Kryze,LFL,2025,Summer,top,Solary,1,1,Carry agressif | High DPS | Farmer dominant | Lane bully | Early dominant,9.549530029296875,5.402713298797607,False,0.4545454545454545,22,0.731854696621918,-0.7933187124735152,0.6126418931506539,-0.1738509953810089
kryze,Kryze,LFL,2026,unknown,top,Solary,1,1,Carry agressif | High DPS | Farmer dominant | Lane bully | Early dominant,10.756410598754883,8.482279777526855,False,0.7636363636363637,55,0.8204451204579889,1.1848439846737264,1.1118411513197155,1.78548553996879
ksaez,KSAEZ,TCL,2025,Summer,mid,BBL Dark Passage,1,1,Profil neutre,6.4776225090026855,1.411377191543579,False,0.3529411764705882,17,-0.9491387339092868,0.0065641461864562,-0.5095089087676821,-0.3976186924008055
ksaez,KSAEZ,TCL,2026,Kickoff,mid,Dark Passage,1,1,Profil neutre,8.528743743896484,2.2992546558380127,False,0.3076923076923077,13,-0.0910013885032806,-0.3443059367400489,0.1352951588855483,-0.4417254746214521
ksaez,KSAEZ,TCL,2026,Spring,mid,Dark Passage,2,2,Profil neutre,5.849976539611816,3.3295867443084717,False,0.1333333333333333,15,-0.3402103041669246,0.2301923025550966,-0.5035580374498367,-1.479445425218376
kurama,Kurama,TCL,2025,Summer,jng,The Forbidden Five,1,1,Profil neutre,8.875958442687988,2.262286424636841,False,0.0,8,-1.904602806825592,-1.6793936969544032,-2.541266360830055,-1.9062000929824487
kurama,Kurama,TCL,2026,Kickoff,jng,PCIFIC Esports,2,2,Profil neutre,4.310662269592285,-0.5996606349945068,False,0.3571428571428571,14,0.9881423635669312,0.0735032976258018,0.3216078371824223,-0.2392719265889199
kurama,Kurama,TCL,2026,Spring,jng,Bushido Wildcats,2,2,Profil neutre,3.6008732318878174,-0.2205987423658371,False,0.4347826086956521,23,0.883072927912345,-0.7126870967742114,0.4277402063112698,-0.1592602878785398
kuroneel,Kuroneel,LFL2,2024,Spring,mid,Zerance,2,2,Profil neutre,6.4925360679626465,3.1040124893188477,False,0.5,6,-0.3923915367136192,-1.1969873535075355,-0.8478734609354894,0.0
kuroneel,Kuroneel,LFL2,2024,Summer,mid,Zerance,1,1,Profil neutre,6.691786289215088,4.106995105743408,False,0.2777777777777778,18,-0.2210962945325672,-0.4710028344714604,-0.752718000920778,-1.112934648420412
kuroneel,Kuroneel,LFL2,2025,Spring,mid,Project Conquerors,1,1,Profil neutre,8.390745162963867,4.198373794555664,False,0.5454545454545454,22,0.5118671187521333,0.607959791036832,-0.2685997954295537,0.6462308514438615
kuroneel,Kuroneel,LFL2,2025,Summer,mid,Project Conquerors,1,1,Profil neutre,8.153830528259277,4.2187180519104,False,0.55,20,0.5615738216790407,0.1814042937349443,-0.2548430721348823,0.5414420097491482
kuroneel,Kuroneel,LFL2,2025,Winter,mid,Project Conquerors,1,1,Profil neutre,7.617041110992432,3.962920904159546,False,0.6551724137931034,29,0.0616863104179612,-0.1091444112683697,-0.8994217626659746,0.9999301176883344
lauxio,Lauxio,LFL2,2024,Summer,sup,Klanik Esport,2,2,Farmer dominant | Lane bully | Early dominant,3.1778316497802734,3.129276752471924,False,0.2666666666666666,15,-0.0854408006503436,-0.0862510865538483,-0.8567577314955518,-0.9130850341781956
leb,Leb,LVP SL,2024,Spring,jng,Ramboot Club,0,0,High DPS | Farmer dominant | Lane bully | Early dominant | High performer,-0.35485413670539856,0.3590632677078247,False,0.5,18,1.3364961183192885,1.589796230800228,1.8977326533249803,0.2639579970326551
leb,Leb,LVP SL,2024,Summer,jng,Ramboot Club,0,0,High DPS | Farmer dominant | Lane bully | Early dominant | High performer,1.0312787294387817,0.14184530079364777,False,0.6333333333333333,30,-0.3229788739244824,0.8753462690456129,1.2269095438340885,0.8622499245522139
leb,Leb,PRM,2025,Finals,jng,Berlin International Gaming,0,0,High DPS | Farmer dominant | Lane bully | Early dominant | High performer,-0.2894269824028015,0.6637245416641235,False,0.6666666666666666,9,1.391038601087489,0.6632266344079953,1.5523023948688996,1.433342430935249
leb,Leb,PRM,2025,Spring,jng,Berlin International Gaming,0,0,High DPS | Farmer dominant | Lane bully | Early dominant | High performer,0.5382632613182068,-0.2303769886493683,False,0.6451612903225806,31,0.5678368892252913,0.6296338016088644,0.5955200789316667,1.0619734705391122
leb,Leb,PRM,2025,Summer,jng,Berlin International Gaming,0,0,High DPS | Farmer dominant | Lane bully | Early dominant | High performer,-0.6744044423103333,-0.815271258354187,False,0.9,10,1.5382193568131624,2.182145559164524,1.3935535946464526,1.6126535427481106
leb,Leb,PRM,2025,Winter,jng,Berlin International Gaming,0,0,High DPS | Farmer dominant | Lane bully | Early dominant | High performer,-0.8039628267288208,-0.8353316187858582,False,0.875,16,1.402888093629009,1.1281186746907723,1.2580879378276193,2.2598564920005177
legolas,Legolas,LVP SL,2024,Spring,bot,Barça eSports,2,2,Profil équilibré,4.598458766937256,10.367799758911133,False,0.2352941176470588,17,0.7615251889404908,-1.2650555547304192,-0.116550084202714,-1.323687372808049
legolas,Legolas,LVP SL,2024,Summer,bot,Barça eSports,1,1,High DPS | Farmer dominant | Lane bully | Early dominant | High performer,9.591972351074219,9.2884521484375,False,0.6,30,1.2095794875909165,0.9267589688859575,0.5418285025028439,0.6868112947407923
legolas,Legolas,LVP SL,2025,Spring,bot,Barça eSports,2,2,Profil équilibré,8.331976890563965,8.561677932739258,False,0.6451612903225806,31,-0.1958364923209818,0.4203048757885128,0.1397847131572508,0.9470493292993744
legolas,Legolas,LVP SL,2025,Summer,bot,Barça eSports,2,2,Profil équilibré,7.282301425933838,9.784797668457031,False,0.2307692307692307,13,0.1125246627609786,0.9400239209461108,-0.0268414807795913,-0.986465386733408
legolas,Legolas,LVP SL,2025,Winter,bot,Barça eSports,1,1,High DPS | Farmer dominant | Lane bully | Early dominant | High performer,8.70630168914795,7.997052192687988,False,0.5172413793103449,29,0.6520484028290909,0.6438099528142538,0.0765917325544635,0.2984350956767053
legoman,Legoman,NLC,2026,Summer,top,Sørby eSport,0,0,Profil neutre,3.5329582691192627,4.179232597351074,False,0.0,6,-0.2441668067514173,-1.7754114287206462,-1.30699367486745,-1.8138878077709115
lekcyc,Lekcyc,LFL2,2025,Spring,sup,IziDream,1,1,Profil neutre,5.210215091705322,3.3537418842315674,False,0.4285714285714285,14,-1.192244488341631,0.0288120754105259,-0.5644446971264249,-0.129460746748764
lekcyc,Lekcyc,LFL2,2025,Summer,sup,IziDream,0,0,High DPS | Versatile | High performer,2.6574623584747314,5.656947135925293,False,0.6,25,0.15178029823866,0.0203139229647338,1.0113752030128589,0.6588642798998056
lekcyc,Lekcyc,LFL2,2025,Winter,sup,IziDream,2,2,Farmer dominant | Lane bully | Early dominant,2.672780752182007,4.449163436889648,False,0.5416666666666666,24,-0.7250382762362478,0.2866169243038742,0.6650530402404079,0.4269405141623869
lekcyc,Lekcyc,LVP SL,2024,Spring,sup,Rebels Gaming,2,2,Farmer dominant | Lane bully | Early dominant,1.5412662029266357,3.7293927669525146,False,0.3888888888888889,18,-0.9132675757799582,1.426392085772595,1.2882911800730787,-0.4975834172675578
lekcyc,Lekcyc,PRM,2024,Summer,sup,Berlin International Gaming,1,1,Profil neutre,3.5374093055725098,3.0968949794769287,False,0.4444444444444444,18,-0.7315422921716013,-0.0163839329884183,-0.9491322876419886,-0.3162277660168381
lekcyc,Lekcyc,TCL,2026,Kickoff,sup,Bushido Wildcats,1,1,Profil neutre,4.482361793518066,4.920379638671875,False,0.631578947368421,19,-0.6503613050904397,-0.2509471446283125,-0.8018902738223959,0.5548723721234327
leks,Leks,NLC,2026,Winter,top,Bulldog Esports,2,2,Profil neutre,5.9923858642578125,6.942195415496826,False,0.5,12,-1.1673876214659455,-0.5414511121042119,0.040542178689477,-0.0467069938058234
leks,Leks,PRM,2026,Summer,top,ROSSMANN Centaurs,2,2,Profil neutre,6.670997142791748,5.695162296295166,False,0.4736842105263157,19,-1.4838213314231197,-0.5439466575959785,0.1153629736693698,-0.0027102777300929
leks,Leks,TCL,2025,Summer,top,BoostGate Esports,2,2,Profil neutre,7.309626579284668,4.468995094299316,False,0.2142857142857142,14,-0.4359581319783456,0.2150721555793829,0.2885469277512533,-0.9327162716545506
leks,Leks,TCL,2026,Spring,top,SU Esports,2,2,Profil neutre,6.605620861053467,5.921616554260254,False,0.56,25,-1.1821516507120713,-0.5559254197807617,-0.2280958935809097,0.3442397947247176
lelouch,Lelouch,LVP SL,2025,Summer,bot,Guasones,0,0,Profil neutre,4.448776721954346,12.816210746765137,False,0.1111111111111111,9,-2.554999680922172,1.0966656033477693,-1.827763804060181,-1.520740558345274
lelouch,Lelouch,LVP SL,2025,unknown,bot,Guasones,1,1,High DPS | Farmer dominant | Lane bully | Early dominant | High performer,10.757800102233887,8.940165519714355,False,0.8571428571428571,7,0.7071067811865508,0.7071067811865476,0.7071067811865475,0.7071067811865476
lenom,Lenom,TCL,2024,Winter,top,Galakticos,0,0,Profil neutre,4.062128067016602,4.177000522613525,False,0.0,14,-1.6109028250375668,0.4667281593454382,-1.1206166699397706,-1.994611994926321
lens,Lens,TCL,2025,Spring,bot,Beşiktaş Esports,2,2,Profil équilibré,5.955650806427002,10.186647415161133,False,0.4545454545454545,11,-0.5168011061641814,-1.7346493902403186,0.1323719986840654,-0.0579121629398863
lens,Lens,TCL,2025,Winter,bot,Misa Esports,2,2,Profil équilibré,7.935567378997803,11.013833999633789,False,0.6666666666666666,21,-0.1817783499904392,-0.8434342716870415,0.3573461420835568,1.0661239255817618
leny,Leny,LFL,2025,Flash In,top,Joblife,2,2,Profil neutre,7.045079231262207,4.767512798309326,False,0.2,10,-1.2570485432930747,-0.7052185460433623,0.9628013205160124,-1.5176888267136377
leny,Leny,LFL,2025,Spring,top,Joblife,0,0,Profil neutre,4.2033467292785645,4.526248931884766,False,0.4,15,-0.8173997915079276,-1.6674473366037172,-1.0073604185129448,-0.3844730731951545
leny,Leny,LFL,2025,Summer,top,Joblife,2,2,Profil neutre,5.655403137207031,5.884022235870361,False,0.391304347826087,23,0.0391713715251172,-1.3191413116770818,-0.5896066055188584,-0.5985269569561706
leny,Leny,LFL,2026,unknown,top,Esprit Shōnen,1,1,Carry agressif | High DPS | Farmer dominant | Lane bully | Early dominant,9.551486015319824,5.6031718254089355,False,0.3333333333333333,18,1.069013874989179,0.0858988656416141,0.7212913889440878,-0.4178405453528366
leny,Leny,NLC,2024,Spring,top,Venomcrest Esports,1,1,Carry agressif | High DPS | Farmer dominant | Lane bully | Early dominant,9.707429885864258,5.902503967285156,False,0.4705882352941176,17,0.8604332105297137,-0.3135170255504446,1.5894986042472925,0.0125100272695709
leny,Leny,NLC,2024,Summer,top,Venomcrest Esports,1,1,Carry agressif | High DPS | Farmer dominant | Lane bully | Early dominant,9.142337799072266,8.643319129943848,False,0.6538461538461539,26,0.5993475642002782,-0.0512682801416863,0.6594782269922016,0.9466262337989992
leolecargo,LeoLeCargo,NLC,2025,Winter,sup,Lundqvist Lightside,1,1,Profil neutre,6.717863082885742,3.573941230773926,False,0.3333333333333333,12,-1.1611182292761093,-0.8953708284554666,-1.359805260041011,-0.6517818181421848
leon,Leon,LFL2,2025,Spring,sup,Esprit Shōnen,0,0,High DPS | Versatile | High performer,3.698411464691162,6.909448146820068,False,0.7272727272727273,22,0.2908234979952137,-0.8001500779456787,-0.1150686858379196,1.3783221936551002
leon,Leon,LFL2,2025,Summer,sup,Esprit Shōnen,0,0,High DPS | Versatile | High performer,3.9944605827331543,5.942226409912109,False,0.6153846153846154,13,0.2144181904222747,-0.1416016883105995,0.098543094076846,0.7750717816813707
leon,Leon,LFL2,2025,Winter,sup,Esprit Shōnen,0,0,High DPS | Versatile | High performer,3.4223992824554443,7.329389572143555,False,0.6666666666666666,24,0.8490769595596047,-0.7023112953473627,0.9711440765383286,1.0579543813365315
leon,Leon,PRM,2024,Spring,sup,Berlin International Gaming,1,1,Profil neutre,6.179540634155273,3.3842039108276367,False,0.2777777777777778,18,-1.3702156865244657,-1.15745135337135,-0.2456757990587813,-0.9486832980505138
liam cole,Liam Cole,NLC,2024,Spring,bot,DMG Esports,0,0,Profil neutre,3.8038971424102783,12.052783966064453,False,0.125,8,-1.1686544900662987,-1.2828874546170177,-1.3481078328014506,-1.9438257320914576
lider,LIDER,NLC,2025,Winter,mid,Ruddy Corporation,0,0,High DPS | Farmer dominant | Lane bully | Early dominant,11.973681449890137,2.204744577407837,True,0.6153846153846154,13,0.1593190554659299,0.422350347346612,1.1624499791997236,0.6471613008196347
lilipp,Lilipp,PRM,2024,Spring,sup,Eintracht Spandau,2,2,Farmer dominant | Lane bully | Early dominant,1.2363704442977905,3.4959487915039062,False,0.6111111111111112,18,0.7328587519310115,1.4467024783872933,0.1073873433224821,0.4743416490252571
lilipp,Lilipp,PRM,2024,Summer,sup,Eintracht Spandau,0,0,High DPS | Versatile | High performer,2.2509264945983887,6.258087635040283,False,0.6666666666666666,18,0.5526664489648544,0.0389987612895759,0.886831960367759,1.0459841491326176
lilipp,Lilipp,PRM,2024,unknown,sup,Eintracht Spandau,0,0,High DPS | Versatile | High performer,2.1820147037506104,6.157226085662842,False,0.6,20,1.5275252116850528,0.8447232117953656,-0.7597699400409175,0.7634728038455627
lilipp,Lilipp,PRM,2025,Spring,sup,Eintracht Spandau,0,0,High DPS | Versatile | High performer,2.021472454071045,5.81419038772583,False,0.3809523809523809,21,1.6377679156008051,2.242493544830109,0.519626334268557,-0.9142543215045588
lilipp,Lilipp,PRM,2025,Summer,sup,Eintracht Spandau,2,2,Farmer dominant | Lane bully | Early dominant,1.8291282653808594,3.0843374729156494,False,0.0,8,-0.5211866109772058,1.685496412824259,1.1957437589243225,-2.0075249315392547
lilipp,Lilipp,PRM,2025,Winter,sup,Eintracht Spandau,0,0,High DPS | Versatile | High performer,1.0284289121627808,5.483180999755859,False,0.4,10,2.6547663678779623,1.8957688011233564,1.6606644077621373,-0.3834547005875643
lilipp,Lilipp,PRM,2025,unknown,sup,Eintracht Spandau,1,1,Profil neutre,4.795310974121094,3.3356456756591797,False,0.6,5,-1.1523798017444125,0.3943940945621547,-0.5356208268983416,0.7160905348992759
lilipp,Lilipp,PRM,2026,Spring,sup,TeamOrangeGaming,0,0,High DPS | Versatile | High performer,1.2576135396957397,5.557234287261963,False,0.6086956521739131,23,1.1742041604332805,1.5422892052844623,1.8374874944461252,0.7179657301934732
lilipp,Lilipp,PRM,2026,Summer,sup,TeamOrangeGaming,2,2,Farmer dominant | Lane bully | Early dominant,2.7955265045166016,4.177671432495117,False,0.3157894736842105,19,0.2581618908175518,1.6451237952831188,-0.0508062241804449,-0.9069574720382731
lilipp,Lilipp,PRM,2026,Winter,sup,TeamOrangeGaming,0,0,High DPS | Versatile | High performer,1.047256588935852,7.174006462097168,False,0.3333333333333333,6,1.2939367053193027,-0.6158869609771846,2.0783045845690635,-0.7658725699743931
limit,LIMIT,PRM,2024,Spring,sup,SK Gaming Prime,2,2,Farmer dominant | Lane bully | Early dominant,1.4513928890228271,4.4744343757629395,False,0.7222222222222222,18,0.1582443087459433,0.3001126394120889,1.1025803838104389,0.9486832980505138
limit,LIMIT,PRM,2024,unknown,sup,SK Gaming Prime,2,2,Farmer dominant | Lane bully | Early dominant,2.566929340362549,3.2962417602539062,False,0.4444444444444444,9,-0.1912154508261383,0.4972907948816856,-0.1222780704857839,-0.1412470846292279
limit,LIMIT,PRM,2025,Finals,sup,Berlin International Gaming,0,0,High DPS | Versatile | High performer,1.1029863357543945,5.928276538848877,False,0.6666666666666666,9,1.1248111601876982,0.0636925172486181,0.4067149341276794,1.433342430935249
limit,LIMIT,PRM,2025,Spring,sup,Berlin International Gaming,0,0,High DPS | Versatile | High performer,1.8284258842468262,7.21895170211792,False,0.6451612903225806,31,1.8308009501760265,-1.1445817979887023,1.5797990351923827,1.077808915747794
limit,LIMIT,PRM,2025,Summer,sup,Berlin International Gaming,0,0,High DPS | Versatile | High performer,3.9784815311431885,6.89792013168335,False,0.9,10,1.3187834344490297,-1.0862515195086322,0.4966282887503969,1.6921022916090656
limit,LIMIT,PRM,2025,Winter,sup,Berlin International Gaming,1,1,Profil neutre,3.8289647102355957,4.848015308380127,False,0.875,16,-0.6036440088757019,-0.7378468056129581,-0.629099016166071,2.2598564920005173
lindgarde,Lindgarde,NLC,2024,Summer,bot,Venomcrest Esports,1,1,High DPS | Farmer dominant | Lane bully | Early dominant | High performer,9.960868835449219,8.520853996276855,False,0.6538461538461539,26,1.3317728102857531,0.8403995730816756,1.897179242884702,0.9747746085135596
lofti,Lofti,NLC,2025,Winter,mid,Venomcrest Esports,2,2,Profil neutre,4.421478271484375,2.660343647003174,False,0.2222222222222222,9,0.0684171792220092,-1.5039625948152262,-1.4569933825995531,-1.191673368175931
lofti,Lofti,NLC,2025,unknown,mid,Lund Esports Organization,1,1,Profil neutre,8.780268669128418,4.059897422790527,False,0.7647058823529411,17,1.0346899200953092,-0.92629012185134,0.6771705864821632,1.7490819052171334
looki,Looki,LFL,2026,unknown,bot,Karmine Corp Blue,1,1,High DPS | Farmer dominant | Lane bully | Early dominant | High performer,9.301785469055176,7.939601421356201,False,0.6086956521739131,23,1.4237082597746291,-0.3171692128764722,0.4289399618992466,0.8757979032555628
looki,Looki,PRM,2025,unknown,bot,DKB XPERION NXT,2,2,Profil équilibré,8.564066886901855,9.564329147338867,False,0.4166666666666667,12,0.7071067811865472,0.7071067811865529,-0.7071067811865475,-0.7071067811865472
lorenz,Lorenz,NLC,2025,Winter,sup,Venomcrest Esports,0,0,High DPS | Versatile | High performer,2.9183316230773926,6.653493404388428,False,0.2222222222222222,9,2.0268881592015435,-0.5079577341324737,0.3657690322474879,-1.1743946719218
lorenz,Lorenz,PRM,2025,unknown,sup,A One Man Army Prime,2,2,Farmer dominant | Lane bully | Early dominant,1.172170639038086,3.452373743057251,False,0.5714285714285714,7,0.6395586186959962,0.7426646306433259,1.1537182796206775,0.4264359365130517
lorenz,Lorenz,PRM,2026,unknown,sup,All for One Gaming,0,0,High DPS | Versatile | High performer,2.6637275218963623,5.327936172485352,False,0.5555555555555556,9,-1.2969508583248426,0.9527632786376672,-0.2367325810951274,0.2656844656620287
lospa,Lospa,LVP SL,2025,Final Four,sup,GIANTX iTero,1,1,Profil neutre,5.5822882652282715,5.082005023956299,True,0.75,8,-0.7071067811865476,-0.7071067811865505,-0.7071067811865475,0.7071067811865475
lospa,Lospa,LVP SL,2025,Spring,sup,GIANTX iTero,0,0,High DPS | Versatile | High performer,3.615894317626953,5.10084867477417,True,0.75,20,-1.3461831850785717,-0.6667234387884318,0.1936311324293415,1.4423738827029124
lospa,Lospa,LVP SL,2025,Summer,sup,GIANTX iTero,0,0,High DPS | Versatile | High performer,0.9381812214851379,6.5520710945129395,True,0.8888888888888888,18,-0.0025406167387635,-0.8859835187239331,1.3931848737162416,1.952048057131854
lospa,Lospa,LVP SL,2025,Winter,sup,GIANTX iTero,0,0,High DPS | Versatile | High performer,2.6250414848327637,5.7264227867126465,True,0.55,20,-0.4284268221344458,-0.4192509580404894,0.8333887436445857,0.4395525162691745
lospa,Lospa,TCL,2024,Summer,sup,FUT Esports,1,1,Profil neutre,4.17084264755249,4.183704376220703,True,0.5,22,-1.0505484033986598,0.1037025630673224,-0.8503406990235052,0.1654224837841051
lot,Lot,LFL,2024,Spring,top,Team GO,2,2,Profil neutre,8.652668952941895,6.517887592315674,True,0.4285714285714285,21,0.9215990783418324,0.2267391978500577,0.4383066093550127,-0.2971833004925945
lot,Lot,LFL,2024,Summer,top,Team GO,1,1,Carry agressif | High DPS | Farmer dominant | Lane bully | Early dominant,8.813321113586426,6.805798053741455,True,0.5,28,0.4688188087653228,0.5876226354666941,1.2598928908482532,0.1557377825272217
luana,Luana,TCL,2024,Summer,top,Misa Esports,0,0,Profil neutre,4.507024765014648,4.827547550201416,False,0.5294117647058824,17,-0.9631619029094476,-0.8762971772265189,-0.9204045259056128,0.2931355882044854
luana,Luana,TCL,2024,Winter,top,Dark Passage,2,2,Profil neutre,6.615354061126709,4.607120513916016,False,0.5652173913043478,23,0.0162232115755728,-0.4578559371788662,-0.066280787186458,0.4665649390760166
lucker,Lucker,LFL2,2024,Spring,bot,Esprit Shōnen,2,2,Profil équilibré,6.2270379066467285,9.417418479919434,False,0.6666666666666666,6,-0.6717730412371914,-0.4857536940126439,0.7051084964462311,0.7071067811865474
lucker,Lucker,LFL2,2024,Summer,bot,Esprit Shōnen,0,0,Profil neutre,5.027020454406738,11.459717750549316,False,0.3888888888888889,18,-0.3178433070714319,-0.5956054207654577,-1.1492808769101863,-0.5283427103588447
lucker,Lucker,LFL2,2025,Summer,sup,Zerance,2,2,Farmer dominant | Lane bully | Early dominant,2.756348133087158,2.965994358062744,False,0.3571428571428571,14,-0.062536662762095,0.6877774625616128,-0.1881181353846142,-1.1755541410806083
lucky,Lucky,PRM,2024,Spring,sup,NNO Prime,0,0,High DPS | Versatile | High performer,2.1379692554473877,6.794415473937988,False,0.7222222222222222,18,1.105532001629563,-0.2203225128113328,0.2208086316725144,0.9486832980505138
lucky,Lucky,PRM,2024,Summer,sup,NNO Prime,2,2,Farmer dominant | Lane bully | Early dominant,1.9642351865768433,2.594189405441284,False,0.4444444444444444,18,-0.0797690411682736,2.474016771128147,0.1602263593771438,-0.3162277660168381
lucky,Lucky,PRM,2024,unknown,sup,NNO Prime,0,0,High DPS | Versatile | High performer,2.0628466606140137,5.990217208862305,False,0.5,18,1.2413138068905272,1.1670456376790912,0.3988371669703432,0.181867161254626
lucky,Lucky,PRM,2025,Spring,sup,CGN Esports,2,2,Farmer dominant | Lane bully | Early dominant,2.304506301879883,4.00947904586792,False,0.6666666666666666,21,-0.2453598219830578,0.9616535944623092,-0.6387075021492101,1.2399535978497294
lucky,Lucky,PRM,2025,Spring,sup,Dung Dynasty,0,0,High DPS | Versatile | High performer,0.8394656777381897,6.617834091186523,False,0.7,10,-0.1724219315077138,0.1535433439660841,1.7350840129697644,1.4912778551077297
lucky,Lucky,PRM,2025,Summer,sup,CGN Esports,2,2,Farmer dominant | Lane bully | Early dominant,2.938178777694702,2.7846717834472656,False,0.4285714285714285,7,-0.593793173383501,0.4651225114661705,-0.2741390697100237,-0.2457976824210071
lucky,Lucky,PRM,2026,unknown,sup,CGN Esports,0,0,High DPS | Versatile | High performer,0.8874126076698303,6.755224704742432,False,0.75,8,-0.2387308864228643,-1.295775405203183,1.4601162733891542,1.1955800954791285
luger,Luger,TCL,2024,Winter,bot,Papara SuperMassive,1,1,High DPS | Farmer dominant | Lane bully | Early dominant | High performer,9.288378715515137,9.997756958007812,False,0.6153846153846154,26,0.015320806924653,0.2875442071465098,0.4624594990816478,0.6671397433792247
luis,Luis,NLC,2026,Spring,sup,Lund Esports Organization,1,1,Profil neutre,6.605727672576904,3.2029924392700195,False,0.2857142857142857,7,0.2131560118161721,-1.2867596854585732,-1.77700967410198,-0.9417694130513904
luke,Luke,NLC,2026,Winter,sup,La BOMBAS,2,2,Farmer dominant | Lane bully | Early dominant,2.5144245624542236,2.433159112930298,False,0.2222222222222222,9,0.1653350040811646,1.3724402056491989,-0.1056201142338901,-1.0031713346249644
luke,Luke,PRM,2026,Spring,mid,VfB eSports,2,2,Profil neutre,3.7047579288482666,3.1085312366485596,False,0.1666666666666666,18,-1.3924694930164156,-0.2894764812188883,-1.6791454163408637,-1.2574499567848296
luke,Luke,PRM,2026,Summer,mid,VfB eSports,2,2,Profil neutre,3.452573776245117,2.5951666831970215,False,0.2777777777777778,18,-0.7895323959609121,-2.011023951540627,-1.6870150758739324,-1.0971427060786183
luke,Luke,PRM,2026,unknown,mid,VfB eSports,2,2,Profil neutre,5.277890682220459,2.935922622680664,False,0.25,8,1.0606740393863905,-0.0057964528584266,-1.1547276214015214,-1.1955800954791285
lulas,Lulas,LFL,2026,unknown,jng,Esprit Shōnen,1,1,Profil neutre,8.748093605041504,1.469195008277893,False,0.0,9,-2.2150879396804,-1.1882328929651695,-1.2310515739880308,-2.087948338310575
lulas,Lulas,NLC,2025,Spring,jng,Bulldog Esports,1,1,Profil neutre,6.276796817779541,3.0831658840179443,False,0.5,12,-0.7083256050849882,-1.02753634830283,-0.4832278906833402,0.2164171295080899
lulas,Lulas,NLC,2025,Summer,jng,DMG Esports,1,1,Profil neutre,6.227692604064941,3.002927303314209,False,0.4666666666666667,15,-0.7038030396935557,-0.3568275379804828,-0.2963125810360122,0.1052974412461899
lulas,Lulas,NLC,2025,Winter,jng,Bulldog Esports,1,1,Profil neutre,7.543227195739746,2.4208788871765137,False,0.5,24,-0.8675340095916358,-1.629145435115628,-1.651527387706378,0.1321374625272378
lulas,Lulas,NLC,2026,Winter,jng,DMG Esports,2,2,Profil neutre,3.96555233001709,-0.029936250299215317,False,0.4666666666666667,15,0.3912950751010342,-0.3857833578401676,0.1753312452875585,0.1024997724571247
lurox,Lurox,LFL,2025,Flash In,jng,Vitality.Bee,2,2,Profil neutre,5.764471530914307,1.9353830814361572,False,0.5,8,0.855260547981284,-1.1748260357195668,-1.1464655492568792,0.1091376136649696
lurox,Lurox,LFL,2025,Spring,jng,Vitality.Bee,2,2,Profil neutre,2.3831329345703125,1.1435906887054443,False,0.5555555555555556,27,-0.8517640642994958,0.2862987708279677,-0.3744228105817829,0.5942947400917861
lurox,Lurox,LFL,2025,Summer,jng,Vitality.Bee,2,2,Profil neutre,3.101616621017456,2.1337502002716064,False,0.5142857142857142,35,-1.1353920796131691,0.2861564105830634,-0.2267954696954348,0.2273161183212422
lurox,Lurox,PRM,2024,Spring,jng,Unicorns of Love Sexy Edition,0,0,High DPS | Farmer dominant | Lane bully | Early dominant | High performer,-0.2769656777381897,-0.03067244589328766,False,0.6666666666666666,18,0.5667534977311491,1.7195175011494386,1.095291796788983,0.7115124735378852
lurox,Lurox,PRM,2024,Summer,jng,Unicorns of Love Sexy Edition,0,0,High DPS | Farmer dominant | Lane bully | Early dominant | High performer,2.3549461364746094,2.16444993019104,False,0.6111111111111112,18,-0.4663145545521385,1.119971102903812,0.50019831843745,0.6708203932499371
lurox,Lurox,PRM,2024,unknown,jng,Unicorns of Love Sexy Edition,2,2,Profil neutre,2.949240207672119,1.2904912233352661,False,0.6666666666666666,21,-0.5469018597178092,0.3855587609402701,-0.0989105374901049,1.1874128632176704
lurox,Lurox,PRM,2026,Winter,jng,Kaufland Hangry Knights,1,1,Profil neutre,7.439099311828613,3.3331000804901123,False,0.4285714285714285,7,-0.8596285924898812,-0.5213593449600363,-0.9563218998106786,-0.2198138965481876
lvs,LVS,NLC,2024,Spring,top,DMG Esports,0,0,Profil neutre,3.8907527923583984,4.088674545288086,False,0.1538461538461538,13,-0.9482859088177488,-0.0481914762240148,-1.0596725214418443,-1.9111715508483644
lyncas,Lyncas,LFL,2024,Spring,jng,Karmine Corp Blue,0,0,High DPS | Farmer dominant | Lane bully | Early dominant | High performer,1.2678066492080688,-0.5657950639724731,True,0.6551724137931034,29,-0.2622754919463823,0.3966229335223727,0.8379366748439955,1.0612707473165108
lynx,Lynx,TCL,2026,Summer,mid,Dark Passage,1,1,Profil neutre,8.407222747802734,2.8444557189941406,False,0.5,22,0.2941219161823986,-0.299267797270087,0.0565080610872039,0.2459256128249042
lyrokun,Lyrokun,LFL2,2025,unknown,sup,Kaeru Gyuangu,2,2,Farmer dominant | Lane bully | Early dominant,1.4845421314239502,3.9549055099487305,False,0.4666666666666667,15,1.059669090225235,0.4558807593266387,0.1982181706568412,-0.2182178902359927
lyrokun,Lyrokun,NLC,2026,Spring,sup,Lundqvist Lightside,1,1,Profil neutre,5.229844570159912,2.927373170852661,False,0.2857142857142857,7,-1.6194551213493444,0.4261128920286671,-0.6669337189791326,-0.9417694130513904
macaquinho,Macaquinho,LVP SL,2025,Spring,mid,Guasones,2,2,Profil neutre,3.6658639907836914,2.395224094390869,False,0.0,9,-1.4234020358215111,-2.373209276709976,-1.5970284442354628,-2.101101768568551
macaquinho,Macaquinho,LVP SL,2025,Summer,mid,Guasones,2,2,Profil neutre,4.675536155700684,1.9933022260665894,False,0.1111111111111111,9,-2.0079836629393637,-1.3391313015883817,-1.228195311809303,-1.5207405583452742
macaquinho,Macaquinho,LVP SL,2025,Winter,mid,Guasones,2,2,Profil neutre,5.611456394195557,3.928180456161499,False,0.1111111111111111,9,1.345728554480203,-1.1985811517588367,-0.4808999332556426,-1.4510908204404565
macaquinho,Macaquinho,LVP SL,2025,unknown,mid,Guasones,1,1,Profil neutre,8.891566276550293,2.738189220428467,False,0.8571428571428571,7,0.707106781186547,0.7071067811865456,0.7071067811865475,0.7071067811865476
madly,Madly,TCL,2026,Summer,top,BoostGate Esports,0,0,Profil neutre,3.8962020874023438,4.125306606292725,False,0.0,6,-1.0754426876370944,-0.5601185139548354,-0.7526597729072515,-1.6921570570002262
madsf,MadsF,NLC,2026,Spring,bot,Ruddy Corporation,2,2,Profil équilibré,7.192989349365234,7.83205509185791,False,0.5,20,0.5962029829746988,0.0666810236294125,-0.2099206577347125,0.1327371545247316
madsf,MadsF,NLC,2026,Summer,bot,Sørby eSport,2,2,Profil équilibré,7.350644111633301,9.250088691711426,False,0.0,6,-0.1084663515976386,-0.1219999068757721,0.4962010620292401,-1.843272319658283
mafro,Mafro,LFL2,2024,Spring,jng,Lille Esport,2,2,Profil neutre,5.735019207000732,0.49327516555786133,False,0.6666666666666666,6,-0.2985485468974961,-0.4831563719546644,-0.984797283671266,0.7071067811865474
mafro,Mafro,LFL2,2024,Summer,jng,Akroma,2,2,Profil neutre,6.412907600402832,0.8634733557701111,False,0.3888888888888889,18,0.4616757146252863,-0.7269848894369189,-0.5804522370025397,-0.3725523336641786
mafro,Mafro,LFL2,2025,Summer,jng,IziDream,2,2,Profil neutre,2.7619268894195557,0.8202252984046936,False,0.6,25,0.3366589910658619,-0.7860258912589526,0.9880867178184208,0.927030557518715
mafro,Mafro,NLC,2026,Summer,jng,Verdant,0,0,High DPS | Farmer dominant | Lane bully | Early dominant | High performer,0.7059438824653625,-0.9500462412834167,False,0.7391304347826086,23,0.9673675961926362,0.6143526390372832,1.2208732447094004,1.2063407938724786
mafro,Mafro,NLC,2026,Winter,jng,Verdant,0,0,High DPS | Farmer dominant | Lane bully | Early dominant | High performer,-0.4395129978656769,-0.9718828201293945,False,0.8333333333333334,18,1.365634612566605,0.9329288743298548,1.644687195493152,1.503532165214275
manaty,Manaty,LFL,2026,unknown,jng,Ici Japon Corp. Esport,2,2,Profil neutre,3.807957172393799,1.9279857873916626,False,0.5,12,-0.9416812894112984,-0.0200969891558578,0.3878008956328075,0.3832962771951536
manaty,Manaty,LFL,2026,unknown,jng,ZYB Esport,2,2,Profil neutre,4.347779750823975,-0.3681615889072418,False,0.3214285714285714,28,0.903797042553536,0.1427883647230895,-0.2417179412682571,-0.4992910854854636
mansterninja,Mansterninja,NLC,2026,Spring,top,Lundqvist Lightside,1,1,Carry agressif | High DPS | Farmer dominant | Lane bully | Early dominant,9.069726943969727,5.44217586517334,False,0.2857142857142857,7,1.176950683901666,0.5118454987267973,0.3534059421939588,-1.026400534100912
mansterninja,Mansterninja,NLC,2026,Summer,top,Lundqvist Lightside,2,2,Profil neutre,7.770679473876953,6.191230773925781,False,0.4166666666666667,12,-0.3815409171796794,1.3577799800549526,-0.0395401849865575,-0.0798570885420186
mansterninja,Mansterninja,NLC,2026,Winter,top,Lund Esports Organization,2,2,Profil neutre,5.730353832244873,5.122390270233154,False,0.7142857142857143,7,0.1537432772797693,-0.4138866966486423,-0.5518631308702887,0.8836044401954193
marcv1,Marcv1,LVP SL,2025,unknown,bot,Nocturne Gale,2,2,Profil équilibré,4.861565589904785,11.0365629196167,False,0.4,10,-0.7071067811865442,-0.7071067811865476,-0.7071067811865475,-0.7071067811865476
markoon,Markoon,LFL,2025,Flash In,jng,Solary,2,2,Profil neutre,2.2458388805389404,-1.1958036422729492,False,0.4761904761904761,21,0.6078067893910026,0.7426620291232479,0.2444730670477869,-0.0199755958888882
markoon,Markoon,LFL,2025,Spring,jng,Solary,2,2,Profil neutre,4.695369243621826,0.43041685223579407,False,0.5263157894736842,19,0.2945215228100475,0.2195890794710178,0.444488080778443,0.4103158278198043
markoon,Markoon,LFL,2025,Summer,jng,Solary,0,0,High DPS | Farmer dominant | Lane bully | Early dominant | High performer,1.7523870468139648,0.9055790901184082,False,0.4545454545454545,22,0.1264674573643529,0.2069762986395975,0.9423340360055262,-0.1738509953810086
markoon,Markoon,PRM,2026,Spring,jng,G2 NORD,0,0,High DPS | Farmer dominant | Lane bully | Early dominant | High performer,2.113004446029663,-0.6079921126365662,False,0.6590909090909091,44,0.5272172027140942,1.251477661094911,0.6669573235615804,0.8565121789328708
markoon,Markoon,PRM,2026,Summer,jng,G2 NORD,0,0,High DPS | Farmer dominant | Lane bully | Early dominant | High performer,-0.48262229561805725,-0.786176323890686,False,0.7368421052631579,19,0.8496150742467572,1.8086286926000643,1.5495835476696274,1.1997097357932445
markoon,Markoon,PRM,2026,Winter,jng,G2 NORD,2,2,Profil neutre,2.597076177597046,-0.6207877397537231,False,0.6,15,0.6526142850788803,0.402881323071464,0.5950890025243415,0.7630917156189824
markus,Markus,NLC,2026,Spring,jng,Ruddy Corporation,2,2,Profil neutre,3.6875946521759033,-0.3502025008201599,False,0.5,20,0.0894696226043617,0.3964549725131558,-0.1358465911301057,0.1327371545247316
marky,Marky,LVP SL,2024,Spring,top,Movistar KOI,1,1,Carry agressif | High DPS | Farmer dominant | Lane bully | Early dominant,9.854674339294434,8.502954483032227,False,0.4782608695652174,23,1.1690374387082505,0.6390925865021464,1.4770241830619264,0.0246669416923236
marky,Marky,LVP SL,2024,Summer,top,Movistar KOI,1,1,Carry agressif | High DPS | Farmer dominant | Lane bully | Early dominant,9.749382019042969,6.286960601806641,False,0.6086956521739131,23,0.4946698708476896,0.666020885497638,1.0151405133584364,0.7384681195076335
marky,Marky,LVP SL,2025,Spring,top,LUA Gaming,1,1,Carry agressif | High DPS | Farmer dominant | Lane bully | Early dominant,9.75731086730957,7.580819129943848,False,0.4210526315789473,19,0.8272160282195288,0.8305033338247072,1.1527725691965969,-0.1117821046968523
marky,Marky,LVP SL,2025,Summer,top,LUA Gaming,2,2,Profil neutre,8.134177207946777,5.723727226257324,False,0.4615384615384615,13,-0.0122151233152523,0.2970020699856223,0.7258821732170256,0.043922444232333
marky,Marky,LVP SL,2025,Winter,top,LUA Gaming,2,2,Profil neutre,8.575005531311035,6.596164703369141,False,0.5,12,0.8724823221623788,0.1489999420774984,0.3715230941608772,0.2241627690490898
marlon,marlon,LFL,2024,Summer,sup,Team du Sud,1,1,Profil neutre,6.296692371368408,2.9727442264556885,False,0.2222222222222222,18,-0.9743012107472896,-0.90468137346027,-1.142482323626092,-1.1144501524651806
marlon,marlon,LVP SL,2024,Spring,sup,Movistar KOI,0,0,High DPS | Versatile | High performer,2.6875672340393066,6.52437162399292,False,0.4782608695652174,23,0.8084289042956823,-0.7590369607190656,0.0558246513456498,0.0246669416923243
marlon,marlon,NLC,2025,Spring,sup,Ruddy Corporation,0,0,High DPS | Versatile | High performer,4.417293548583984,6.581591606140137,False,0.4444444444444444,18,0.5049263154776209,-0.6454839077770075,-0.3856096343843391,0.0210093108151428
marty,Marty,LVP SL,2025,Summer,mid,Veni Vidi Vici,1,1,Profil neutre,7.448807716369629,4.134133338928223,False,0.4285714285714285,14,0.0765678530856772,-1.1799787050118231,-0.1397049609479055,-0.1032758173342016
mask,Mask,TCL,2025,Spring,mid,Beşiktaş Esports,1,1,Profil neutre,9.009285926818848,0.5282242298126221,False,0.4117647058823529,17,-0.1106369499178498,1.1789732853731878,-0.6232621524715994,-0.3172423050645888
mask,Mask,TCL,2025,Summer,mid,Papara SuperMassive,0,0,High DPS | Farmer dominant | Lane bully | Early dominant,10.948426246643066,1.354447364807129,False,0.4444444444444444,18,1.7946798228574017,1.3515965791291242,0.4090776766470667,-0.0305976393128635
mat,MAT,LFL2,2025,Winter,top,Skillcamp,0,0,Profil neutre,3.0741748809814453,4.317713737487793,False,0.1428571428571428,14,-2.022349795484149,-1.613910153792005,-1.9185047643377748,-1.5862942049170266
mathisv,MathisV,LFL2,2025,Spring,mid,Karmine Corp Blue Stars,2,2,Profil neutre,5.7637481689453125,1.0371326208114624,False,0.3571428571428571,14,-0.9940649262514508,-0.7927210407218324,-1.1878359721731018,-0.2544572554370249
mathisv,MathisV,LFL2,2025,Summer,mid,Karmine Corp Blue Stars,2,2,Profil neutre,4.981326103210449,1.6875331401824951,False,0.2857142857142857,14,-2.1170668559897217,-0.0755061889094974,-1.4422893660970966,-1.4966688856042771
mathisv,MathisV,LFL2,2025,Winter,mid,Karmine Corp Blue Stars,1,1,Profil neutre,6.648258686065674,1.0683883428573608,False,0.5,14,-0.9036557884601456,-0.8710034110588974,-0.7755142171329295,0.2166025584376722
mathisv,MathisV,NLC,2026,Winter,mid,Lundqvist Lightside,0,0,High DPS | Farmer dominant | Lane bully | Early dominant,9.376252174377441,1.6780071258544922,False,0.375,8,0.5925956688623724,-0.4529189337555409,0.5829378680449443,-0.531514670228969
matias,Matias,LFL,2024,Spring,bot,GameWard,0,0,Profil neutre,5.249056816101074,11.33099365234375,False,0.3888888888888889,18,0.064306997527922,-1.036847250847169,-0.4357385611336394,-0.5350768233577154
matias,Matias,LFL,2024,Summer,bot,GameWard,2,2,Profil équilibré,5.448195457458496,9.81932544708252,False,0.4090909090909091,22,-0.1251364051553499,0.1058070547190419,0.0519708572258753,-0.2599600871066553
matias,Matias,LFL,2025,Flash In,bot,GameWard,0,0,Profil neutre,4.001667499542236,11.994427680969238,False,0.1666666666666666,6,-1.812947702717392,-1.8533550711432816,-1.5874624331735532,-1.6984473200890384
matias,Matias,LFL,2025,Spring,bot,GameWard,0,0,Profil neutre,4.859931945800781,12.275354385375977,False,0.3571428571428571,14,-2.071584366114714,-0.8542623097175704,-1.3270437940763729,-0.654133593182373
matias,Matias,LFL,2025,Summer,bot,GameWard,0,0,Profil neutre,5.17676305770874,10.395400047302246,False,0.217391304347826,23,-1.395867177698258,-0.2335037395905427,-0.861884968680056,-1.7663858512878652
matixx,Matixx,NLC,2025,Summer,top,Rich Gang,2,2,Profil neutre,7.982961177825928,5.482028961181641,False,0.5333333333333333,15,-1.4215690561577772,0.4753760967039553,0.5178616064254549,0.2880797678690449
mauki,Mauki,LFL2,2025,unknown,bot,Kaeru Gyuangu,2,2,Profil équilibré,5.130008220672607,11.016973495483398,False,0.4666666666666667,15,-0.6079122805147837,-0.7358834536474588,-0.2748887884948475,-0.2182178902359927
mauki,Mauki,LVP SL,2025,Spring,bot,ZETA,0,0,Profil neutre,4.295148849487305,12.055914878845215,False,0.3333333333333333,9,-1.35002613884946,-0.99937455611924,-1.700214907010327,-0.5262237013367896
mauki,Mauki,NLC,2025,Winter,bot,Venomcrest Esports,2,2,Profil équilibré,6.430506229400635,9.131062507629395,False,0.2222222222222222,9,0.779516762414802,-0.1110626628452909,-0.4416581688381154,-1.1669245540177944
max1,Max1,PRM,2024,Spring,sup,E WIE EINFACH E-SPORTS,1,1,Profil neutre,5.685222148895264,5.589857578277588,False,0.5,18,-1.1410580772564491,-0.8940343075773954,-0.8980451190304077,0.0
max1,Max1,PRM,2024,Summer,sup,E WIE EINFACH E-SPORTS,1,1,Profil neutre,3.1395745277404785,3.0630738735198975,False,0.3333333333333333,18,-0.6104756734278776,-0.6611419776192679,-0.9331553002397094,-0.997333723591566
maxi,MAXI,LVP SL,2024,Spring,jng,Case Esports,2,2,Profil neutre,4.831563472747803,-0.012000121176242828,False,0.6296296296296297,27,0.1063451422732152,-0.0789415676101393,-0.2358576962953776,0.9404552141559696
maxi,MAXI,LVP SL,2024,Summer,jng,Movistar KOI,0,0,High DPS | Farmer dominant | Lane bully | Early dominant | High performer,1.3231018781661987,-1.1226861476898193,False,0.6086956521739131,23,1.4277318965421069,0.4119089157536692,0.6521597983612214,0.730030174527077
maxi,MAXI,LVP SL,2025,Spring,jng,Ramboot Club,2,2,Profil neutre,5.510889530181885,0.23270606994628906,False,0.4,15,0.9246683198095336,-0.5749134587038842,0.0273195345382224,-0.2112480878904371
maximillion,Maximillion,TCL,2024,unknown,mid,NONAME,2,2,Profil neutre,7.241584777832031,3.035743236541748,False,0.5833333333333334,12,-0.8021153294999611,-0.7378899123471616,0.6559800384820927,-0.2351126864216286
maynter,Maynter,LFL,2024,Spring,top,Karmine Corp Blue,2,2,Profil neutre,6.340540409088135,6.177487850189209,False,0.6551724137931034,29,-1.24215079299139,-0.9984968692694004,-0.0103373299532982,1.0612707473165115
maynter,Maynter,LFL,2024,Summer,top,Karmine Corp Blue,2,2,Profil neutre,6.324446678161621,6.21256685256958,True,0.76,25,-0.318744776402537,-1.470988948704652,0.2609797897226918,1.3446336896801103
maynter,Maynter,LFL,2025,Flash In,top,Karmine Corp Blue,1,1,Carry agressif | High DPS | Farmer dominant | Lane bully | Early dominant,9.117021560668945,9.022586822509766,True,0.7222222222222222,18,0.7247451732393553,-0.4522609177467027,0.9746567170740836,1.314194236167641
maynter,Maynter,LFL,2025,Spring,top,Karmine Corp Blue,2,2,Profil neutre,8.345640182495117,8.845444679260254,True,0.52,25,-0.5051702552015978,-0.4716664985466225,0.8079796626131771,0.3705763827690567
maynter,Maynter,LFL,2025,Summer,top,Karmine Corp Blue,1,1,Carry agressif | High DPS | Farmer dominant | Lane bully | Early dominant,8.445719718933105,8.786232948303223,True,0.6388888888888888,36,-0.3789516659059911,0.0872741263495308,0.8608870355136613,1.0640499412243671
mean,Mean,TCL,2026,Kickoff,bot,BoostGate Esports,0,0,Profil neutre,4.452630519866943,10.759407043457031,False,0.0,6,-1.898702085282352,-0.6332324813589811,-1.332862503194198,-1.4482557325410153
mean,Mean,TCL,2026,Spring,bot,BoostGate Esports,0,0,Profil neutre,4.079714298248291,11.723182678222656,False,0.3809523809523809,21,-1.7949881311946143,-2.1023913067206936,-1.6948312168159072,-0.3768478294623975
menninkäinen,Menninkäinen,NLC,2025,unknown,top,Epic Avalanche,1,1,Carry agressif | High DPS | Farmer dominant | Lane bully | Early dominant,8.816228866577148,7.4332756996154785,False,0.5555555555555556,9,-0.0347979959002486,0.3241750076326622,1.096186641474896,0.2413506139992068
menninkäinen,Menninkäinen,NLC,2026,Summer,top,Epic Avalanche,2,2,Profil neutre,5.350265979766846,5.468813896179199,False,0.0,6,1.841450232014264,0.1621862916570179,-0.8901950433208955,-1.8138878077709115
mercy9,Mercy9,LVP SL,2025,Final Four,mid,Team Heretics Academy,2,2,Profil neutre,5.423287391662598,2.7055041790008545,False,0.5,8,-0.7071067811865469,-0.7071067811865526,-0.7071067811865475,-0.7071067811865475
mercy9,Mercy9,LVP SL,2025,Summer,mid,Team Heretics Academy,1,1,Profil neutre,9.77191162109375,3.9414451122283936,False,0.5652173913043478,23,-1.1872369743552995,-0.1090962144532652,-0.0031223538949668,0.5068503103183905
mercy9,Mercy9,TCL,2024,Summer,mid,Misa Esports,1,1,Profil neutre,9.648762702941895,2.565704584121704,False,0.5294117647058824,17,-0.0698732117105295,0.6330735528308532,-0.0012670082527894,0.3240389926042645
mercy9,Mercy9,TCL,2025,Spring,mid,Bushido Wildcats,0,0,High DPS | Farmer dominant | Lane bully | Early dominant,9.9248628616333,1.0781489610671997,False,0.3333333333333333,12,-0.6826452832643798,0.4727199511500077,1.8245804679301725,-0.8269800692071597
mercy9,Mercy9,TCL,2025,Winter,mid,Bushido Wildcats,1,1,Profil neutre,6.127988815307617,3.6954920291900635,False,0.5,16,-1.0281148492910248,1.961447531836688,-0.4143904549684701,0.1836738891328702
mersa,Mersa,LFL,2025,Flash In,sup,Solary,0,0,High DPS | Versatile | High performer,3.1274945735931396,5.037228107452393,False,0.4761904761904761,21,-0.8788416727008314,-0.9268333168578756,0.6942372327573172,-0.0199755958888882
mersa,Mersa,LFL,2025,Spring,sup,Solary,1,1,Profil neutre,6.507241249084473,4.258050918579102,False,0.5263157894736842,19,-0.726949661806001,-1.2613036671747448,-1.600071848391629,0.410315827819804
mersa,Mersa,LFL,2025,Summer,sup,Solary,1,1,Profil neutre,6.417609214782715,4.345104694366455,False,0.4545454545454545,22,-1.4648239463968844,-1.6093968725483367,-1.5217571661065028,-0.1738509953810089
mersa,Mersa,LFL,2026,unknown,sup,Joblife,1,1,Profil neutre,6.246077537536621,3.9908361434936523,False,0.3181818181818182,22,-0.565404354129558,-0.757950758292711,-1.2301742698819758,-0.7442991139024763
mersa,Mersa,TCL,2026,Kickoff,sup,S2G Esports,1,1,Profil neutre,3.599290370941162,5.129336833953857,False,0.6,20,-1.4106283472191352,-1.2308454384483274,0.3121074615143921,0.4474024337157218
meto,meto,TCL,2026,Spring,jng,Team Phoenix,1,1,Profil neutre,6.2913923263549805,2.5455400943756104,False,0.25,16,-0.7175026419630715,-0.99265367397556,-0.3854884935633747,-0.9094294104216182
metroflox,Metroflox,LFL2,2024,Spring,jng,Project Conquerors,1,1,Profil neutre,7.152733325958252,0.773690402507782,False,0.1666666666666666,6,0.2190197189903686,-0.884161812775944,-1.1929559184151306,-1.4142135623730951
midnight,Midnight,LVP SL,2025,unknown,mid,Nocturne Gale,1,1,Profil neutre,6.025589942932129,2.4684503078460693,False,0.4,10,-0.7071067811865481,-0.7071067811865495,-0.7071067811865475,-0.7071067811865476
miella,Miella,NLC,2026,Winter,bot,La BOMBAS,2,2,Profil équilibré,5.199731826782227,10.207015037536621,False,0.2222222222222222,9,-0.5517375999996924,0.0124418521485857,-0.3210679696605655,-0.8700475732508977
mietek,Mietek,NLC,2025,Spring,top,Bulldog Esports,2,2,Profil neutre,9.560430526733398,5.974985122680664,False,0.5,12,0.0677935806709427,0.4428577962649934,0.1889987637798215,0.1925763847761048
mietek,Mietek,NLC,2025,Winter,top,Bulldog Esports,2,2,Profil neutre,9.111321449279785,5.374446392059326,False,0.5,24,1.5978045172957676,0.0811874749863279,-0.3478792119206879,0.1125776526278249
mietek,Mietek,PRM,2026,Spring,top,Eintracht Frankfurt,2,2,Profil neutre,7.630965232849121,4.798586368560791,False,0.2352941176470588,17,0.5071402985942806,0.5147901486500248,-0.1531391908332134,-0.9219831133636992
mietek,Mietek,PRM,2026,Winter,top,Eintracht Frankfurt,0,0,Profil neutre,4.458897590637207,4.181116104125977,False,0.4444444444444444,9,-1.219737567413027,0.0552847314148115,-0.9452325487634398,-0.2192742739803367
mihai,Mihai,LFL2,2025,Summer,bot,Skillcamp,2,2,Profil équilibré,6.702517986297607,9.507564544677734,False,0.4285714285714285,14,-0.5351226755537014,-0.1429854626492642,0.416729510229765,-0.3949873205483714
mihai,Mihai,LFL2,2025,unknown,bot,Skillcamp,1,1,High DPS | Farmer dominant | Lane bully | Early dominant | High performer,9.681868553161621,7.767074108123779,False,0.6,10,-0.5462391281365707,-0.4026792286309981,1.108694678916559,1.0910894511799616
mihai,Mihai,LVP SL,2024,Spring,bot,ZETA,0,0,Profil neutre,5.159270286560059,12.347472190856934,False,0.1666666666666666,18,-2.2850737337124998,-0.5126337091794124,-0.796297462371396,-1.7154331145052883
mihile,Mihile,TCL,2025,Spring,top,Misa Esports,1,1,Carry agressif | High DPS | Farmer dominant | Lane bully | Early dominant,10.021592140197754,9.229626655578613,False,0.6363636363636364,22,1.7285440443767146,0.342895502693373,1.2530183345313255,1.0435911583049708
mihile,Mihile,TCL,2025,Summer,top,Misa Esports,1,1,Carry agressif | High DPS | Farmer dominant | Lane bully | Early dominant,9.084761619567871,8.582414627075195,False,0.6956521739130435,23,0.4597856446034582,0.3828641979041761,0.8894723609929784,1.0445269250347915
mihile,Mihile,TCL,2025,Winter,top,Misa Esports,1,1,Carry agressif | High DPS | Farmer dominant | Lane bully | Early dominant,11.034202575683594,8.585673332214355,False,0.6153846153846154,26,1.1842545820614054,1.454146418096413,1.5743364719835975,0.7697530035591936
milkshake,Milkshake,NLC,2024,unknown,jng,Lazy In Life,2,2,Profil neutre,1.9901320934295654,1.1627471446990967,False,0.5714285714285714,14,0.1375936173242314,0.5263610579397242,0.4989768034505258,0.4213530497900029
milkshake,Milkshake,PRM,2025,unknown,jng,A One Man Army Prime,0,0,High DPS | Farmer dominant | Lane bully | Early dominant | High performer,1.1325979232788086,1.4474838972091675,False,0.5714285714285714,7,0.5733147752492878,0.6875002301169422,0.108003955993123,0.4264359365130517
minemaciek,minemaciek,LVP SL,2024,Summer,sup,Rebels Gaming,1,1,Profil neutre,6.236496925354004,3.9017558097839355,False,0.1111111111111111,18,-0.2110405586758948,-0.7212918279114097,-0.9151290632191528,-1.9268468226189472
miniduke,Miniduke,LVP SL,2024,unknown,mid,Veni Vidi Vici,1,1,Profil neutre,5.892100811004639,1.008718729019165,False,0.7272727272727273,11,-0.7071067811865468,-0.7071067811865476,-0.7071067811865475,0.7071067811865476
miniduke,Miniduke,LVP SL,2025,Spring,mid,Veni Vidi Vici,1,1,Profil neutre,7.5995988845825195,1.1297049522399902,False,0.5333333333333333,15,-0.129301743291651,0.1642789015304505,-0.095262671826026,0.418703139002268
miniduke,Miniduke,LVP SL,2025,Winter,mid,Veni Vidi Vici,1,1,Profil neutre,6.207122325897217,1.4783471822738647,False,0.55,20,-1.2849622099333566,0.2885364676945987,-0.490759567811621,0.4395525162691745
mirbs,Mirbs,NLC,2024,Spring,bot,NORD Esports,1,1,High DPS | Farmer dominant | Lane bully | Early dominant | High performer,9.859094619750977,7.592339515686035,False,0.5,22,-0.1931181651675201,0.7450012430791036,0.2763460841101177,0.2969706211161371
mireu,Mireu,LFL,2024,Summer,mid,Gentle Mates,0,0,High DPS | Farmer dominant | Lane bully | Early dominant,9.949874877929688,1.7647714614868164,False,0.2222222222222222,18,0.5657029519635811,0.3320402794018154,1.0846768733326777,-1.0631562362518945
mireu,Mireu,TCL,2024,Winter,mid,Beşiktaş Esports,0,0,High DPS | Farmer dominant | Lane bully | Early dominant,11.503173828125,2.3985636234283447,False,0.6818181818181818,22,1.9837086866615985,1.3144994305100015,1.0082241671497962,0.9742902506359392
mirrai,Mirrai,NLC,2024,unknown,bot,Rich Gang,2,2,Profil équilibré,7.927861213684082,11.020267486572266,False,0.6666666666666666,9,0.1073253020084792,-0.2687799746322848,-1.0414214696993425,0.8448715598284072
misanthiel,Misanthiel,LFL2,2024,Spring,top,IziDream,1,1,Carry agressif | High DPS | Farmer dominant | Lane bully | Early dominant,8.967514038085938,8.934465408325195,False,0.6666666666666666,6,0.4815404371437652,-0.2711648292666399,0.6690302314902721,0.7071067811865474
misanthiel,Misanthiel,LFL2,2024,Summer,top,IziDream,1,1,Carry agressif | High DPS | Farmer dominant | Lane bully | Early dominant,9.870621681213379,5.753396034240723,False,0.5294117647058824,17,0.7287597148110617,0.2115895444016066,0.683970630211674,0.1381013797310001
misanthiel,Misanthiel,LFL2,2024,unknown,top,IziDream,2,2,Profil neutre,5.354599952697754,7.016573429107666,False,0.5714285714285714,21,-0.4517605208167439,-0.6696841882960556,-0.9249540843281076,0.3239168739580755
misanthiel,Misanthiel,LFL2,2025,unknown,top,NEO ZEPHYR,0,0,Profil neutre,4.300567626953125,4.375583171844482,False,0.4,5,-0.8466763082255113,-1.123285116344349,-0.748951546147044,-0.8728715609439699
mishi,Mishi,LFL,2025,Spring,bot,Team BDS Academy,0,0,Profil neutre,4.581962585449219,10.478656768798828,False,0.0909090909090909,11,0.6857812107428884,-1.1013906106574614,-0.2828007754567454,-2.329297429466608
mishi,Mishi,LFL,2025,Summer,bot,Team BDS Academy,0,0,Profil neutre,4.172964572906494,11.482017517089844,False,0.35,20,-0.6263836065736883,-1.2765221833195022,-1.29506707786432,-0.8758934443599481
mishi,Mishi,LFL,2025,unknown,bot,Team BDS Academy,2,2,Profil équilibré,5.002340793609619,10.873703956604004,False,0.5,12,-0.7071067811865481,-0.7071067811865475,-0.7071067811865475,-0.707106781186547
mishi,Mishi,LFL2,2024,Spring,bot,Akroma,0,0,Profil neutre,5.347415447235107,12.6185302734375,False,0.1666666666666666,6,-0.4210126675402711,0.2090651396269832,-0.5426184099746835,-1.4142135623730951
mishi,Mishi,NLC,2025,Winter,bot,Verdant,2,2,Profil équilibré,8.544912338256836,9.532012939453125,False,0.4736842105263157,19,-1.6002007777416598,0.2215999912186407,-0.0267563165656987,0.0240323272916512
mishi,Mishi,NLC,2026,Spring,bot,Verdant,1,1,High DPS | Farmer dominant | Lane bully | Early dominant | High performer,11.483114242553711,7.551084041595459,False,0.9166666666666666,12,1.8804181436529317,0.9643894271549448,1.7545445193229443,2.2220554803671906
mishi,Mishi,NLC,2026,Summer,bot,Verdant,1,1,High DPS | Farmer dominant | Lane bully | Early dominant | High performer,9.694273948669434,7.366877555847168,False,0.7391304347826086,23,0.9421909665831972,-0.1082058711937004,0.0979465407631943,1.251025364796221
mishi,Mishi,NLC,2026,Winter,bot,Verdant,1,1,High DPS | Farmer dominant | Lane bully | Early dominant | High performer,10.299409866333008,7.030418872833252,False,0.8333333333333334,18,0.7533559588815167,0.3995171136282009,0.9449845697983926,1.4565252046730175
mkl,MKL,NLC,2024,unknown,bot,Garden Gaming,2,2,Profil équilibré,6.87864875793457,11.728641510009766,False,0.5,16,-1.2637967626932942,-0.4974726522903298,0.187358080968881,0.0773676176662104
mkl,MKL,NLC,2025,unknown,bot,B2U,2,2,Profil équilibré,5.974255561828613,9.484862327575684,False,0.5,8,-0.3128159658582425,-0.7383401386582946,0.9252229966384744,-0.1837896019453809
mkl,MKL,NLC,2026,Summer,bot,B2U,0,0,Profil neutre,5.241786956787109,11.139873504638672,False,0.5,14,-0.0123247845418421,-1.1101206405588984,-0.782846839521649,0.249929055119764
mkr,MKR,NLC,2024,Summer,bot,BlueWhites,0,0,Profil neutre,5.188609600067139,12.019010543823242,False,0.1538461538461538,13,-0.9024704256360256,-0.433436236296519,0.0492756831624802,-1.640047878426406
mkr,MKR,NLC,2024,unknown,bot,BlueWhites,2,2,Profil équilibré,6.803772926330566,7.792520523071289,False,0.4615384615384615,13,0.9886702798661702,-0.4764275454597681,0.5402208296550779,-0.0997486766789118
mojie,Mojie,NLC,2026,Summer,jng,Volda E-Sport,1,1,Profil neutre,6.572449684143066,2.2764806747436523,False,0.2857142857142857,7,-0.3232962968839991,1.3523021582956327,-1.0757044116371648,-0.756401749246737
mojito,Mojito,LFL2,2024,Summer,jng,Klanik Esport,0,0,High DPS | Farmer dominant | Lane bully | Early dominant | High performer,0.6043447852134705,0.7018423676490784,False,0.25,8,1.790360730187727,1.2216981458446885,0.827510096412165,-1.0334576322882754
mojito,Mojito,LFL2,2024,unknown,jng,Klanik Esport,2,2,Profil neutre,2.22916841506958,1.6145600080490112,False,0.4444444444444444,9,-0.3873084012010938,0.9445435933282784,-1.1810465231466596,-0.4774567992214642
mojito,Mojito,TCL,2024,Winter,jng,Misa Esports,0,0,High DPS | Farmer dominant | Lane bully | Early dominant | High performer,2.0478830337524414,-0.793143630027771,False,0.3888888888888889,18,0.7931786577515079,0.5194862938674818,0.5239590346948074,-0.3012381215315499
monkas,monkaS,TCL,2025,Spring,sup,Bushido Wildcats,1,1,Profil neutre,4.140073776245117,5.517135143280029,False,0.4117647058823529,17,-0.6331915171659138,-0.3724125110343727,0.7241929058527298,-0.1861797000681462
monkas,monkaS,TCL,2025,Summer,sup,Bushido Wildcats,2,2,Farmer dominant | Lane bully | Early dominant,2.091435194015503,4.344321250915527,False,0.6666666666666666,27,0.007510705690635,0.4261178353822809,0.3714207554840196,1.0305955154513593
monkas,monkaS,TCL,2025,Winter,sup,Bushido Wildcats,1,1,Profil neutre,5.398488998413086,3.246476888656616,False,0.5,16,-1.3628035853032483,-0.2409365186966836,-0.3679132976232324,0.1902530243025635
monkas,monkaS,TCL,2026,Spring,sup,Ozarox Esports,1,1,Profil neutre,3.10205340385437,2.217845916748047,False,0.5,20,-0.649185569896585,0.9614566764976368,-1.1380701135056597,0.1037765712542553
monkas,monkaS,TCL,2026,Summer,sup,PCIFIC Esports,2,2,Farmer dominant | Lane bully | Early dominant,1.9830008745193481,3.9331395626068115,False,0.6363636363636364,22,-0.5848093063630131,1.0640091496539916,0.4181817487422649,0.8890460016097037
monstrob,Monstrob,LFL2,2024,Spring,mid,Project Conquerors,2,2,Profil neutre,5.0656843185424805,2.2620882987976074,False,0.1666666666666666,6,-1.2830326579952227,-1.519487694678229,-0.6199319195027306,-1.4142135623730951
mood,Mood,NLC,2026,Summer,sup,Deer Gaming,0,0,High DPS | Versatile | High performer,1.7295857667922974,6.735274314880371,False,0.6111111111111112,18,0.3029992244862736,-0.3895001977694767,0.8424068165809467,0.6798314218383097
moon,Moon,NLC,2024,unknown,mid,42 Gaming,2,2,Profil neutre,4.086737155914307,2.507206439971924,False,0.0,6,-1.5227528089442948,-1.4794651363099764,-1.6201487940701014,-2.2561940117265724
mxe,Mxe,LFL,2025,unknown,sup,Esprit Shōnen,0,0,High DPS | Versatile | High performer,3.1279425621032715,6.268947601318359,False,0.6666666666666666,9,0.7071067811865482,-0.7071067811865476,0.7071067811865475,0.707106781186548
mxe,Mxe,LFL,2026,unknown,sup,Esprit Shōnen,1,1,Profil neutre,5.078795433044434,3.8938262462615967,False,0.3333333333333333,18,0.2101810672649195,-0.0440768050630858,-0.6474543868712307,-0.6610626655130063
mxe,Mxe,LFL2,2025,Summer,sup,Esprit Shōnen,0,0,High DPS | Versatile | High performer,1.3267979621887207,6.1837663650512695,False,0.75,8,1.655637761728256,0.0765390320262535,-0.846534024437897,1.7918874222700614
mxe,Mxe,LVP SL,2024,Summer,sup,Ramboot Club,2,2,Farmer dominant | Lane bully | Early dominant,2.9377529621124268,4.3094329833984375,False,0.6428571428571429,28,-0.7692688590747442,0.2535367834099521,-0.05772056980504,0.911282889735748
mxe,Mxe,TCL,2024,Winter,sup,Galakticos,1,1,Profil neutre,3.909921169281006,2.9319307804107666,False,0.0,14,-0.222763153848469,0.8093816458058128,-1.011760280217658,-2.027535938111946
mxe,Mxe,TCL,2025,Spring,sup,ULF Esports,2,2,Farmer dominant | Lane bully | Early dominant,2.6182003021240234,4.618193626403809,False,0.5714285714285714,28,-0.2789575553859026,0.805300377028541,-1.0472088686761354,0.7314316419409661
mxe,Mxe,TCL,2025,Winter,sup,BBL Dark Passage,1,1,Profil neutre,4.500612258911133,3.028566360473633,False,0.2727272727272727,11,-0.9089193215265964,0.5690108417628889,-0.222853469454296,-0.9541208163073798
myrtus,Myrtus,LFL,2024,Spring,sup,Solary,2,2,Farmer dominant | Lane bully | Early dominant,1.608739972114563,2.759549617767334,False,0.4444444444444444,18,0.4298704208067458,1.3591857380484509,0.9764975423381138,-0.2020258913465466
myrtus,Myrtus,LFL,2024,Summer,sup,Solary,1,1,Profil neutre,4.569093227386475,4.292646884918213,False,0.4444444444444444,18,-0.627414316176048,-0.2838783426830753,-0.0019388174665185,-0.0982998044712588
myrtus,Myrtus,LFL,2025,Spring,sup,Team BDS Academy,2,2,Farmer dominant | Lane bully | Early dominant,3.885174512863159,2.892637252807617,False,0.0909090909090909,11,-0.7993727044533421,1.649736914158092,0.0267903693768861,-2.3292974294666084
myrtus,Myrtus,LFL,2025,Summer,sup,Team BDS Academy,1,1,Profil neutre,5.446483135223389,3.6892759799957275,False,0.35,20,1.3114440859003125,1.491963769465189,-1.0823646168185244,-0.8758934443599484
myrtus,Myrtus,LFL,2025,unknown,sup,Team BDS Academy,1,1,Profil neutre,3.47131609916687,2.5751006603240967,False,0.5,12,-0.7071067811865469,0.7071067811865476,-0.7071067811865475,-0.707106781186547
mélyap,MélyaP,LFL2,2025,Summer,mid,Lille Esport,1,1,Profil neutre,8.19820785522461,1.1227900981903076,False,0.5384615384615384,13,0.4498653507665865,-1.3533494073742625,0.4060756945994157,0.45246003718694
naak nako,Naak Nako,LFL,2024,Spring,top,Vitality.Bee,2,2,Profil neutre,8.27399730682373,5.633530616760254,True,0.5416666666666666,24,-0.5745031241700554,0.2561938291528768,-0.091986836534232,0.3808132396730009
naak nako,Naak Nako,LFL,2024,Summer,top,Vitality.Bee,2,2,Profil neutre,5.677114009857178,7.7139739990234375,True,0.6,30,-0.0204977824302057,0.218253750682106,-0.6016193501055612,0.6130054391244865
naau,naau,LVP SL,2024,Summer,jng,Rebels Gaming,1,1,Profil neutre,6.937747001647949,0.7606980204582214,False,0.1111111111111111,18,-0.4567580672569028,-0.982252833289273,-0.4715857652389617,-1.9402902671570696
naau,naau,LVP SL,2025,unknown,jng,Nocturne Gale,2,2,Profil neutre,5.393296241760254,0.5378216505050659,False,0.4,10,-0.7071067811865486,-0.7071067811865475,-0.7071067811865475,-0.7071067811865476
naehyun,Naehyun,LFL,2024,Summer,mid,Aegis,2,2,Profil neutre,5.66478967666626,1.4609003067016602,False,0.125,16,-1.3656159389007294,-0.4207017142396853,-0.7367476469426946,-1.494637000423796
nafkelah,Nafkelah,LFL,2024,Spring,mid,Aegis,2,2,Profil neutre,6.7052903175354,4.128584861755371,False,0.1666666666666666,18,0.1745455838552213,-0.4937837661152051,-1.112948928138354,-1.867280551402395
nafkelah,Nafkelah,LFL,2024,unknown,mid,Aegis,1,1,Profil neutre,6.92308235168457,2.410006523132324,False,0.5714285714285714,7,-0.7071067811865476,-0.7071067811865475,-0.7071067811865476,0.7071067811865476
nafkelah,Nafkelah,LFL,2026,unknown,mid,Skillcamp,1,1,Profil neutre,8.08606243133545,1.9017999172210693,False,0.5294117647058824,51,0.5814123037138037,0.1011459479457401,-0.1008847229738864,0.5074446467535946
nafkelah,Nafkelah,LFL2,2025,Spring,mid,Team Valiant,0,0,High DPS | Farmer dominant | Lane bully | Early dominant,11.933553695678711,2.054316282272339,False,0.7037037037037037,27,1.5006837846884766,0.1039382548638405,1.2956658114089543,1.403130946370584
nafkelah,Nafkelah,LFL2,2025,Summer,mid,Caldya Esport,1,1,Profil neutre,8.630125999450684,2.253926992416382,False,0.4117647058823529,17,0.0606417738798471,-1.617017532629544,0.7007029356695803,-0.5245969164373018
nafkelah,Nafkelah,LFL2,2025,Winter,mid,Team Valiant,0,0,High DPS | Farmer dominant | Lane bully | Early dominant,10.177303314208984,1.380265235900879,False,0.5789473684210527,19,0.7014402238871296,-0.6470583163959528,0.9132542662102282,0.6151376324423952
nakyung,Nakyung,TCL,2024,Summer,mid,Beşiktaş Esports,0,0,High DPS | Farmer dominant | Lane bully | Early dominant,10.034993171691895,-0.05312223732471466,False,0.5833333333333334,12,1.0100845736343378,1.2548331570663338,0.6973257140514623,0.5649280043631151
nakyung,Nakyung,TCL,2024,Winter,mid,BoostGate Esports,1,1,Profil neutre,8.887778282165527,3.185459852218628,False,0.6538461538461539,26,-0.0381128144012551,-0.2941719675895479,0.8194123824639985,0.8524891328692827
namex,Namex,NLC,2024,Summer,bot,DMG Esports,0,0,Profil neutre,3.913600206375122,10.399330139160156,False,0.5263157894736842,19,-0.5934875653254145,-2.036820457887906,-0.6553134198780441,0.3078360794559973
nan0,Nan0,NLC,2026,Summer,mid,Ruddy Corporation,0,0,High DPS | Farmer dominant | Lane bully | Early dominant,12.31832504272461,2.106264114379883,False,0.85,20,0.7016524462677537,2.0829376840771623,1.1750141891547532,1.7415224670218794
nan0,Nan0,PRM,2025,Finals,mid,Austrian Force willhaben,0,0,High DPS | Farmer dominant | Lane bully | Early dominant,9.22232437133789,0.3363761007785797,False,0.4,5,-0.4311507948037658,0.4844820974242432,-0.1501705021920853,-0.8846285939907663
nan0,Nan0,PRM,2025,Spring,mid,Austrian Force willhaben,2,2,Profil neutre,5.845195770263672,3.6600358486175537,False,0.375,24,0.3216931393517953,-0.2613590788957658,-1.607627056875276,-0.959133653157772
nan0,Nan0,PRM,2025,Summer,mid,Austrian Force willhaben,1,1,Profil neutre,8.754266738891602,2.293497085571289,False,0.3846153846153846,13,0.3400486363393229,-0.4795934782666085,0.5481946267487462,-0.4264876566895455
nan0,Nan0,PRM,2025,Winter,mid,Austrian Force willhaben,1,1,Profil neutre,5.631600379943848,1.0306811332702637,False,0.5,16,-0.8446613710404041,-0.6384261541491589,-0.794431636490014,0.1768786350827917
nash,Nash,LVP SL,2024,Summer,sup,Guasones,1,1,Profil neutre,4.8671393394470215,3.494706153869629,False,0.3888888888888889,18,-1.0245873559049536,0.5001612239277672,-0.0240588710138382,-0.4442417490008229
nash,Nash,LVP SL,2025,Summer,sup,Veni Vidi Vici,1,1,Profil neutre,4.925782203674316,3.3149166107177734,False,0.4285714285714285,14,-0.4286385906940276,0.4244268228412214,-0.5652040494878888,-0.1032758173342013
nash,Nash,NLC,2025,Spring,sup,NORD Esports,1,1,Profil neutre,5.564378261566162,4.30342960357666,False,0.6470588235294118,17,-1.973293112626532,-0.6191993859928795,0.1089562927196589,0.8848377004014797
nasser,Nasser,LVP SL,2025,Summer,jng,ZETA,1,1,Profil neutre,8.19770622253418,1.5598666667938232,False,0.2222222222222222,9,-1.6855972515905011,-1.0006809988218577,-1.5519452932127855,-1.0246278989913986
nata,Nata,LFL2,2024,Spring,bot,Klanik Esport,0,0,Profil neutre,4.615139484405518,11.155625343322754,False,0.1666666666666666,6,-1.7549527265590046,-1.1313907188761696,-1.0249677696944657,-1.4142135623730951
nata,Nata,NLC,2024,Summer,bot,Ruddy Corporation,1,1,High DPS | Farmer dominant | Lane bully | Early dominant | High performer,8.85795783996582,7.263642311096191,False,0.6956521739130435,23,0.4622782023741496,0.1726458517377975,0.3578258376315584,1.1934052512342923
nata,Nata,NLC,2025,Spring,bot,Ruddy Corporation,1,1,High DPS | Farmer dominant | Lane bully | Early dominant | High performer,9.449796676635742,7.046621322631836,False,0.4444444444444444,18,0.2812765837692349,-0.0780944996539763,0.1530181068601765,0.0423218876977312
nattynatt,NattyNatt,LFL,2026,unknown,jng,French Flair,0,0,High DPS | Farmer dominant | Lane bully | Early dominant | High performer,-0.05626952648162842,-0.47156479954719543,False,0.68,25,0.4783900243299658,1.4957880925136016,1.454847299683465,1.272944338777216
nattynatt,NattyNatt,NLC,2024,Spring,jng,Ruddy Corporation,0,0,High DPS | Farmer dominant | Lane bully | Early dominant | High performer,-0.22629520297050476,-0.6093662977218628,False,0.5833333333333334,24,1.6898099852745905,1.6770392665930525,1.4722877273241266,0.7208949313364317
nattynatt,NattyNatt,NLC,2025,Spring,jng,Ruddy Corporation,2,2,Profil neutre,2.0238420963287354,0.2644188106060028,False,0.4444444444444444,18,0.5634007189426845,0.0330782291556959,0.4999715444606455,-0.0163201972923822
nawa,Nawa,TCL,2024,Summer,bot,NASR eSports Turkey,2,2,Profil équilibré,5.661377906799316,8.95305061340332,False,0.5,6,-0.3647406541523508,-1.1533753530780613,1.0421453066399478,0.2172301436487406
nawa,Nawa,TCL,2025,Spring,bot,BBL Dark Passage,2,2,Profil équilibré,5.791423320770264,9.034611701965332,False,0.5,22,-0.3106140630873658,-0.7606595625619147,0.3143856598842458,0.2390597495477789
nawa,Nawa,TCL,2026,Spring,bot,PCIFIC Esports,2,2,Profil équilibré,8.375042915344238,8.919015884399414,False,0.5806451612903226,31,-0.5806710515027087,0.5367898101628727,0.4636911947352976,0.4441725065313121
nemesis,Nemesis,NLC,2025,Spring,mid,Los Ratones,0,0,High DPS | Farmer dominant | Lane bully | Early dominant,12.376949310302734,2.0352511405944824,True,0.9,20,0.7208828346519698,2.3658130375299904,1.2499888264383503,2.0124495185399525
nemesis,Nemesis,NLC,2025,Summer,mid,Los Ratones,0,0,High DPS | Farmer dominant | Lane bully | Early dominant,11.8120756149292,1.045610785484314,True,0.9285714285714286,14,0.6044437407088198,1.3661478300989194,1.2328523067815818,1.7426499196145864
nemesis,Nemesis,NLC,2025,Winter,mid,Los Ratones,0,0,High DPS | Farmer dominant | Lane bully | Early dominant,11.801116943359375,0.968670666217804,True,0.9333333333333332,15,-1.319620565525985,0.6028974414418234,1.1767939306489297,2.134218902703005
neon,Neon,PRM,2024,Spring,bot,SK Gaming Prime,1,1,High DPS | Farmer dominant | Lane bully | Early dominant | High performer,10.192301750183105,9.080181121826172,False,0.7222222222222222,18,2.185247449704585,0.6272710576129996,1.2887144485462734,0.9486832980505132
neon,Neon,PRM,2024,Summer,bot,SK Gaming Prime,1,1,High DPS | Farmer dominant | Lane bully | Early dominant | High performer,10.140691757202148,8.571379661560059,False,0.6666666666666666,18,0.1323224313246507,0.7883280568551335,1.2765200849925735,1.006230589874905
neon,Neon,PRM,2024,unknown,bot,SK Gaming Prime,2,2,Profil équilibré,7.138874530792236,9.136768341064453,False,0.3125,16,0.4256610031132988,1.0905647274757295,0.59191333820785,-1.1030726038497196
neon,Neon,TCL,2025,Spring,bot,Misa Esports,2,2,Profil équilibré,8.323773384094238,7.347257137298584,False,0.6363636363636364,22,0.6471590256195668,-0.7690916774196797,0.240744090246717,1.1299754870107743
neon,Neon,TCL,2025,Winter,bot,Beşiktaş Esports,1,1,High DPS | Farmer dominant | Lane bully | Early dominant | High performer,11.079798698425293,8.086605072021484,False,0.3125,16,1.033568618649861,1.1331301046066895,1.9028156908590637,-0.7827665395766896
neramin,Neramin,TCL,2025,Summer,bot,BBL Dark Passage,2,2,Profil équilibré,6.525312423706055,10.141111373901367,False,0.3529411764705882,17,-0.0749395257351946,-0.1629411165358796,0.7176980354153176,-0.1715833509435699
neramin,Neramin,TCL,2026,Kickoff,bot,Dark Passage,2,2,Profil équilibré,5.960505962371826,10.120826721191406,False,0.3076923076923077,13,0.4045081109268006,-0.4299165119309865,-0.3009367795574331,-0.406669684336133
neramin,Neramin,TCL,2026,Spring,bot,Dark Passage,0,0,Profil neutre,4.681632041931152,12.58041763305664,False,0.1333333333333333,15,-0.8532338352768969,-0.3694424526419647,-0.8420049137683088,-1.394913046094597
neramin,Neramin,TCL,2026,Summer,bot,BoostGate Esports,0,0,Profil neutre,5.280120849609375,11.988423347473145,False,0.0,6,-1.029351530485352,0.767265089086281,0.0669767319224499,-1.7424719066246674
nice guy ben,Nice Guy Ben,PRM,2025,Spring,top,ROSSMANN Centaurs,2,2,Profil neutre,6.331298351287842,7.894830703735352,False,0.4848484848484848,33,-0.9628630604905776,0.988176588244282,-0.8886836848883828,-0.1309059871939082
nice guy ben,Nice Guy Ben,PRM,2025,Winter,top,ROSSMANN Centaurs,2,2,Profil neutre,7.250148296356201,4.309973239898682,False,0.2727272727272727,11,0.4883345534311546,1.009746137055939,-0.3859263583005283,-1.0917103311374812
nicolaiy,nicolaiy,PRM,2024,unknown,jng,Kaufland Hangry Knights,0,0,High DPS | Farmer dominant | Lane bully | Early dominant | High performer,-0.6377740502357483,-0.10059990733861923,False,0.6666666666666666,9,1.008961461949067,2.020706822983368,1.9984708268971303,1.1874128632176704
nightslayer,NightSlayer,LVP SL,2025,Summer,top,Movistar KOI Fénix,2,2,Profil neutre,7.674007892608643,5.836471080780029,False,0.5,18,-0.1120326796578741,-0.0971979275162191,0.1075988069696584,0.2156537493932898
nightslayer,NightSlayer,PRM,2025,Spring,top,Austrian Force willhaben,2,2,Profil neutre,5.13403844833374,5.688845634460449,False,0.375,24,0.4596923616944364,-0.5106415028446469,-0.3357882829740398,-0.959133653157773
nightslayer,NightSlayer,PRM,2025,Winter,top,Austrian Force willhaben,2,2,Profil neutre,6.406900405883789,4.8353590965271,False,0.5,16,-1.357816158804847,0.4675135647036665,-0.024430029192194,0.1730318662730844
nightynn,NightyNN,TCL,2026,Summer,jng,Shark Attack,1,1,Profil neutre,6.598681449890137,2.3570985794067383,False,0.2222222222222222,9,0.8878020732535821,-0.5374168749739299,-1.3848597959983655,-0.8303995070814357
nikiyas,Nikiyas,NLC,2026,Summer,bot,Bulldog Esports,2,2,Profil équilibré,7.277425765991211,11.77729606628418,False,0.4736842105263157,19,0.0080918510570165,-0.9914748045700816,-0.0499170930626381,0.139760561710393
nikolex,Nikolex,NLC,2025,Summer,jng,Lundqvist Lightside,0,0,High DPS | Farmer dominant | Lane bully | Early dominant | High performer,2.429990530014038,-0.7111247777938843,False,0.5,12,1.8606206921006208,0.6538246273518278,1.0239617233988234,0.2227607223176368
nille,Nille,LFL2,2025,Spring,top,Team Valiant,1,1,Carry agressif | High DPS | Farmer dominant | Lane bully | Early dominant,8.179569244384766,7.075350761413574,False,0.7037037037037037,27,0.3058252687036583,-0.0684158690539776,0.3756881943221959,1.300844077081529
nille,Nille,LFL2,2025,Summer,top,Caldya Esport,2,2,Profil neutre,7.280908584594727,6.80202054977417,False,0.4117647058823529,17,0.2343894016916548,0.1532456541728614,0.3619729101732602,-0.5245969164373013
nille,Nille,LFL2,2025,Winter,top,Team Valiant,1,1,Carry agressif | High DPS | Farmer dominant | Lane bully | Early dominant,9.909192085266113,7.48394250869751,False,0.5789473684210527,19,0.3622355642946055,0.5479467546333997,1.133651973603915,0.6151376324423952
nille,Nille,NLC,2024,Spring,top,NORD Esports,1,1,Carry agressif | High DPS | Farmer dominant | Lane bully | Early dominant,8.47958755493164,7.885375022888184,False,0.5,22,0.3945868000690065,0.1393692379480275,0.4899985635517319,0.1911376023805221
nille,Nille,NLC,2024,Summer,top,NORD Esports,1,1,Carry agressif | High DPS | Farmer dominant | Lane bully | Early dominant,8.445234298706055,7.864035129547119,False,0.5909090909090909,22,-0.3050169749614074,0.4808922505843389,0.4538439059798347,0.6331658196913795
nille,Nille,NLC,2026,Spring,top,Arctic Pandas,2,2,Profil neutre,7.239269256591797,7.055638790130615,False,0.5,12,0.3327869124496478,0.6334582294480882,-0.0478765208367057,0.1048851192071849
nille,Nille,NLC,2026,Summer,top,Arctic Pandas,1,1,Carry agressif | High DPS | Farmer dominant | Lane bully | Early dominant,9.729389190673828,7.7065043449401855,False,0.5263157894736842,19,-0.4928965099068755,1.3744873379186853,0.94996427927936,0.3764667849392687
nille,Nille,NLC,2026,Winter,top,Arctic Pandas,1,1,Carry agressif | High DPS | Farmer dominant | Lane bully | Early dominant,9.358186721801758,8.56931209564209,False,0.7333333333333333,15,1.592383675722134,0.1727967387966887,0.8004982233654853,0.9662987898844184
nio,Nio,PRM,2024,Summer,sup,MOUZ NXT,1,1,Profil neutre,6.7803215980529785,3.627005100250244,False,0.2222222222222222,18,-0.7816450466641466,-1.129243919567537,-0.9595520620347796,-1.6784396811662938
nio,Nio,PRM,2024,unknown,sup,MOUZ NXT,1,1,Profil neutre,6.5633931159973145,3.184016466140747,False,0.25,8,-0.1623643588714903,-1.2278579734382662,-1.3015393462108371,-1.272146945222716
nisqy,Nisqy,LFL,2026,unknown,mid,ZYB Esport,2,2,Profil neutre,6.6507792472839355,3.323884963989258,False,0.3571428571428571,28,-0.2131712834155744,-0.8189350472520617,-0.6453459911157575,-0.4287809518170053
nite,Nite,PRM,2024,unknown,mid,Kaufland Hangry Knights,1,1,Profil neutre,7.97111701965332,0.926607072353363,False,0.6666666666666666,9,-0.5430406551176871,-1.0709382851190663,-0.2763257154909685,1.1874128632176704
nodu,NoDu,NLC,2025,Spring,sup,Rich Gang,1,1,Profil neutre,6.083539962768555,2.7226314544677734,False,0.0,7,-0.8803786503734425,-0.3797948073604716,-0.7340778653735093,-1.8738400598903693
nodu,NoDu,NLC,2025,unknown,sup,B2U,2,2,Farmer dominant | Lane bully | Early dominant,2.6797194480895996,4.574746608734131,False,0.5,8,-1.0423054890389265,-0.6375100784387555,1.490490805197538,-0.2985435166942651
nodu,NoDu,NLC,2026,Summer,sup,B2U,2,2,Farmer dominant | Lane bully | Early dominant,1.1916860342025757,3.7393481731414795,False,0.5,14,1.1428643689044204,1.219723811100279,0.0263326734756877,0.1765062814073242
noerring,Noerring,NLC,2025,unknown,jng,Fortress Esports,2,2,Profil neutre,4.278306484222412,-0.21086709201335907,False,0.5,12,0.5208406266419265,0.0088331146932932,0.0511698735297947,-0.1837896019453808
nomi,Nomi,NLC,2025,Winter,bot,Rich Gang,1,1,High DPS | Farmer dominant | Lane bully | Early dominant | High performer,9.390501976013184,9.105481147766113,False,0.5384615384615384,13,0.5634941570993965,0.4455554701486379,1.3800596943860337,0.3308262287380916
nomi,Nomi,NLC,2026,Summer,bot,Volda E-Sport,1,1,High DPS | Farmer dominant | Lane bully | Early dominant | High performer,8.830987930297852,9.193559646606445,False,0.4117647058823529,17,-0.0111112853451892,0.0339296660214175,0.3557693154790867,-0.1194594227822443
noname,NoName,LVP SL,2024,Spring,jng,Movistar KOI,1,1,Profil neutre,7.370516777038574,2.1813478469848633,False,0.4782608695652174,23,-0.6914282601799144,-1.32927372897969,-0.9800024327789684,0.1505081531672547
noname,NoName,LVP SL,2024,Summer,jng,ZETA,1,1,Profil neutre,7.860870361328125,2.4931905269622803,False,0.2777777777777778,18,-0.9793162053377112,-1.4520829604187495,-1.6480027700784,-1.0458625463987876
noname,NoName,LVP SL,2024,unknown,jng,ZETA,1,1,Profil neutre,6.7840256690979,2.4535880088806152,False,0.375,8,-0.7071067811865475,-0.7071067811865475,-0.7071067811865476,-0.7071067811865476
noname,NoName,LVP SL,2025,Summer,jng,Ramboot Club,2,2,Profil neutre,5.387687683105469,1.2786589860916138,False,0.5,14,1.463382652285799,-0.0785471168017805,0.2562347724103185,0.2156537493932901
noname,NoName,NLC,2025,Winter,jng,Verdant,0,0,High DPS | Farmer dominant | Lane bully | Early dominant | High performer,0.9493482112884521,1.1218440532684326,False,0.4736842105263157,19,1.0574243036777349,0.4656385399256762,0.988913636611214,0.0083607340004867
noname,NoName,NLC,2026,Spring,jng,Verdant,0,0,High DPS | Farmer dominant | Lane bully | Early dominant | High performer,-0.9026089906692505,-0.6906337738037109,False,0.9166666666666666,12,1.8356396871092588,1.5792451170347996,1.678996197989858,2.2220554803671906
noname,NoName,TCL,2025,Spring,jng,Bushido Wildcats,1,1,Profil neutre,7.478781223297119,1.9676072597503662,False,0.3684210526315789,19,-0.9123637859384984,-1.1880752687830998,-0.8380478762843557,-0.6268006240243074
noodle,Noodle,NLC,2025,Spring,jng,Verdant,0,0,High DPS | Farmer dominant | Lane bully | Early dominant | High performer,1.3345333337783813,0.6981201171875,False,0.5882352941176471,17,0.7857878442235096,-0.339683171699726,1.8111035273273528,0.5860587661911928
noodle,Noodle,NLC,2026,Winter,jng,Bulldog Esports,0,0,High DPS | Farmer dominant | Lane bully | Early dominant | High performer,1.243636965751648,1.2022265195846558,False,0.5,12,0.8451362955164095,0.6029717965362149,0.4924324652467572,0.2298663536168656
nord,Nord,NLC,2025,unknown,jng,B2U,2,2,Profil neutre,4.059577465057373,-0.1473509520292282,False,0.5,8,1.2687933063408072,-0.3358522124360598,-1.4900114999264067,-0.1837896019453808
nord,Nord,NLC,2026,Summer,jng,B2U,2,2,Profil neutre,4.7693562507629395,-0.24257402122020721,False,0.5833333333333334,12,1.9523225612214568,-0.8098750266307355,-0.2232416534172598,0.5319281163851685
notiko,Notiko,LFL2,2025,Spring,bot,Zerance,0,0,Profil neutre,5.595998764038086,11.550437927246094,False,0.4210526315789473,19,-0.4254910103357368,-0.7713813174018538,-0.3623166162389467,-0.2493951459174012
notiko,Notiko,LFL2,2025,Summer,bot,Zerance,0,0,Profil neutre,4.625357627868652,12.285614967346191,False,0.3571428571428571,14,-1.3906375827256037,-0.3432385430941911,-1.4556698288479544,-0.9458281030763238
notiko,Notiko,PRM,2026,Spring,bot,Eintracht Frankfurt,0,0,Profil neutre,4.570600986480713,11.136631965637207,False,0.2352941176470588,17,0.436976622545713,-0.822396645112055,-1.32388396157042,-0.7854098540026403
notiko,Notiko,PRM,2026,Winter,bot,Eintracht Frankfurt,2,2,Profil équilibré,5.251026153564453,9.331789016723633,False,0.4444444444444444,9,-1.057724219850944,-0.119742107019582,-0.1697930337821959,-0.1288041176438206
notiko,Notiko,PRM,2026,unknown,bot,Eintracht Frankfurt,2,2,Profil équilibré,4.862935543060303,9.666178703308105,False,0.4444444444444444,9,-1.3638329565179514,-0.3650383002945524,-0.4346736255099938,-0.2656844656620287
noway,NoWay,NLC,2025,Spring,mid,NORD Esports,1,1,Profil neutre,9.027289390563965,2.9425034523010254,False,0.6363636363636364,11,0.670759788756962,0.3548100210018035,-0.9508699558953672,0.8597545769515199
noway,NoWay,NLC,2025,Winter,mid,NORD Esports,1,1,Profil neutre,9.296722412109375,3.02352237701416,False,0.55,20,1.0337636465039837,0.4688049880586693,-0.4087561767420603,0.3413551004323288
noz2k,Noz2k,PRM,2025,Finals,bot,E WIE EINFACH E-SPORTS,0,0,Profil neutre,5.093008518218994,12.823075294494629,False,0.4,5,-1.3656456613795611,1.1860716312621746,-1.349856885079651,-0.8846285939907654
noz2k,Noz2k,PRM,2025,Spring,bot,E WIE EINFACH E-SPORTS,2,2,Profil équilibré,4.653923034667969,9.701807975769043,False,0.44,25,0.137125823239641,-0.2165494879920564,-0.8537040698609579,-0.4690513515046723
noz2k,Noz2k,PRM,2025,Summer,bot,E WIE EINFACH E-SPORTS,2,2,Profil équilibré,6.913954734802246,8.34501838684082,False,0.3846153846153846,13,-0.1946991272289528,-0.2825786164131807,-0.2836755206928943,-0.4264876566895451
noz2k,Noz2k,PRM,2025,Winter,bot,E WIE EINFACH E-SPORTS,1,1,High DPS | Farmer dominant | Lane bully | Early dominant | High performer,9.102460861206055,7.524670124053955,False,0.5909090909090909,22,-0.2000923411243922,-0.4103487075057421,0.683658531256299,0.6789287452373114
noz2k,Noz2k,PRM,2026,Spring,bot,E WIE EINFACH E-SPORTS,1,1,High DPS | Farmer dominant | Lane bully | Early dominant | High performer,9.590383529663086,6.965576648712158,False,0.5666666666666667,30,0.4062333135587395,-0.3991967445192377,0.7614968646643356,0.5717443835296426
noz2k,Noz2k,PRM,2026,Summer,bot,E WIE EINFACH E-SPORTS,2,2,Profil équilibré,6.742776393890381,9.769777297973633,False,0.4736842105263157,19,0.0922434774069813,-0.0891621613578485,-0.0780667693566039,-0.1037230338422077
noz2k,Noz2k,PRM,2026,Winter,bot,E WIE EINFACH E-SPORTS,2,2,Profil équilibré,4.226587295532227,10.070706367492676,False,0.3333333333333333,9,0.1170007185936346,-0.0420031493345838,-0.5936219686669388,-0.7658725699743937
nrmn,nrmn,LFL2,2025,Winter,bot,Zerance,0,0,Profil neutre,4.399771213531494,12.118738174438477,False,0.375,8,-2.1942572511273872,-0.6358444203702618,-1.4695337543662423,-0.2141390210131796
nsurr,Nsurr,LFL2,2024,Summer,sup,Project Conquerors,2,2,Farmer dominant | Lane bully | Early dominant,2.588793992996216,3.7848308086395264,False,0.4444444444444444,18,0.1989587248439217,0.8578564891205667,0.8064001268343529,-0.1017551886778136
nsurr,Nsurr,LFL2,2025,Spring,sup,Karmine Corp Blue Stars,2,2,Farmer dominant | Lane bully | Early dominant,3.7542507648468018,2.8249974250793457,False,0.3571428571428571,14,0.3090613950229566,1.8416391116809072,-0.942779849801892,-0.49001753684534
nsurr,Nsurr,LFL2,2025,Summer,sup,Karmine Corp Blue Stars,2,2,Farmer dominant | Lane bully | Early dominant,3.8003156185150146,2.827711820602417,False,0.3636363636363636,11,0.0541225529830165,1.6350356353719129,-1.707898884270887,-1.126505520198779
nsurr,Nsurr,LFL2,2025,Winter,sup,Karmine Corp Blue Stars,1,1,Profil neutre,4.705080032348633,3.3573033809661865,False,0.5,14,-1.311347291952307,0.3331805907223863,-0.7389147545453506,0.2166025584376722
nulu,Nulu,NLC,2024,Spring,mid,Nativz,0,0,High DPS | Farmer dominant | Lane bully | Early dominant,9.868897438049316,0.002832887228578329,False,0.4615384615384615,13,1.5228858947461612,1.7707350281554388,0.0758374908190327,-0.1263572372884203
nuq,NuQ,LFL2,2024,Spring,top,Joblife,1,1,Carry agressif | High DPS | Farmer dominant | Lane bully | Early dominant,9.702777862548828,9.007716178894043,False,0.6666666666666666,6,2.2398915531502475,-0.0082589764821062,1.4340955618935984,0.7071067811865474
nuq,NuQ,LFL2,2024,unknown,top,Joblife,1,1,Carry agressif | High DPS | Farmer dominant | Lane bully | Early dominant,9.518872261047363,7.980015277862549,False,0.1428571428571428,7,2.207114450646823,-0.70774097571651,1.4798903376909536,-1.7220475753851925
nuq,NuQ,NLC,2026,Summer,top,Bulldog Esports,1,1,Carry agressif | High DPS | Farmer dominant | Lane bully | Early dominant,9.655616760253906,8.965231895446777,False,0.4736842105263157,19,2.1429346708188017,-0.5503565594629715,1.580619095740436,0.1574313256682507
nuq,NuQ,TCL,2025,Spring,top,BoostGate Esports,2,2,Profil neutre,4.810405254364014,7.318570613861084,False,0.6923076923076923,26,0.2780778754436835,-1.3657497993076992,-0.6015899210204901,1.3923542776924025
nuq,NuQ,TCL,2025,Summer,top,BBL Dark Passage,0,0,Profil neutre,4.890841007232666,4.564768314361572,False,0.2222222222222222,9,0.4239039363607243,-1.129753630208186,-0.8747023118208417,-0.9001165630352997
nuq,NuQ,TCL,2025,Winter,top,BoostGate Esports,2,2,Profil neutre,6.173328876495361,6.602329730987549,False,0.5714285714285714,21,0.430356647152306,-1.2651675046846125,0.6026218222085371,0.5464847694920227
nyx,Nyx,LVP SL,2025,Summer,jng,Guasones,1,1,Profil neutre,8.067591667175293,0.8547996878623962,False,0.1111111111111111,9,-1.6959261680206434,-1.7865943138863756,-1.7488650497052205,-1.520740558345274
nyx,Nyx,LVP SL,2025,unknown,jng,Guasones,0,0,High DPS | Farmer dominant | Lane bully | Early dominant | High performer,1.3538146018981934,1.5145548582077026,False,0.8571428571428571,7,0.7071067811865464,0.7071067811865475,0.7071067811865475,0.7071067811865476
nyx,Nyx,NLC,2025,Winter,jng,Rich Gang,2,2,Profil neutre,2.761056423187256,0.4892146587371826,False,0.5714285714285714,14,0.2479304575308306,0.6379161441042375,-0.1826155790664041,0.4681028685284188
obstinatus,Obstinatus,LVP SL,2024,Spring,sup,UCAM Esports,0,0,High DPS | Versatile | High performer,4.254096984863281,6.313564300537109,False,0.5,22,0.0742423685390821,-0.6195810800487016,-0.2998630290459194,0.1517008127906739
obstinatus,Obstinatus,LVP SL,2024,Summer,sup,UCAM Esports,0,0,High DPS | Versatile | High performer,2.5166420936584473,5.308868885040283,False,0.5357142857142857,28,-0.2055200759337465,0.0084225541843078,1.123226162309222,0.3394209327687568
obstinatus,Obstinatus,NLC,2025,Spring,sup,Verdant,2,2,Farmer dominant | Lane bully | Early dominant,2.3598270416259766,4.573592662811279,False,0.5,14,-0.6567852441827547,1.0112865792648449,1.6267579847765037,0.257865482153332
obstinatus,Obstinatus,NLC,2025,Winter,sup,Verdant,0,0,High DPS | Versatile | High performer,2.633336305618286,5.312877655029297,False,0.4736842105263157,19,-1.124630381473411,0.2230044552092087,0.718946477649653,0.0083607340004867
oguzkhan,Oguzkhan,NLC,2025,Summer,jng,Rich Gang,2,2,Profil neutre,2.292611837387085,0.9945069551467896,False,0.5,14,-0.5105963277625555,0.4788641462849644,0.1235984027318643,0.2227607223176368
oivallus,oivallus,NLC,2026,Summer,sup,Epic Avalanche,1,1,Profil neutre,6.646513938903809,3.2462997436523438,False,0.0,6,-1.665774419394447,-0.985044056004272,-2.245665478917914,-2.088456850532109
oleg,Oleg,LVP SL,2025,Summer,jng,Veni Vidi Vici,0,0,High DPS | Farmer dominant | Lane bully | Early dominant | High performer,0.6087778210639954,0.5386289954185486,False,0.4285714285714285,14,0.5323152975789959,0.2857363865900499,0.3148418427949717,-0.1032758173342013
omon,OMON,LFL,2024,unknown,mid,Ici Japon Corp. Esport,0,0,High DPS | Farmer dominant | Lane bully | Early dominant,10.48463249206543,2.32476806640625,False,0.5454545454545454,11,0.7071067811865476,0.7071067811865475,0.7071067811865476,-0.7071067811865476
omon,OMON,LFL,2025,Flash In,mid,BK ROG Esports,2,2,Profil neutre,6.438918113708496,3.0541415214538574,False,0.5833333333333334,12,-0.446753596356806,-0.1976971118715416,-0.8871446111325398,0.5610338471034718
omon,OMON,LFL,2025,Spring,mid,BK ROG Esports,1,1,Profil neutre,9.02279281616211,4.181046485900879,False,0.6764705882352942,34,-0.162619900002499,-1.1374112841269288,0.6478145994556109,1.3551016537812146
omon,OMON,LFL,2025,Summer,mid,BK ROG Esports,1,1,Profil neutre,6.094912052154541,3.537476062774658,False,0.4137931034482758,29,-0.1734416049928868,-0.1195595395514328,-0.6072931027328338,-0.4475107206201753
omon,OMON,LFL,2026,unknown,mid,Galions,1,1,Profil neutre,8.455629348754883,4.234346389770508,False,0.647887323943662,71,0.6087330120051475,-0.1924269880194432,0.2787457133976723,1.1513208571068552
omon,OMON,LFL2,2024,Spring,mid,Ici Japon Corp. Esport,1,1,Profil neutre,8.269041061401367,2.923180103302002,False,0.6666666666666666,6,1.0281494382752387,-0.4491352110090062,-0.3246440135557475,0.7071067811865474
omon,OMON,LFL2,2024,Summer,mid,Ici Japon Corp. Esport,0,0,High DPS | Farmer dominant | Lane bully | Early dominant,11.900378227233887,2.6660397052764893,False,0.8333333333333334,18,1.632296662677944,0.4086916391687385,0.4608182948340725,1.649092946199589
omon,OMON,LFL2,2024,unknown,mid,Ici Japon Corp. Esport,0,0,High DPS | Farmer dominant | Lane bully | Early dominant,11.614444732666016,2.410769462585449,False,0.8181818181818182,22,1.0601716776311378,0.2645811080352621,0.544465614898913,1.5688785564314565
ophelia,Ophelia,TCL,2025,Winter,mid,ULF Esports,2,2,Profil neutre,5.66748571395874,3.7709531784057617,False,0.1428571428571428,14,0.0186792896979566,0.0115079335048111,-0.930892399438867,-1.6303805126628903
orrisot,Orrisot,TCL,2024,unknown,mid,Galakticos,1,1,Profil neutre,6.962860584259033,2.4957780838012695,False,0.8571428571428571,7,-0.3182880439575064,-0.4002356844708759,-1.1509527412611715,1.0966076792053598
oscure,Oscure,LVP SL,2024,Summer,sup,Barça eSports,1,1,Profil neutre,6.725454807281494,4.338663101196289,False,0.6,30,0.494544408309476,-1.1584007642130063,-2.014258570755564,0.6825381069489512
osman123,Osman123,TCL,2024,Winter,jng,Beşiktaş Esports,1,1,Profil neutre,6.356287956237793,2.9244868755340576,False,0.6818181818181818,22,-0.8603468144925017,-1.2855455267426013,-0.7492389685680197,0.9742902506359395
osman123,Osman123,TCL,2025,Spring,jng,Eternal Fire,2,2,Profil neutre,5.627621173858643,2.8529415130615234,False,0.2142857142857142,14,-0.7344001852925853,-0.2668623839980273,0.0126924359364418,-1.587702019216277
osman123,Osman123,TCL,2025,Summer,jng,Papara SuperMassive,2,2,Profil neutre,4.773805618286133,1.4683789014816284,False,0.5,12,-0.5161528092224014,-1.2324198126072765,-0.2743687100484835,0.1762146071759144
osman123,Osman123,TCL,2025,Winter,jng,Eternal Fire,0,0,High DPS | Farmer dominant | Lane bully | Early dominant | High performer,2.19332218170166,2.060896635055542,False,0.7272727272727273,22,-0.4803871061750471,1.1384459792065955,0.2616297529405332,1.3217520951902888
osman123,Osman123,TCL,2026,Summer,jng,Bushido Wildcats,2,2,Profil neutre,2.948888063430786,0.27203264832496643,False,0.7391304347826086,23,0.6829209518930627,-0.0559055197526299,0.4220303794706071,1.2989173886426442
owlonsky,OWLONSKY,LFL2,2024,Summer,jng,Lille Esport,2,2,Profil neutre,5.1466569900512695,2.075195789337158,False,0.3333333333333333,18,-0.2765077296483006,-0.6289698294509384,-0.2838557712553756,-0.6369144531138174
ozgur,Ozgur,TCL,2024,Summer,bot,Galakticos,0,0,Profil neutre,4.930193901062012,10.009210586547852,False,0.0,14,-0.952750697383308,0.056921485830889,-0.634019694184162,-1.8828164663949485
ozgur,Ozgur,TCL,2024,unknown,bot,Galakticos,1,1,High DPS | Farmer dominant | Lane bully | Early dominant | High performer,11.360647201538086,8.094644546508789,False,0.8571428571428571,7,1.1037098268687104,0.8048308828242198,0.9598771926462368,1.0966076792053598
ozgur,Ozgur,TCL,2026,Summer,bot,Team Phoenix,2,2,Profil équilibré,5.061783313751221,9.840607643127441,False,0.2727272727272727,11,-1.0091479137098058,0.0087179467772244,-0.1014568682497773,-0.6160217570301605
pabu,Pabu,PRM,2024,Spring,jng,Eintracht Frankfurt,0,0,High DPS | Farmer dominant | Lane bully | Early dominant | High performer,2.8619210720062256,-0.23562274873256683,False,0.3333333333333333,18,0.2544969054739605,1.156779292500659,0.1143648644624387,-0.7115124735378854
pabu,Pabu,PRM,2024,Summer,jng,Eintracht Frankfurt,0,0,High DPS | Farmer dominant | Lane bully | Early dominant | High performer,3.088127613067627,-0.5828691720962524,False,0.3333333333333333,18,0.8391872373037311,0.3574771544085828,0.6200004979986469,-1.006230589874905
painful,Painful,NLC,2024,Spring,mid,Venomcrest Esports,0,0,High DPS | Farmer dominant | Lane bully | Early dominant,10.071578979492188,2.456434726715088,False,0.4705882352941176,17,0.3502598666453851,0.586350043418064,0.6791137950611862,-0.0650951313601088
painful,Painful,NLC,2024,Summer,mid,Nativz,1,1,Profil neutre,10.246106147766113,2.588512659072876,False,0.2857142857142857,14,-0.1173202325672343,0.2719222307489231,0.741146165284443,-1.0369962505931802
painful,Painful,NLC,2025,Summer,mid,Bulldog Esports,0,0,High DPS | Farmer dominant | Lane bully | Early dominant,8.85641098022461,0.5351788997650146,False,0.3333333333333333,6,0.3438863045293766,0.8874212303759452,0.1578807620138623,-0.3645446627488797
paixdia,Paixdia,TCL,2024,Summer,sup,Beşiktaş Esports,1,1,Profil neutre,5.406907558441162,5.7903733253479,False,0.5,18,-0.4788333211251093,-1.0740082026317743,-1.3075119899322796,0.1654224837841051
paixdia,Paixdia,TCL,2024,Winter,sup,Beşiktaş Esports,0,0,High DPS | Versatile | High performer,3.96936297416687,6.331305980682373,False,0.6818181818181818,22,0.3489731038904758,0.5588664816736657,-0.4350043408859093,0.9580422317220212
paixdia,Paixdia,TCL,2025,Spring,sup,Beşiktaş Esports,1,1,Profil neutre,4.854953765869141,3.3393800258636475,False,0.4117647058823529,17,-1.2644728137843604,-0.0188183054038621,-0.8969566455205569,-0.1861797000681462
paixdia,Paixdia,TCL,2025,Summer,sup,The Forbidden Five,1,1,Profil neutre,6.314062595367432,3.5033271312713623,False,0.0,6,-1.179849674362816,-0.8533553532110365,-1.4577749172990186,-1.4110544635145992
paixdia,Paixdia,TCL,2025,Winter,sup,Beşiktaş Esports,0,0,High DPS | Versatile | High performer,2.8879289627075195,5.337900638580322,False,0.3125,16,-0.4260632410370771,-0.3933343063395255,0.424752610879566,-0.7538553942006396
pangjin,Pangjin,LFL,2025,Summer,bot,Ici Japon Corp. Esport,2,2,Profil équilibré,7.207051753997803,10.497806549072266,False,0.5,22,-0.5379187554518663,-0.1452556410668738,0.4757978556014898,0.131384852001139
papiteero,Papiteero,LFL,2025,Spring,top,Team BDS Academy,0,0,Profil neutre,3.6027982234954834,4.205330848693848,False,0.0909090909090909,11,-0.9424617419289504,-1.3446915346824213,-0.9739667502699446,-2.329297429466608
papiteero,Papiteero,LFL,2025,Summer,top,Team BDS Academy,0,0,Profil neutre,5.8929572105407715,5.182861804962158,False,0.35,20,0.066561495257983,-0.7073127069008555,-0.4911136471603061,-0.8758934443599484
papiteero,Papiteero,LFL,2025,unknown,top,Team BDS Academy,2,2,Profil neutre,4.794193744659424,6.021442890167236,False,0.5,12,-0.7071067811865475,-0.7071067811865495,-0.7071067811865477,-0.707106781186547
papiteero,Papiteero,NLC,2025,Winter,top,Verdant,1,1,Carry agressif | High DPS | Farmer dominant | Lane bully | Early dominant,8.640657424926758,8.87382984161377,False,0.4444444444444444,18,-0.1805612909245222,-0.4931575309299971,1.3673960812024084,-0.1653472993549425
parus,Parus,LFL,2024,Spring,sup,Team BDS Academy,0,0,High DPS | Versatile | High performer,1.7886713743209839,7.117789268493652,True,0.76,25,2.303845841692878,0.1021796863214402,0.9540593157303549,1.6897034024768975
parus,Parus,LFL,2024,Summer,sup,Team BDS Academy,0,0,High DPS | Versatile | High performer,1.7749385833740234,7.040129661560059,True,0.7931034482758621,29,1.6827994501417416,0.1075774674851556,1.315764402212397,1.4960050518640329
passzi,Passzi,LFL2,2024,Summer,sup,Lille Esport,1,1,Profil neutre,5.652542591094971,5.732357025146484,False,0.3333333333333333,18,-0.7532798044871768,-1.2575547520316557,-1.0774356350279988,-0.6088363421155524
passzi,Passzi,LVP SL,2025,Summer,sup,Guasones,1,1,Profil neutre,5.5893144607543945,2.785665273666382,False,0.1111111111111111,9,-1.9998246112581388,0.1413161401874325,-1.606242906739428,-1.520740558345274
passzi,Passzi,LVP SL,2025,unknown,sup,Guasones,1,1,Profil neutre,4.96107816696167,5.326444149017334,False,0.8571428571428571,7,0.7071067811865471,-0.7071067811865476,-0.7071067811865476,0.7071067811865476
passzi,Passzi,NLC,2024,Spring,sup,Venomcrest Esports,0,0,High DPS | Versatile | High performer,4.488603591918945,6.518886566162109,False,0.4705882352941176,17,0.1776165727676988,-0.3419620484569464,-0.0099630194914199,0.1541398704762974
pasu,Pasu,PRM,2026,Spring,jng,ROSSMANN Centaurs,1,1,Profil neutre,8.8966646194458,2.2295968532562256,False,0.0,17,-1.8745099073087168,-1.2270349469370176,-2.184422946661407,-2.029974149935919
patch,Patch,TCL,2024,Summer,sup,Dark Passage,0,0,High DPS | Versatile | High performer,2.9077155590057373,4.7582783699035645,False,0.5757575757575758,33,-0.5840484692144499,-0.0513274870751351,0.5590056007153764,0.4943804800184179
patch,Patch,TCL,2024,Winter,sup,NASR eSports Turkey,2,2,Farmer dominant | Lane bully | Early dominant,2.393145799636841,3.1547281742095947,False,0.2857142857142857,14,-0.3873457843810696,1.3376268030141436,0.8602405526882693,-0.7764365145624741
patch,Patch,TCL,2025,Spring,sup,BoostGate Esports,0,0,High DPS | Versatile | High performer,4.132931709289551,7.197638034820557,False,0.6923076923076923,26,1.0153794616823206,-1.7518982870608295,1.0431147603805804,1.4261414433810633
patch,Patch,TCL,2025,Summer,sup,Beşiktaş Esports,2,2,Farmer dominant | Lane bully | Early dominant,2.290814161300659,4.471717357635498,False,0.6363636363636364,22,-0.4630123250368019,1.5231563789695417,0.8054438957001113,0.9196114254983614
patch,Patch,TCL,2025,Winter,sup,BoostGate Esports,0,0,High DPS | Versatile | High performer,4.582634449005127,6.815717697143555,False,0.5714285714285714,21,0.095369627951435,-1.7242823154279252,0.7819580473149373,0.5499133742085455
patch,Patch,TCL,2026,Summer,sup,SU Esports,0,0,High DPS | Versatile | High performer,4.991853713989258,5.513303279876709,False,0.5416666666666666,24,-0.1421568436558521,-0.1846961681988891,0.0052166149915926,0.4934906885718768
patkicaa,PatkicaA,LFL,2024,unknown,top,Ici Japon Corp. Esport,2,2,Profil neutre,5.225733280181885,6.029207229614258,False,0.5454545454545454,11,-0.7071067811865476,-0.7071067811865475,-0.7071067811865475,-0.7071067811865476
patkicaa,PatkicaA,LFL2,2024,Spring,top,Ici Japon Corp. Esport,2,2,Profil neutre,6.930711269378662,7.584280490875244,False,0.6666666666666666,6,-0.1071034780669187,0.4752291485380771,-0.0555202915591094,0.7071067811865474
patkicaa,PatkicaA,LFL2,2024,Summer,top,Ici Japon Corp. Esport,1,1,Carry agressif | High DPS | Farmer dominant | Lane bully | Early dominant,8.505152702331543,5.981875419616699,False,0.8333333333333334,18,0.7188277885982293,-0.0468864774047537,0.8535783277505026,1.649092946199589
patkicaa,PatkicaA,LFL2,2024,unknown,top,Ici Japon Corp. Esport,0,0,Profil neutre,4.464725017547607,6.550623893737793,False,0.8181818181818182,22,-0.3283486933899708,-1.2274710498544783,-1.4244204547983603,1.5018964053981394
patkicaa,PatkicaA,LFL2,2025,Spring,top,IziDream,2,2,Profil neutre,6.932290077209473,5.413152694702148,False,0.4285714285714285,14,-0.1435221229908006,-0.3743266213436789,-0.08151570724555,-0.1366042104800512
patkicaa,PatkicaA,LFL2,2025,Summer,top,IziDream,2,2,Profil neutre,4.858884334564209,7.2576003074646,False,0.6,25,-1.239069265339057,-1.5481305764375113,-0.1145675224288606,0.927030557518715
patkicaa,PatkicaA,LFL2,2025,Winter,top,IziDream,2,2,Profil neutre,5.439733028411865,6.7395148277282715,False,0.5416666666666666,24,-0.1787145023167602,-0.9994148526378124,-0.8342296456800425,0.4269405141623869
patrik,Patrik,PRM,2026,Spring,bot,Berlin International Gaming,2,2,Profil équilibré,7.770577430725098,11.26732349395752,False,0.6304347826086957,46,0.224269103235508,-0.6937190487941907,0.2162966057231921,0.832910159108276
patrik,Patrik,PRM,2026,Summer,bot,Berlin International Gaming,2,2,Profil équilibré,5.927756309509277,10.894317626953125,False,0.7,20,1.1926976958832884,-1.846299419905435,-0.5637296341294151,1.0278734681216004
pawp,pawp,NLC,2025,unknown,jng,Brod n Friends,2,2,Profil neutre,3.046696424484253,2.3872814178466797,False,0.5,6,-1.5796390761369885,0.2118327824447178,-0.5296706391264144,-0.1837896019453808
peach,Peach,LVP SL,2024,Summer,jng,GIANTX iTero,2,2,Profil neutre,3.885087728500366,1.7971360683441162,False,0.4285714285714285,21,-0.7950081601122772,0.2091771638227776,0.5967265977376364,-0.2366184180936754
peach,Peach,TCL,2025,Summer,jng,Bushido Wildcats,0,0,High DPS | Farmer dominant | Lane bully | Early dominant | High performer,1.9804669618606567,1.105090856552124,False,0.6666666666666666,27,0.1823020239975751,1.3577109376819307,0.375854007351118,0.8703528405620353
peagod,peagod,TCL,2024,unknown,bot,NONAME,2,2,Profil équilibré,6.6041412353515625,11.255083084106445,False,0.5833333333333334,12,-0.2579697937785915,0.3146518061590694,0.075918247907646,-0.2351126864216286
peco,Peco,PRM,2024,Spring,bot,FC Schalke 04 Esports,2,2,Profil équilibré,8.8740873336792,10.100932121276855,False,0.5,18,-0.272709719882947,0.2387128144756113,0.3109848650330825,-4.739625182578547e-16
peco,Peco,PRM,2024,Summer,bot,FC Schalke 04 Esports,2,2,Profil équilibré,7.896435260772705,10.831778526306152,False,0.6666666666666666,18,-0.0273581094879836,0.1793658724892805,0.2673383902596492,1.006230589874905
peco,Peco,PRM,2024,unknown,bot,FC Schalke 04 Esports,2,2,Profil équilibré,7.22617244720459,8.237279891967773,False,0.4166666666666667,12,-0.3075034154470005,0.389762704408827,-0.1822341083042835,-0.4294004076534282
pehrson,Pehrson,NLC,2024,Spring,sup,DMG Esports,2,2,Farmer dominant | Lane bully | Early dominant,3.5377542972564697,3.6470186710357666,False,0.1428571428571428,7,-0.4173191595366589,-0.0364645297416071,0.4491131631553774,-1.7430970698157189
peng,Peng,LFL,2024,Spring,mid,GameWard,2,2,Profil neutre,5.525088787078857,2.145012617111206,False,0.3888888888888889,18,-0.9757477034190256,-1.6387798322570266,-0.4649300034681968,-0.5350768233577156
peng,Peng,LFL,2024,Summer,mid,GameWard,2,2,Profil neutre,3.499462842941284,2.764904499053955,False,0.4090909090909091,22,-1.5061705735734794,-2.1893935490190533,-0.9399945250785072,-0.2338165856357724
peng,Peng,NLC,2025,Spring,mid,Ruddy Corporation,1,1,Profil neutre,8.70102310180664,2.38317608833313,False,0.4444444444444444,18,-0.4260519171075129,-0.6849386738164955,0.6478050227926517,0.02062799112086
perkz,Perkz,NLC,2025,Winter,top,Ruddy Corporation,1,1,Carry agressif | High DPS | Farmer dominant | Lane bully | Early dominant,9.228259086608887,7.7617316246032715,False,0.5454545454545454,11,1.1972761457092005,0.5268108997352335,0.0594012934735414,0.3399707951591798
phantasm,Phantasm,PRM,2025,Spring,mid,CGN Esports,1,1,Profil neutre,9.420687675476074,1.7078654766082764,False,0.6666666666666666,21,1.7371060453214535,-1.1635058133313778,-0.0218342371354855,1.2399535978497302
phantasm,Phantasm,PRM,2025,Spring,mid,Dung Dynasty,2,2,Profil neutre,6.51284646987915,2.692281484603882,False,0.7,10,-0.1262893571051488,-0.8608928503141275,-0.613635172159605,1.4912778551077304
phantasm,Phantasm,PRM,2025,Summer,mid,CGN Esports,2,2,Profil neutre,6.3932976722717285,2.832012891769409,False,0.4285714285714285,7,-0.316558176887769,0.0850601483961501,-0.6803696999117872,-0.2457976824210075
phantasm,Phantasm,PRM,2026,unknown,mid,CGN Esports,1,1,Profil neutre,7.057982921600342,2.447699785232544,False,0.75,8,-1.0542928034517136,-1.4117391125901155,0.2899919173171059,1.1955800954791285
phantomles,Phantomles,LFL2,2024,Spring,mid,Lille Esport,0,0,High DPS | Farmer dominant | Lane bully | Early dominant,9.942676544189453,0.9372307062149048,False,0.6666666666666666,6,-0.0036809929603687,-0.4784930430492389,0.2849269267909485,0.7071067811865474
phantomles,Phantomles,LFL2,2024,Summer,mid,Klanik Esport,1,1,Profil neutre,7.219460487365723,1.5251637697219849,False,0.3333333333333333,18,-0.6137513394064782,-0.0873878379125878,-0.009814027969303,-0.836731888958412
phantomles,Phantomles,LFL2,2024,unknown,mid,Klanik Esport,0,0,High DPS | Farmer dominant | Lane bully | Early dominant,9.36367130279541,0.3890291452407837,False,0.4444444444444444,9,-0.5860607154931267,0.9647193264789452,0.4856225592923939,-0.477456799221463
phenomenal,Phenomenal,TCL,2024,Summer,mid,Galakticos,2,2,Profil neutre,4.079743385314941,2.330178737640381,False,0.0,10,-1.1558524147834337,-1.4594760185200797,-1.856633069181787,-2.0410531228462663
photon,Photon,TCL,2025,Spring,top,Beşiktaş Esports,1,1,Carry agressif | High DPS | Farmer dominant | Lane bully | Early dominant,9.270628929138184,7.462682247161865,False,0.4117647058823529,17,0.4647369029403785,1.3081282948546842,0.8192371068720168,-0.3565901886475124
photon,Photon,TCL,2025,Winter,top,Beşiktaş Esports,2,2,Profil neutre,7.305593967437744,5.716699600219727,False,0.3125,16,-0.6032561746693751,-0.1686831562628664,-0.0303682012211756,-0.7687046718099035
piero,Piero,LFL,2025,Flash In,sup,Karmine Corp Blue,0,0,High DPS | Versatile | High performer,1.154167652130127,6.34455680847168,False,0.7222222222222222,18,0.2340359865960589,-0.0438422923447076,0.8672380211282875,1.3141942361676415
piero,Piero,LFL,2025,Spring,sup,Karmine Corp Blue,0,0,High DPS | Versatile | High performer,1.9009344577789307,6.263203144073486,False,0.52,25,-0.2572919352099079,-0.1335866262513439,0.9989298379599572,0.3705763827690563
piero,Piero,LFL,2025,Summer,sup,Karmine Corp Blue,0,0,High DPS | Versatile | High performer,4.295598983764648,7.19252872467041,False,0.6388888888888888,36,-0.0511307482442337,-1.244063518450253,0.2354417113866428,1.0640499412243671
piero,Piero,LFL,2026,unknown,sup,Solary,0,0,High DPS | Versatile | High performer,1.7042714357376099,5.687734603881836,False,0.7592592592592593,54,0.4036509552981473,0.3856993981566349,0.8184196017269548,1.6788063836576506
piero,Piero,PRM,2024,Spring,sup,Unicorns of Love Sexy Edition,0,0,High DPS | Versatile | High performer,2.683124303817749,6.742414951324463,False,0.6666666666666666,18,1.1932252559045808,-0.3160921136910037,0.6589377403163023,0.7115124735378853
piero,Piero,PRM,2024,Summer,sup,Unicorns of Love Sexy Edition,0,0,High DPS | Versatile | High performer,4.0087080001831055,5.167457103729248,False,0.6111111111111112,18,-0.5677445497463495,-0.7449506222475608,-0.0370547024596962,0.7054311703452542
piero,Piero,PRM,2024,unknown,sup,Unicorns of Love Sexy Edition,0,0,High DPS | Versatile | High performer,1.7732471227645874,6.841182231903076,False,0.6666666666666666,21,0.7614695259502511,-0.2215807323284703,1.9145974157950327,1.1512098989061872
piwek,Piwek,LFL2,2024,Spring,bot,IziDream,1,1,High DPS | Farmer dominant | Lane bully | Early dominant | High performer,9.720491409301758,8.937423706054688,False,0.6666666666666666,6,0.5191273363881856,0.3022558623302957,2.271315972351379,0.7071067811865474
piwek,Piwek,LFL2,2024,Summer,bot,IziDream,1,1,High DPS | Farmer dominant | Lane bully | Early dominant | High performer,11.380864143371582,7.802061080932617,False,0.5294117647058824,17,1.2477493083990905,1.0870387862827098,1.1222170374522529,0.182021422670529
piwek,Piwek,LFL2,2024,unknown,bot,IziDream,1,1,High DPS | Farmer dominant | Lane bully | Early dominant | High performer,10.241676330566406,7.946155071258545,False,0.5714285714285714,21,1.2534734695338974,1.0138548699068175,1.7163387570145372,0.2178231671779837
pobelter,Pobelter,NLC,2026,Winter,mid,4 Swines & A Bum,2,2,Profil neutre,5.555751323699951,3.5676374435424805,False,0.1666666666666666,6,-0.8224449090295274,0.5511472761633113,-0.66207660801507,-1.4740741224501528
pomo,Pomo,NLC,2024,unknown,mid,BlueWhites,1,1,Profil neutre,8.136556625366211,4.312046051025391,False,0.4,25,0.3953882403372268,0.6602578591488318,-0.3530387602194351,-0.3819110686649691
potent,Potent,LFL,2025,unknown,top,Esprit Shōnen,1,1,Carry agressif | High DPS | Farmer dominant | Lane bully | Early dominant,9.57659912109375,7.035950660705566,False,0.6666666666666666,9,0.7071067811865475,0.7071067811865457,0.7071067811865474,0.707106781186548
potent,Potent,LFL,2026,unknown,top,Vitality.Bee,1,1,Carry agressif | High DPS | Farmer dominant | Lane bully | Early dominant,8.78182601928711,8.115081787109375,False,0.4186046511627907,43,0.1070903816040458,0.5931911501226598,0.6442778524665103,0.0187831957606859
potent,Potent,LFL2,2024,Summer,top,Joblife,1,1,Carry agressif | High DPS | Farmer dominant | Lane bully | Early dominant,9.283093452453613,5.9445576667785645,False,0.7222222222222222,18,0.477510098923643,-0.4896284799958608,0.7377150634283157,1.0966874272755884
potent,Potent,LFL2,2024,unknown,top,Joblife,2,2,Profil neutre,6.805513381958008,4.518745422363281,False,0.5,6,-0.5351019168722921,-0.2173232888345916,0.1037875344900456,-0.017077200932469
potent,Potent,LFL2,2025,Spring,top,Esprit Shōnen,1,1,Carry agressif | High DPS | Farmer dominant | Lane bully | Early dominant,10.87588882446289,8.789872169494629,False,0.7272727272727273,22,1.1181412123043295,1.635200021525136,1.2491449766457918,1.4239821296873287
potent,Potent,LFL2,2025,Summer,top,Esprit Shōnen,1,1,Carry agressif | High DPS | Farmer dominant | Lane bully | Early dominant,8.954095840454102,8.917113304138184,False,0.6666666666666666,21,0.4553293632670899,-0.2896762449120078,1.914635917488959,1.4411486212114708
potent,Potent,LFL2,2025,Winter,top,Esprit Shōnen,1,1,Carry agressif | High DPS | Farmer dominant | Lane bully | Early dominant,9.593663215637207,8.204095840454102,False,0.6666666666666666,24,0.7895134235898472,0.336635070347938,0.3786416535734194,1.0579543813365315
powerofevil,PowerOfEvil,PRM,2024,Spring,mid,Eintracht Spandau,0,0,High DPS | Farmer dominant | Lane bully | Early dominant,10.903822898864746,1.630654215812683,False,0.6111111111111112,18,1.1809937262633403,0.4133897218111941,0.5443701211460023,0.4743416490252571
powerofevil,PowerOfEvil,PRM,2024,Summer,mid,Eintracht Spandau,0,0,High DPS | Farmer dominant | Lane bully | Early dominant,12.402450561523438,2.043670177459717,False,0.6666666666666666,18,0.6242962458140704,1.1222329024679765,1.9389026648394612,1.0062305898749058
powerofevil,PowerOfEvil,PRM,2024,unknown,mid,Eintracht Spandau,0,0,High DPS | Farmer dominant | Lane bully | Early dominant,10.827065467834473,2.7801332473754883,False,0.6,20,0.4858972249753224,0.3683346278736755,1.703399226925184,0.7562626576520441
powerofevil,PowerOfEvil,PRM,2025,Spring,mid,Eintracht Spandau,1,1,Profil neutre,9.835372924804688,1.7717276811599731,False,0.3809523809523809,21,0.2619695179703825,1.1286997593888282,0.3312293172366817,-0.914254321504558
powerofevil,PowerOfEvil,PRM,2025,Summer,mid,Eintracht Spandau,0,0,High DPS | Farmer dominant | Lane bully | Early dominant,9.896576881408691,1.788857340812683,False,0.0,8,1.0497735340465606,1.2928399498176737,0.2807627077402167,-2.0075249315392547
powerofevil,PowerOfEvil,PRM,2025,Winter,mid,Eintracht Spandau,0,0,High DPS | Farmer dominant | Lane bully | Early dominant,9.457178115844727,0.22502011060714722,False,0.4,10,0.0845794800994051,1.3173046939628124,0.3844310218068756,-0.3794671909123281
powerofevil,PowerOfEvil,PRM,2025,unknown,mid,Eintracht Spandau,0,0,High DPS | Farmer dominant | Lane bully | Early dominant,10.438859939575195,2.051581621170044,False,0.6,5,1.154576216731113,1.1383082797389743,0.8759647915186242,0.7160905348992759
powerofevil,PowerOfEvil,PRM,2026,Spring,mid,Eintracht Spandau,0,0,High DPS | Farmer dominant | Lane bully | Early dominant,11.141677856445312,2.4032938480377197,False,0.6666666666666666,33,1.1750223336943115,1.3187565597696034,0.6183546337958807,0.9724373820726798
powerofevil,PowerOfEvil,PRM,2026,Summer,mid,Eintracht Spandau,0,0,High DPS | Farmer dominant | Lane bully | Early dominant,10.11862850189209,0.3209345042705536,False,0.55,20,1.3739964920604075,0.894045675721745,0.8986380657391527,0.2648761623180091
powerofevil,PowerOfEvil,PRM,2026,Winter,mid,Eintracht Spandau,0,0,High DPS | Farmer dominant | Lane bully | Early dominant,11.417469024658203,2.4043362140655518,False,0.5625,16,1.7447422850883256,0.919469328862683,1.0314489085214664,0.548081112957414
prettygre,PrettyGRE,LFL2,2024,Spring,mid,Esprit Shōnen,1,1,Profil neutre,9.176351547241211,2.767270803451538,False,0.6666666666666666,6,0.1031092377140709,1.8000075246075908,0.0621658749362069,0.7071067811865474
prettygre,PrettyGRE,LVP SL,2024,Summer,mid,ZETA,1,1,Profil neutre,7.113350868225098,4.202977657318115,False,0.2777777777777778,18,-0.1607075253842144,0.6274009742199682,-0.9376166332980383,-1.028241349317826
prettygre,PrettyGRE,LVP SL,2024,unknown,mid,ZETA,0,0,High DPS | Farmer dominant | Lane bully | Early dominant,10.076276779174805,1.6498833894729614,False,0.375,8,0.7071067811865481,0.7071067811865476,0.7071067811865475,-0.7071067811865476
pride,Pride,LFL,2024,Spring,top,GameWard,2,2,Profil neutre,7.012417316436768,6.173513412475586,False,0.3888888888888889,18,0.0532288502474011,-0.264743276808824,0.0015538725117216,-0.5350768233577156
pride,Pride,LFL,2024,Summer,top,GameWard,2,2,Profil neutre,6.033255100250244,5.991108417510986,False,0.4090909090909091,22,-0.9857935835614408,-1.2273401870754894,-0.6902682696525279,-0.2599600871066553
pride,Pride,PRM,2025,Spring,top,Eintracht Spandau,2,2,Profil neutre,7.041589736938477,6.111904144287109,False,0.3809523809523809,21,-0.7892996290573825,-0.067705074081998,0.1162988970269996,-0.9142543215045588
pride,Pride,PRM,2025,Summer,top,Eintracht Spandau,2,2,Profil neutre,7.182865142822266,5.79303503036499,False,0.0,8,-0.7526488607875486,-0.2526507374634921,0.4310930308923351,-2.0075249315392547
pride,Pride,PRM,2025,Winter,top,Eintracht Spandau,1,1,Carry agressif | High DPS | Farmer dominant | Lane bully | Early dominant,9.222772598266602,6.961440086364746,False,0.4,10,1.7553361451453386,0.8081157175782228,0.6925244432072808,-0.3834547005875643
pride,Pride,PRM,2025,unknown,top,Eintracht Spandau,2,2,Profil neutre,7.994279861450195,6.877042293548584,False,0.6,5,-0.3418761111923621,-1.0524091096114414,0.7699176570867059,0.7160905348992759
pridestalkr,Pridestalkr,LVP SL,2024,Spring,jng,Barça eSports,0,0,High DPS | Farmer dominant | Lane bully | Early dominant | High performer,0.655349612236023,0.6812994480133057,False,0.2352941176470588,17,1.2988254401952557,1.133063840675737,0.1665086643502382,-1.117460690034281
prime,Prime,LFL,2024,Spring,sup,Team GO,1,1,Profil neutre,5.880629062652588,4.2349534034729,False,0.4285714285714285,21,-0.4982535593774331,-0.8624446534787348,-0.759540155548744,-0.2971833004925951
prime,Prime,LFL,2024,Summer,sup,Team GO,0,0,High DPS | Versatile | High performer,2.9577770233154297,5.176170349121094,True,0.5,28,-0.5005236951011923,-0.493948447580486,0.3963802782652394,0.1557377825272217
prime,Prime,LFL,2025,Flash In,sup,Ici Japon Corp. Esport,1,1,Profil neutre,5.170421600341797,6.196406364440918,True,0.5,20,-0.4505379565599592,-0.7406002149372881,-1.0237390626466725,0.1091376136649696
prime,Prime,LFL,2025,Spring,sup,Ici Japon Corp. Esport,0,0,High DPS | Versatile | High performer,3.4323694705963135,6.490599632263184,True,0.5263157894736842,19,0.2462508854325512,-0.6078898507013253,0.8277946068122083,0.410315827819804
prime,Prime,LFL,2025,Summer,sup,Ici Japon Corp. Esport,2,2,Farmer dominant | Lane bully | Early dominant,3.3944551944732666,4.008185386657715,True,0.5,22,-0.0740589642949183,0.1844053515491888,0.0694903869679956,0.1313848520011387
prime,Prime,LFL,2026,unknown,sup,Karmine Corp Blue,0,0,High DPS | Versatile | High performer,4.406337261199951,6.936622619628906,False,0.5581395348837209,43,0.2361318413236653,-1.6525216591319936,-0.1272991224847038,0.5739339408237811
ptt,ptt,LVP SL,2025,Winter,mid,ZETA,2,2,Profil neutre,3.9858529567718506,2.6932854652404785,False,0.0,9,-1.4927679070924025,-0.614807982437477,-2.4337722698038133,-1.9297347031517555
pybal,Pybal,NLC,2024,unknown,mid,Lazy In Life,1,1,Profil neutre,6.906923294067383,2.5780465602874756,False,0.5714285714285714,14,-0.2332157366769329,0.0459730258610372,-0.4416889405624821,0.4213530497900035
pyrka,Pyrka,LVP SL,2025,Winter,sup,Ramboot Club,2,2,Farmer dominant | Lane bully | Early dominant,2.19521164894104,4.393189430236816,False,0.5333333333333333,15,-0.7901234638845704,1.979542687796902,0.3979682934260842,0.3677559338624794
pyrka,Pyrka,PRM,2024,unknown,sup,Spinebusters E-Sport,1,1,Profil neutre,4.641652584075928,4.890498638153076,False,0.5714285714285714,7,0.296293589381113,-0.9323816657340946,-0.0317568664473679,0.597299763105295
pyrka,Pyrka,PRM,2026,Spring,sup,Kaufland Hangry Knights,1,1,Profil neutre,3.4543824195861816,3.7748470306396484,False,0.3157894736842105,19,-0.3498857295048386,-0.0165457685239221,0.0808914666126908,-0.563158082313694
pyrka,Pyrka,PRM,2026,Winter,sup,Kaufland Hangry Knights,1,1,Profil neutre,4.813436508178711,3.2312958240509033,False,0.4285714285714285,7,-1.8634026178611325,0.7863929289323681,-0.8204897823061948,-0.2198138965481876
qqr,qqr,NLC,2025,unknown,mid,Brod n Friends,1,1,Profil neutre,9.855664253234863,0.926094651222229,False,0.5,6,-0.7856107476594879,-0.5469607556723615,0.7304135883003443,-0.5583388492224075
quest,Quest,NLC,2024,Summer,jng,BlueWhites,0,0,High DPS | Farmer dominant | Lane bully | Early dominant | High performer,0.7348048090934753,0.6885722875595093,False,0.3333333333333333,6,1.6776999565984525,1.394508380047028,0.7934804743803653,-0.5427408022229092
r4ven,R4VEN,LVP SL,2024,Spring,top,Rebels Gaming,2,2,Profil neutre,7.375717639923096,5.4110331535339355,False,0.3888888888888889,18,0.1557929843563186,0.3147361537308988,-0.8352730989047817,-0.4975834172675585
r4ven,R4VEN,LVP SL,2024,Summer,top,GIANTX iTero,2,2,Profil neutre,5.925986289978027,4.63480806350708,False,0.4285714285714285,21,-1.0661390027809603,0.0495302094200692,-0.6554000290210296,-0.2231818729083103
rabble,Rabble,PRM,2024,Spring,jng,SK Gaming Prime,0,0,High DPS | Farmer dominant | Lane bully | Early dominant | High performer,1.2321809530258179,-1.0606874227523804,False,0.7222222222222222,18,0.9625051955494952,0.8752497970288614,1.1353746592533105,0.9486832980505135
rabble,Rabble,PRM,2024,Summer,jng,SK Gaming Prime,0,0,High DPS | Farmer dominant | Lane bully | Early dominant | High performer,-0.471343070268631,0.10942432284355164,False,0.6666666666666666,18,1.6407998670350876,1.5538929334483278,1.285047907180008,1.006230589874905
rabble,Rabble,PRM,2024,unknown,jng,SK Gaming Prime,0,0,High DPS | Farmer dominant | Lane bully | Early dominant | High performer,0.8290766477584839,0.047947824001312256,False,0.3125,16,1.4422960341742577,0.6079590298455052,-0.1031048341859132,-1.1030726038497196
rabble,Rabble,PRM,2025,Spring,jng,Kaufland Hangry Knights,2,2,Profil neutre,4.710360527038574,-0.17016394436359406,False,0.5714285714285714,35,0.6883417407233624,0.0721120046697611,0.3001342022837578,0.5864251803332216
rabble,Rabble,PRM,2025,Summer,jng,Kaufland Hangry Knights,0,0,High DPS | Farmer dominant | Lane bully | Early dominant | High performer,1.133154034614563,0.5736141204833984,False,0.3636363636363636,11,0.834524553780071,0.8471974100570444,1.1899654336055372,-0.5799657488928275
rabble,Rabble,PRM,2025,Winter,jng,Kaufland Hangry Knights,2,2,Profil neutre,1.7653628587722778,1.0811328887939453,False,0.4,10,-0.0260919972066932,0.190704156807708,1.282844536246007,-0.3834547005875636
raedz,raedz,LVP SL,2025,unknown,top,Nocturne Gale,2,2,Profil neutre,4.821929931640625,6.005362033843994,False,0.3333333333333333,9,-0.7071067811865475,-0.7071067811865482,-0.7071067811865476,-0.7071067811865476
raen1,Raen1,TCL,2026,Spring,bot,Team Phoenix,2,2,Profil équilibré,6.653529644012451,8.068827629089355,False,0.25,16,0.8408157535552335,-0.358812110360812,-0.5996671818436483,-0.9152477036428875
rafbin,RAFBIN,LFL2,2025,Spring,mid,Skillcamp,2,2,Profil neutre,5.744198799133301,3.2719385623931885,False,0.125,8,-0.3203799726560338,1.4790888539743288,-0.6968950409144096,-1.3647882837470835
ragnarr,Ragnarr,NLC,2024,Spring,bot,Lundqvist Lightside,2,2,Profil équilibré,5.302593231201172,9.286463737487793,False,0.3846153846153846,13,-0.6371628108851642,-0.7462788212698968,0.1980657882105161,-0.392505179870815
ragner,Ragner,LFL,2024,Spring,top,Gentle Mates,1,1,Carry agressif | High DPS | Farmer dominant | Lane bully | Early dominant,8.296107292175293,7.970736026763916,False,0.5172413793103449,29,-0.3059808633561393,0.6571538539461248,0.7110669993781863,0.234385674737056
ragner,Ragner,LFL,2024,Summer,top,Gentle Mates,2,2,Profil neutre,7.518365859985352,6.5168280601501465,False,0.2222222222222222,18,-0.6330742027613189,1.1707829742465203,0.3904075147914894,-1.1144501524651809
ragner,Ragner,LFL,2025,Flash In,top,Galions,2,2,Profil neutre,4.944247722625732,7.174744129180908,False,0.625,16,-0.5562207830341743,-0.661284574720699,-0.8860848208294476,0.7869819638227222
ragner,Ragner,LFL,2025,Spring,top,Galions,2,2,Profil neutre,5.109740734100342,6.887051582336426,False,0.5416666666666666,24,-0.5706397157528726,-0.5732022036463619,-0.9410204387832216,0.5069047567625945
ragner,Ragner,LFL,2025,Summer,top,Galions,2,2,Profil neutre,6.11613655090332,7.073148250579834,False,0.7241379310344828,29,-0.3300090338206388,-0.796996254946862,-0.8142032441925902,1.6365133408165562
ragner,Ragner,LFL,2026,unknown,top,Joblife,0,0,Profil neutre,4.530568599700928,5.602791786193848,False,0.3,10,-1.541840239111317,-1.0036058032832629,-1.29880869135486,-0.5885207350608499
ragner,Ragner,TCL,2026,Kickoff,top,Misa Esports,1,1,Carry agressif | High DPS | Farmer dominant | Lane bully | Early dominant,10.324363708496094,8.893902778625488,False,0.9333333333333332,15,0.905413824633712,1.0946368820147303,1.1900557792270283,1.729628998474439
ragner,Ragner,TCL,2026,Spring,top,Misa Esports,1,1,Carry agressif | High DPS | Farmer dominant | Lane bully | Early dominant,10.798094749450684,8.120901107788086,False,0.9523809523809524,21,0.0383898136913749,1.3007626864589463,1.2475385164453543,1.963354056325202
raider,Raider,PRM,2026,unknown,top,CGN Esports,2,2,Profil neutre,4.310276031494141,6.437880039215088,False,0.8571428571428571,7,-1.3015935176620776,-0.0407535832448996,-1.2173851846918982,1.3012711191375053
rakhoon,Rakhoon,NLC,2024,unknown,sup,UniQ Esports Club,1,1,Profil neutre,3.296395778656006,5.0044732093811035,False,0.5454545454545454,22,-0.928883677534513,-0.1710043853829603,-0.2591494955186493,0.1809711463342637
rames,RAMES,LFL,2025,Flash In,jng,Joblife,1,1,Profil neutre,6.435951232910156,1.9103718996047974,False,0.2,10,-1.5967250201364074,0.8928521913461939,-0.8184926920023987,-1.5176888267136377
rames,RAMES,LFL,2025,Spring,jng,Joblife,2,2,Profil neutre,4.3765692710876465,1.7122873067855835,False,0.4,15,0.2300641221860543,0.0918868881757644,0.0274311447323763,-0.3844730731951545
rames,RAMES,LFL,2025,Summer,jng,Joblife,2,2,Profil neutre,5.678828239440918,1.5134347677230835,False,0.391304347826087,23,-0.1160941209932485,-0.2752407942276024,0.0797420726064398,-0.5985269569561702
rames,RAMES,TCL,2026,Spring,jng,SU Esports,2,2,Profil neutre,4.497109889984131,1.506642460823059,False,0.56,25,0.4435470512601758,0.1298115207654769,-0.0556663354881208,0.3490896116330053
rames,RAMES,TCL,2026,Summer,jng,SU Esports,0,0,High DPS | Farmer dominant | Lane bully | Early dominant | High performer,1.230603575706482,-0.4092884659767151,False,0.5416666666666666,24,-0.0331353772487362,0.8532699923790188,0.6065876795627749,0.4854984343181417
random,Random,LVP SL,2024,Spring,mid,Movistar KOI,0,0,High DPS | Farmer dominant | Lane bully | Early dominant,11.32246208190918,3.1320221424102783,False,0.4782608695652174,23,1.209918365363733,0.8743639693878598,-0.0468207755481214,-0.0814238172343896
random,Random,LVP SL,2024,Summer,mid,Movistar KOI,0,0,High DPS | Farmer dominant | Lane bully | Early dominant,10.141995429992676,0.1742871254682541,False,0.6086956521739131,23,1.706882922776069,1.2050006389338948,-0.0187174950056983,0.7384681195076335
random,Random,PRM,2025,Spring,mid,Kaufland Hangry Knights,0,0,High DPS | Farmer dominant | Lane bully | Early dominant,11.48728084564209,2.486454486846924,False,0.5714285714285714,35,1.0247299063181283,0.7250310183885263,0.7858073826877374,0.5218842913983008
random,Random,PRM,2025,Summer,mid,Kaufland Hangry Knights,1,1,Profil neutre,10.510913848876953,2.7129223346710205,False,0.3636363636363636,11,0.6277467277299262,0.2270918746688131,0.4863732129951746,-0.5127260534995297
random,Random,PRM,2025,Winter,mid,Kaufland Hangry Knights,0,0,High DPS | Farmer dominant | Lane bully | Early dominant,9.683723449707031,0.5716537237167358,False,0.4,10,0.610806722103428,0.3116644830073433,1.0083597407505067,-0.3794671909123281
raxxo,Raxxo,LFL2,2024,Spring,sup,Esprit Shōnen,2,2,Farmer dominant | Lane bully | Early dominant,2.285198926925659,3.4402899742126465,False,0.6666666666666666,6,-0.5653428453238561,1.5673773766560637,0.5629594412871796,0.7071067811865474
raxxo,Raxxo,LFL2,2024,Summer,sup,Esprit Shōnen,1,1,Profil neutre,4.710236072540283,5.391078948974609,False,0.3888888888888889,18,0.411112934797831,-0.6603322005078662,-0.7666668103670327,-0.3552957653966828
rayito,Rayito,LVP SL,2024,Spring,bot,Ramboot Club,0,0,Profil neutre,6.144967079162598,11.352889060974121,False,0.6,10,-0.5200229899156834,0.9495889155150778,-1.4242745321079218,0.7581614259258517
rayito,Rayito,LVP SL,2024,unknown,bot,Veni Vidi Vici,2,2,Profil équilibré,5.9001784324646,8.399209976196289,False,0.7272727272727273,11,0.7071067811865459,-0.7071067811865476,0.7071067811865476,0.7071067811865476
rayito,Rayito,LVP SL,2025,Spring,bot,Veni Vidi Vici,2,2,Profil équilibré,6.074738025665283,11.420818328857422,False,0.5333333333333333,15,-0.4588938709085132,0.0193779296919089,-0.3898242958524315,0.4187031390022674
rayito,Rayito,LVP SL,2025,Summer,bot,Veni Vidi Vici,2,2,Profil équilibré,5.716694355010986,10.907910346984863,False,0.4285714285714285,14,0.543234170041817,-1.040908844112295,-1.001812408383868,-0.1032758173342013
rayito,Rayito,LVP SL,2025,Winter,bot,Veni Vidi Vici,2,2,Profil équilibré,6.084560871124268,11.146666526794434,False,0.55,20,0.5522547296259631,0.1151836124003667,-0.4923707271606457,0.4395525162691745
raïto,Raïto,LFL2,2024,Spring,sup,Ici Japon Corp. Esport,1,1,Profil neutre,5.2694268226623535,5.622722625732422,False,0.6666666666666666,6,-0.6010253824087947,-0.719044581588775,-0.7514616976457829,0.7071067811865474
raïto,Raïto,LFL2,2024,Summer,sup,Ici Japon Corp. Esport,1,1,Profil neutre,5.2967681884765625,5.921013355255127,False,0.8333333333333334,18,-0.113766457447474,-1.1571832016864472,-1.1274149511590408,1.6730288483542723
raïto,Raïto,LFL2,2024,unknown,sup,Ici Japon Corp. Esport,0,0,High DPS | Versatile | High performer,4.160004138946533,7.290820598602295,False,0.8181818181818182,22,-0.0622647096035581,0.2278304401961096,-0.0774238365026006,1.5693319096427378
raïto,Raïto,LFL2,2025,unknown,sup,NEO ZEPHYR,1,1,Profil neutre,6.5825114250183105,3.809832811355591,False,0.4,5,-0.9271078319265156,-1.1467056108060882,-1.084264995637084,-0.8728715609439699
redstrike,Redstrike,NLC,2026,Summer,sup,Rich Gang,2,2,Farmer dominant | Lane bully | Early dominant,3.592381477355957,2.6813511848449707,False,0.1428571428571428,7,-0.3744232179207085,1.0401063541862656,-0.6040373084541379,-1.4413245271208426
reeker,Reeker,LFL,2024,Spring,mid,Team BDS Academy,0,0,High DPS | Farmer dominant | Lane bully | Early dominant,12.275885581970215,2.2670342922210693,True,0.76,25,0.760286356130367,-0.8021411990294334,1.7891977126108634,1.6897034024768982
reeker,Reeker,LFL,2024,Summer,mid,Team BDS Academy,0,0,High DPS | Farmer dominant | Lane bully | Early dominant,12.332843780517578,2.491905450820923,True,0.7931034482758621,29,1.496866008408725,0.0965619633731139,1.3118213097277167,1.4704648026294176
reeker,Reeker,PRM,2026,Spring,mid,Berlin International Gaming,0,0,High DPS | Farmer dominant | Lane bully | Early dominant,12.183439254760742,2.822942018508911,False,0.6304347826086957,46,0.8733727884023593,-1.1248539794470815,1.0640552127448109,0.8108513430250345
reeker,Reeker,PRM,2026,Summer,mid,Berlin International Gaming,0,0,High DPS | Farmer dominant | Lane bully | Early dominant,10.202698707580566,1.1727930307388306,False,0.7,20,1.4153269030436717,-0.1809419680547422,0.7414342428687223,1.015376355107987
reeker,Reeker,PRM,2026,Winter,mid,Berlin International Gaming,0,0,High DPS | Farmer dominant | Lane bully | Early dominant,12.238408088684082,2.889237880706787,False,0.7333333333333333,15,0.7403295313669387,-0.8227654088992382,0.978714731342266,1.52757385841567
reje,reje,NLC,2025,Spring,bot,KAOS e-sport,0,0,Profil neutre,4.8433356285095215,12.605334281921387,False,0.3333333333333333,6,-0.7487505718369767,-0.0226596131430222,-0.8624070514973502,-0.4372143928577748
reje,reje,NLC,2025,Spring,mid,KAOS e-sport,2,2,Profil neutre,5.604333400726318,3.6673831939697266,False,0.25,8,0.5893784166202976,0.1445478261270967,-0.2015765379715113,-0.8295397339970452
reje,reje,NLC,2025,Summer,bot,KAOS e-sport,2,2,Profil équilibré,5.478897571563721,10.264845848083496,False,0.125,8,-0.7163257794945368,-0.5491408591743788,-0.0182571296478041,-0.932381907780384
reje,reje,NLC,2026,Spring,bot,Bulldog Esports,0,0,Profil neutre,6.131944179534912,11.75173282623291,False,0.4545454545454545,11,-1.07307313577244,0.0635680478675364,-0.6710083799994884,-0.0951884810217185
rekkles,Rekkles,NLC,2025,Spring,sup,Los Ratones,2,2,Farmer dominant | Lane bully | Early dominant,0.6341985464096069,4.645395755767822,True,0.9,20,1.231147275599123,2.2250536490195856,1.7012112597502038,1.963229915788293
rekkles,Rekkles,NLC,2025,Summer,sup,Los Ratones,2,2,Farmer dominant | Lane bully | Early dominant,0.7767747640609741,4.598654270172119,True,0.9230769230769232,13,-0.0274714373654051,1.277239819319009,1.863665616705531,1.6449751445825445
rekkles,Rekkles,NLC,2025,Winter,sup,Los Ratones,2,2,Farmer dominant | Lane bully | Early dominant,0.7157451510429382,4.485762596130371,True,0.9333333333333332,15,0.0254052057419831,2.6055497168126065,2.164031806904026,2.170327592267737
relative,Relative,PRM,2024,Spring,mid,E WIE EINFACH E-SPORTS,2,2,Profil neutre,3.5279624462127686,3.0743517875671387,False,0.5,18,-1.332285625379463,-0.6923443044841753,-1.225107429551838,0.0
relative,Relative,PRM,2024,Summer,mid,E WIE EINFACH E-SPORTS,2,2,Profil neutre,5.1838884353637695,3.3731236457824707,False,0.3333333333333333,18,-1.408316296324692,0.0710556737442715,-1.5125285332739595,-1.0062305898749049
relative,Relative,PRM,2025,Finals,mid,E WIE EINFACH E-SPORTS,2,2,Profil neutre,5.007836818695068,3.1917097568511963,False,0.4,5,-1.1343585837465555,-0.3702914965059198,-1.7935748960145124,-0.8846285939907663
relative,Relative,PRM,2025,Spring,mid,E WIE EINFACH E-SPORTS,1,1,Profil neutre,7.865919589996338,2.4297103881835938,False,0.44,25,-1.661370640592071,-0.4690335238389057,-0.567754388485004,-0.4690513515046715
relative,Relative,PRM,2025,Summer,mid,E WIE EINFACH E-SPORTS,2,2,Profil neutre,4.737229347229004,1.9011244773864746,False,0.3846153846153846,13,-1.036122852225951,-1.1574534038219615,-1.333142746767245,-0.4264876566895455
relative,Relative,PRM,2025,Winter,mid,E WIE EINFACH E-SPORTS,1,1,Profil neutre,9.313994407653809,4.091174602508545,False,0.5909090909090909,22,-0.683629587580254,0.1447277261637121,-0.3257112887758972,0.6826475678056283
relative,Relative,PRM,2026,Spring,mid,E WIE EINFACH E-SPORTS,1,1,Profil neutre,7.68986177444458,1.7503836154937744,False,0.5666666666666667,30,-0.3483470696832333,-0.1967607388973935,-0.1264012627887826,0.5264599143011781
relative,Relative,PRM,2026,Summer,mid,E WIE EINFACH E-SPORTS,1,1,Profil neutre,7.739952087402344,1.6285455226898193,False,0.5,24,-1.2274681030464691,1.06002358948114,-0.25427052402339,0.014709431388016
relative,Relative,PRM,2026,Winter,mid,E WIE EINFACH E-SPORTS,2,2,Profil neutre,5.914358615875244,1.5080668926239014,False,0.3333333333333333,9,-1.3431987505566558,-0.1860899923796744,-0.9522780249582664,-0.7658725699743931
renewal,Renewal,NLC,2025,Spring,jng,Rich Gang,1,1,Profil neutre,8.711163520812988,1.651309609413147,False,0.0,7,-0.9005148116604229,-0.5762244304839681,-1.1728708294879635,-1.878218811696159
reptile,Reptile,PRM,2025,Spring,bot,CGN Esports,2,2,Profil équilibré,6.156107425689697,11.400544166564941,False,0.6666666666666666,21,-1.00564153088562,0.0096759290057793,-1.0285687384582802,1.2399535978497294
reptile,Reptile,PRM,2025,Spring,bot,Dung Dynasty,2,2,Profil équilibré,7.79065465927124,10.74866008758545,False,0.7,10,-0.6206570766673606,1.2821103920229222,0.7332189383404166,1.4912778551077297
reptile,Reptile,PRM,2025,Summer,bot,CGN Esports,0,0,Profil neutre,6.345819473266602,10.882110595703125,False,0.4285714285714285,7,-0.7826960274370804,1.0276391069432276,-0.5191572087766533,-0.2457976824210071
reptile,Reptile,PRM,2026,unknown,bot,CGN Esports,1,1,High DPS | Farmer dominant | Lane bully | Early dominant | High performer,7.963554382324219,10.642387390136719,False,0.75,8,1.041008928886521,-0.4007583363143941,1.4879618131400918,1.1955800954791285
revanche,Revanche,TCL,2026,Summer,sup,Shark Attack,1,1,Profil neutre,6.343209266662598,2.849766254425049,False,0.2857142857142857,7,-0.4401458064227153,-0.6793446738728403,-1.6325079399853613,-0.5756388146675063
rexat,Rexat,NLC,2024,unknown,sup,42 Gaming,1,1,Profil neutre,3.594740390777588,3.6453988552093506,False,0.2857142857142857,14,-0.3939525616233221,-0.0500644898257242,0.0165171033456979,-1.4383232864826818
rhilech,Rhilech,LFL,2024,Summer,jng,BK ROG Esports,2,2,Profil neutre,4.184889316558838,0.7905668616294861,True,0.5416666666666666,24,0.1054667874718414,0.3748035529711074,-0.0450074923519746,0.3462659727760819
rhilech,Rhilech,LFL,2025,Flash In,jng,BK ROG Esports,2,2,Profil neutre,4.577121734619141,-0.30834507942199707,True,0.5833333333333334,12,1.5383896854505956,0.3277747958312678,-0.4180944013700112,0.5610338471034718
rhilech,Rhilech,LFL,2025,Spring,jng,BK ROG Esports,0,0,High DPS | Farmer dominant | Lane bully | Early dominant | High performer,-0.4010184407234192,-1.0025559663772583,True,0.6764705882352942,34,0.6621016976731379,1.9118460770049324,1.2625254992264183,1.3551016537812146
rhuckz,Rhuckz,LVP SL,2024,Spring,sup,Case Esports,1,1,Profil neutre,4.027894973754883,4.48522424697876,False,0.6296296296296297,27,0.2185430357783694,-0.7754838498801948,-0.2028380888385401,0.9091990811919444
rhuckz,Rhuckz,LVP SL,2024,Summer,sup,Movistar KOI,2,2,Farmer dominant | Lane bully | Early dominant,3.0687646865844727,4.701355934143066,False,0.6086956521739131,23,-0.24513674042557,-0.0950112315023141,-0.0170300920361129,0.7289500918622145
rhuckz,Rhuckz,LVP SL,2025,Spring,sup,Ramboot Club,1,1,Profil neutre,3.3757073879241943,2.7437386512756348,False,0.4,15,-0.763716080124786,0.509895698474342,-0.5368740496347428,-0.2112480878904371
rhythm,Rhythm,NLC,2025,Spring,bot,Rich Gang,0,0,Profil neutre,4.7257843017578125,12.374975204467773,False,0.0,7,-1.842182470627931,-0.6903710702040511,-1.0499407758037809,-1.8758232345242931
richu,Richu,PRM,2026,Summer,sup,Eintracht Frankfurt,1,1,Profil neutre,5.68326473236084,5.758850574493408,False,0.1578947368421052,19,-0.6837270896195791,0.5502072789368251,-1.7835286560500574,-1.6969576749750923
richu,Richu,PRM,2026,unknown,sup,Eintracht Frankfurt,0,0,High DPS | Versatile | High performer,2.768770456314087,6.103827953338623,False,0.4444444444444444,9,0.9700373416587176,0.5924452362428397,-0.4332481240008913,-0.2656844656620287
riippp,Riippp,LFL,2026,unknown,sup,ZYB Esport,2,2,Farmer dominant | Lane bully | Early dominant,2.111997127532959,2.4993975162506104,False,0.3428571428571428,35,0.907734327530025,0.9899682992162986,-0.2682210185671647,-0.6087426122396251
rin,Rin,LVP SL,2024,Summer,bot,Ramboot Club,1,1,High DPS | Farmer dominant | Lane bully | Early dominant | High performer,10.963223457336426,9.196352005004883,False,0.6428571428571429,28,1.0122775015943206,1.3266008949224175,0.1055722093894704,0.9180646022060388
rin,Rin,LVP SL,2025,Final Four,bot,Team Heretics Academy,1,1,High DPS | Farmer dominant | Lane bully | Early dominant | High performer,8.580307006835938,9.474966049194336,False,0.5,8,-0.7071067811865483,0.7071067811865485,0.7071067811865476,-0.7071067811865475
rin,Rin,LVP SL,2025,Spring,bot,Team Heretics Academy,1,1,High DPS | Farmer dominant | Lane bully | Early dominant | High performer,11.558023452758789,7.777492523193359,False,0.6190476190476191,21,1.248166846733797,1.4885240521898029,1.7534082486444733,0.8236717848618634
rin,Rin,LVP SL,2025,Summer,bot,Team Heretics Academy,1,1,High DPS | Farmer dominant | Lane bully | Early dominant | High performer,10.588312149047852,7.674101829528809,False,0.5652173913043478,23,0.4779109934345482,0.8149943562680911,1.086078587351244,0.5068503103183907
rin,Rin,LVP SL,2025,Winter,bot,Team Heretics Academy,1,1,High DPS | Farmer dominant | Lane bully | Early dominant | High performer,11.418811798095703,7.597366809844971,False,0.8,20,1.2894524819346105,1.6362025061360683,1.0718171092795163,1.516501252369597
rin,Rin,PRM,2026,Spring,bot,G2 NORD,1,1,High DPS | Farmer dominant | Lane bully | Early dominant | High performer,9.409904479980469,7.76207160949707,False,0.6590909090909091,44,0.9042935891150984,-0.018619972875037,0.8951331695685019,0.9502728785056987
rin,Rin,PRM,2026,Summer,bot,G2 NORD,1,1,High DPS | Farmer dominant | Lane bully | Early dominant | High performer,10.843635559082031,8.33871078491211,False,0.7368421052631579,19,-0.2828058484458326,0.2934896319150512,1.5693869083819536,1.2120868521622203
rin,Rin,PRM,2026,Winter,bot,G2 NORD,1,1,High DPS | Farmer dominant | Lane bully | Early dominant | High performer,9.852113723754883,8.030350685119629,False,0.6,15,0.0084431875455981,0.630524424229556,0.5805046491365055,0.7630917156189817
robocop,Robocop,NLC,2026,Summer,top,Ruddy Corporation,1,1,Carry agressif | High DPS | Farmer dominant | Lane bully | Early dominant,10.247430801391602,7.729673385620117,False,0.85,20,0.2972580746435759,1.0717669428381231,1.3370225836721448,1.7235348594560296
rocklho,Rocklho,PRM,2025,Finals,top,E WIE EINFACH E-SPORTS,1,1,Carry agressif | High DPS | Farmer dominant | Lane bully | Early dominant,9.602852821350098,5.347072601318359,False,0.4,5,0.6443540194979649,-0.4850614894362733,0.3531389189788689,-0.8846285939907654
rocklho,Rocklho,PRM,2025,Spring,top,E WIE EINFACH E-SPORTS,0,0,Profil neutre,4.282566070556641,5.1572418212890625,False,0.44,25,-1.872084148346084,-0.9773670893686894,-1.321239267915746,-0.4690513515046723
rocklho,Rocklho,PRM,2025,Summer,top,E WIE EINFACH E-SPORTS,2,2,Profil neutre,5.128341197967529,5.3461432456970215,False,0.3846153846153846,13,-0.6345891125276343,-0.5854016026723579,-0.526549451209231,-0.4264876566895451
rocklho,Rocklho,PRM,2025,Winter,top,E WIE EINFACH E-SPORTS,2,2,Profil neutre,4.763688087463379,7.241693496704102,False,0.5909090909090909,22,-0.3356498583574411,-1.2047096590498618,-1.3011676139613406,0.6789287452373107
romeo,Romeo,NLC,2024,Spring,sup,NORD Esports,1,1,Profil neutre,6.08004903793335,4.6507391929626465,False,0.5,22,-1.006356528000263,-1.4513842796765024,-0.3058376092022787,0.3244047240922477
romeo,Romeo,NLC,2024,Summer,sup,NORD Esports,1,1,Profil neutre,5.667351245880127,4.31596565246582,False,0.5909090909090909,22,-1.484676525239991,-0.3921501700306576,-0.8155330132715346,0.6492975317207713
ronaldo,Ronaldo,NLC,2025,Winter,mid,Verdant,0,0,High DPS | Farmer dominant | Lane bully | Early dominant,11.307229042053223,1.8929882049560547,False,0.4444444444444444,18,1.3726450912901638,0.8203558720785395,1.6091965586081178,-0.1523320335262635
ronaldo,Ronaldo,NLC,2026,Spring,mid,Bulldog Esports,0,0,High DPS | Farmer dominant | Lane bully | Early dominant,11.059679985046387,2.019329786300659,False,0.4545454545454545,11,0.7068015876813608,0.5129592890553379,0.7703063855543841,-0.0951884810217185
ronaldo,Ronaldo,NLC,2026,Summer,mid,Bulldog Esports,0,0,High DPS | Farmer dominant | Lane bully | Early dominant,11.58391284942627,2.068464517593384,False,0.4736842105263157,19,0.956418775003122,1.1781789031491714,1.3412279393835955,0.1412514267921143
ronaldo,Ronaldo,TCL,2025,Spring,mid,Bushido Wildcats,1,1,Profil neutre,9.917831420898438,0.6089804768562317,False,0.4285714285714285,7,0.6364758621878294,0.376002076727261,-0.0148338999514553,-0.208012784176895
roshan,Roshan,NLC,2024,Spring,jng,NORD Esports,2,2,Profil neutre,3.8281455039978027,1.6889851093292236,False,0.5,22,-0.7644272022131664,-0.1391278460965851,0.2626734009097191,0.160758907248259
royalkanin,RoyalKanin,PRM,2025,Finals,mid,ROSSMANN Centaurs,1,1,Profil neutre,8.848152160644531,3.785705327987671,False,0.6153846153846154,13,0.5761550157332881,-1.8313493684961448,1.115659719326926,0.9875787722956312
royalkanin,RoyalKanin,PRM,2025,Spring,mid,ROSSMANN Centaurs,1,1,Profil neutre,9.822773933410645,3.718177318572998,False,0.4848484848484848,33,-1.1860584983141385,-0.4021581890767112,0.1982822983603575,-0.1309059871939074
royalkanin,RoyalKanin,PRM,2025,Summer,mid,ROSSMANN Centaurs,2,2,Profil neutre,5.473365783691406,1.1857134103775024,False,0.5333333333333333,15,-1.597066081361074,-1.2218729761594866,-1.079195736768139,0.1848467562523419
royalkanin,RoyalKanin,PRM,2025,Winter,mid,ROSSMANN Centaurs,2,2,Profil neutre,5.941540241241455,2.5766263008117676,False,0.2727272727272727,11,-0.4805318113727854,0.0464666502392083,-0.309857651083936,-1.0875436967242993
royalkanin,RoyalKanin,PRM,2026,Spring,mid,Unicorns of Love Sexy Edition,1,1,Profil neutre,9.810222625732422,3.887239694595337,False,0.4857142857142857,35,-1.2675156138846106,-0.3030528954107111,0.3502986450323098,0.1654305356290099
royalkanin,RoyalKanin,PRM,2026,Summer,mid,Unicorns of Love Sexy Edition,1,1,Profil neutre,6.974631309509277,2.039802312850952,False,0.7368421052631579,19,-0.533056546287054,-0.6554269723564031,-0.5895610919306901,1.199709735793245
royalkanin,RoyalKanin,PRM,2026,Winter,mid,Unicorns of Love Sexy Edition,1,1,Profil neutre,7.512453556060791,2.659850597381592,False,0.6,15,-0.7821021224414936,-0.2508079204806243,-0.1393810743644275,0.7630917156189824
royeq,Royeq,NLC,2026,Winter,bot,Lundqvist Lightside,2,2,Profil équilibré,6.451626777648926,11.477629661560059,False,0.4285714285714285,7,-0.5043513514204812,-0.0252974797462953,-0.209828759662005,-0.0844515703155497
rud kaermo,RUD Kaermo,NLC,2026,Spring,top,Ruddy Corporation,0,0,Profil neutre,3.148545742034912,4.89271879196167,False,0.5714285714285714,7,-1.53501309208833,-1.2528135518629722,-1.2818630206682793,0.4819803369765503
ruep,Ruep,TCL,2024,Summer,bot,Dark Passage,1,1,High DPS | Farmer dominant | Lane bully | Early dominant | High performer,9.054634094238281,7.155040264129639,False,0.5757575757575758,33,0.7159372990203771,-0.0173967137091132,0.6228871883738452,0.5354190239583907
ruep,Ruep,TCL,2024,Winter,bot,BoostGate Esports,1,1,High DPS | Farmer dominant | Lane bully | Early dominant | High performer,9.023847579956055,7.113903999328613,False,0.6538461538461539,26,1.5632742909750406,-0.1365142737821353,1.1718117977118043,0.8355569734724226
ruep,Ruep,TCL,2025,Spring,bot,Eternal Fire,1,1,High DPS | Farmer dominant | Lane bully | Early dominant | High performer,7.260280609130859,8.916356086730957,False,0.2142857142857142,14,0.8436651823552014,0.5206484991635536,0.9295201685845024,-1.6276208432318309
ruep,Ruep,TCL,2025,Summer,bot,Beşiktaş Esports,1,1,High DPS | Farmer dominant | Lane bully | Early dominant | High performer,10.040804862976074,7.051446437835693,False,0.6363636363636364,22,0.7292949331827712,0.5870840181525518,0.6470894233005132,0.8546769003423105
ruep,Ruep,TCL,2025,Winter,bot,Eternal Fire,1,1,High DPS | Farmer dominant | Lane bully | Early dominant | High performer,9.652295112609863,6.84891414642334,False,0.7272727272727273,22,1.3642422006305988,-0.9818546448290584,0.7126103083751891,1.3825115987639571
ruep,Ruep,TCL,2026,Spring,bot,Misa Esports,1,1,High DPS | Farmer dominant | Lane bully | Early dominant | High performer,11.107172966003418,8.5641508102417,False,0.9411764705882352,17,0.5826531460704356,0.7334764166032199,1.268689037102563,1.92646714029371
ruep,Ruep,TCL,2026,Summer,bot,Bushido Wildcats,1,1,High DPS | Farmer dominant | Lane bully | Early dominant | High performer,10.265469551086426,6.9804253578186035,False,0.7391304347826086,23,1.260551450608481,0.2340008992153212,0.8972237495882821,1.3103712524213151
rustysniper,RustySniper,LFL2,2024,Summer,bot,Project Conquerors,1,1,High DPS | Farmer dominant | Lane bully | Early dominant | High performer,8.72176456451416,7.483129978179932,False,0.4444444444444444,18,0.5976228045588245,-0.644857360249699,1.1885758595752876,-0.2475010763704878
rustysniper,RustySniper,LVP SL,2025,Spring,bot,Guasones,0,0,Profil neutre,5.154969692230225,11.967643737792969,False,0.0,9,-0.9589044531720214,-0.6277143901935683,-0.3237619561541587,-2.101101768568552
rustysniper,RustySniper,NLC,2024,Spring,bot,Nativz,1,1,High DPS | Farmer dominant | Lane bully | Early dominant | High performer,10.006025314331055,6.859072208404541,False,0.4285714285714285,14,1.528905772802149,0.2332287954446366,0.5922763875476902,-0.1298477318757859
rustysniper,RustySniper,NLC,2025,Winter,bot,Lundqvist Lightside,2,2,Profil équilibré,4.573017120361328,10.084500312805176,False,0.3333333333333333,12,1.8869821457324143,-0.8406869424937018,-0.6787455254537478,-0.6406877925089696
rustysniper,RustySniper,NLC,2025,unknown,bot,Lund Esports Organization,1,1,High DPS | Farmer dominant | Lane bully | Early dominant | High performer,10.611700057983398,7.238497734069824,False,0.7647058823529411,17,1.5161656525788247,1.040403244645728,1.0397394242174305,1.7166730905111205
rustysniper,RustySniper,NLC,2026,Winter,bot,Lund Esports Organization,2,2,Profil équilibré,5.756574630737305,8.535030364990234,False,0.625,8,0.6999282873616203,-0.9313023358904428,-0.2020807254472248,0.6633753940171373
rutzou,Rutzou,NLC,2024,unknown,sup,KAOS e-sport,0,0,High DPS | Versatile | High performer,1.052340030670166,6.524064064025879,False,0.75,12,0.7440283139527674,-0.1791367510784517,1.113299042860986,1.4561655121776087
rutzou,Rutzou,NLC,2025,Winter,sup,KAOS e-sport,1,1,Profil neutre,4.887816429138184,4.501131057739258,False,0.3636363636363636,11,0.255672641170174,0.0475526788295772,-0.0689512940281167,-0.5092510398386534
rychly,Rychly,PRM,2025,unknown,sup,DKB XPERION NXT,0,0,High DPS | Versatile | High performer,4.140262603759766,6.275547504425049,False,0.4166666666666667,12,0.5128211830484174,-1.1370587252054796,-0.6180974527223362,-1.1425264714123282
ryuk,Ryuk,LFL2,2025,Summer,bot,Lille Esport,1,1,High DPS | Farmer dominant | Lane bully | Early dominant | High performer,7.828097820281982,8.749641418457031,False,0.5384615384615384,13,1.5615493330712844,0.9815818150902208,1.2580046635980937,0.4524600371869404
ryuk,Ryuk,PRM,2026,Spring,bot,TeamOrangeGaming,1,1,High DPS | Farmer dominant | Lane bully | Early dominant | High performer,8.94929313659668,8.720905303955078,False,0.6086956521739131,23,0.6020876303736038,0.4256245422349189,0.8796542033680022,0.7438763719791966
ryuk,Ryuk,PRM,2026,Summer,bot,TeamOrangeGaming,2,2,Profil équilibré,5.192232608795166,10.057419776916504,False,0.3157894736842105,19,-0.3848859131620151,0.4916883857494022,0.2586233267638907,-0.8932089654448646
ryuk,Ryuk,PRM,2026,Winter,bot,TeamOrangeGaming,1,1,High DPS | Farmer dominant | Lane bully | Early dominant | High performer,7.361603736877441,8.548335075378418,False,0.3333333333333333,6,1.8092920249337991,-0.613785873977799,2.272288480884771,-0.7658725699743937
ryuzaki,Ryuzaki,LFL,2024,Spring,jng,Aegis,1,1,Profil neutre,8.59361743927002,1.3003103733062744,False,0.1666666666666666,18,-1.0892574329228852,-0.7688767868538523,-0.755648793791572,-1.8672805514023951
ryuzaki,Ryuzaki,LVP SL,2024,Summer,jng,Guasones,1,1,Profil neutre,5.251698970794678,2.4645020961761475,False,0.3888888888888889,18,-1.4165625504104982,-1.1000072303790212,0.3075886282319802,-0.4495773992265996
röyhkeä,Röyhkeä,NLC,2025,unknown,mid,Epic Avalanche,2,2,Profil neutre,5.833377838134766,3.4187233448028564,False,0.5555555555555556,9,0.9681339860472744,-0.6878304163270027,-1.697939031631848,-0.0740653575499109
röyhkeä,Röyhkeä,NLC,2026,Summer,mid,Epic Avalanche,2,2,Profil neutre,5.2208075523376465,2.9212334156036377,False,0.0,6,-0.1271638466019041,-0.7525234895786052,-0.8983643157465376,-1.873075756713884
sacre,Sacre,PRM,2024,Spring,top,FC Schalke 04 Esports,2,2,Profil neutre,7.428443908691406,7.878119945526123,False,0.5,18,-0.2218460870404849,-0.0436253130896222,0.1626887126554741,-0.0125462164558564
sacre,Sacre,PRM,2024,Summer,top,FC Schalke 04 Esports,1,1,Carry agressif | High DPS | Farmer dominant | Lane bully | Early dominant,8.912227630615234,8.42588996887207,False,0.6666666666666666,18,1.3119938745824735,-0.364356847858284,0.1125378032660883,0.9667747172185892
sacre,Sacre,PRM,2024,unknown,top,FC Schalke 04 Esports,2,2,Profil neutre,6.904971599578857,7.149019718170166,False,0.4166666666666667,12,-0.7842568645081505,0.69265135912838,-0.0723707397072297,-0.4104367534165192
sacre,Sacre,PRM,2025,Spring,top,Eintracht Frankfurt,1,1,Carry agressif | High DPS | Farmer dominant | Lane bully | Early dominant,9.378009796142578,7.359168529510498,False,0.2857142857142857,21,1.0492121541829975,1.6666974948712527,0.7476701757059069,-1.632323627955988
sacre,Sacre,PRM,2025,Summer,top,Eintracht Frankfurt,1,1,Carry agressif | High DPS | Farmer dominant | Lane bully | Early dominant,8.647432327270508,7.80269718170166,False,0.5833333333333334,12,0.6630261012761345,-0.0174885051227401,0.0024441998009026,0.3903816019828048
sacre,Sacre,PRM,2025,Winter,top,Eintracht Frankfurt,1,1,Carry agressif | High DPS | Farmer dominant | Lane bully | Early dominant,8.829310417175293,7.478429794311523,False,0.5,14,0.733181968120629,0.7601711562535242,-0.0808273066058654,0.1730318662730844
saintsamson,SaintSamson,NLC,2024,unknown,top,Garden Gaming,1,1,Carry agressif | High DPS | Farmer dominant | Lane bully | Early dominant,8.596514701843262,8.12150764465332,False,0.5,16,1.72300000434338,0.0053823326379406,0.5638539478244164,-0.0981219955511817
saintsamson,SaintSamson,NLC,2025,Summer,top,Lundqvist Lightside,1,1,Carry agressif | High DPS | Farmer dominant | Lane bully | Early dominant,9.412456512451172,7.160153865814209,False,0.6,10,1.0054359966798725,0.3270506580220406,0.789366897076787,0.518873287191885
sajator,SAJATOR,LVP SL,2024,Spring,mid,Barça eSports,2,2,Profil neutre,5.159653663635254,2.3295607566833496,False,0.2352941176470588,17,-1.001679276034993,-2.08320513209881,-0.397739879659322,-1.4309164559619802
sajator,SAJATOR,LVP SL,2024,Summer,mid,Barça eSports,0,0,High DPS | Farmer dominant | Lane bully | Early dominant,12.266388893127441,2.622602701187134,False,0.6,30,1.3160490737102046,-0.3931315096495668,1.4256307558829395,0.6920436371151393
sajator,SAJATOR,LVP SL,2025,Spring,mid,Team Heretics Academy,1,1,Profil neutre,9.829629898071289,3.8146212100982666,False,0.6190476190476191,21,-1.2977675081996207,0.4716644468019719,0.6478667289023932,0.8236717848618641
sajator,SAJATOR,LVP SL,2025,Winter,mid,Team Heretics Academy,1,1,Profil neutre,8.829654693603516,3.982938766479492,False,0.8,20,0.8648804708187865,-1.671223614096835,0.595417656542826,1.516501252369597
sajator,SAJATOR,PRM,2026,Spring,mid,TeamOrangeGaming,0,0,High DPS | Farmer dominant | Lane bully | Early dominant,11.909896850585938,1.279986023902893,False,0.6086956521739131,23,1.528378250890948,1.636813045691172,1.3133782670118948,0.7138997195964472
sajator,SAJATOR,PRM,2026,Summer,mid,TeamOrangeGaming,0,0,High DPS | Farmer dominant | Lane bully | Early dominant,10.736831665039062,2.0970187187194824,False,0.3157894736842105,19,0.5840276545030434,0.3454084122109049,1.4436142861864123,-0.9069574720382731
sajator,SAJATOR,PRM,2026,Winter,mid,TeamOrangeGaming,2,2,Profil neutre,6.199079513549805,1.0068432092666626,False,0.3333333333333333,6,-0.2986152730776717,-1.0321365565471563,-0.5584045024891456,-0.7658725699743931
saken,SAKEN,LFL,2026,unknown,mid,French Flair,0,0,High DPS | Farmer dominant | Lane bully | Early dominant,11.833773612976074,1.1337612867355347,False,0.68,25,1.2610023333334253,1.0575692828355394,1.0760088040510551,1.3258428285284802
saken,SAKEN,LFL,2026,unknown,mid,ZYB Esport,2,2,Profil neutre,5.58687162399292,3.011336326599121,False,0.25,12,0.2843791883732574,0.2539847520820467,-1.1477447116229271,-1.0110676045865248
samd,SamD,LFL,2024,Spring,bot,BK ROG Esports,1,1,High DPS | Farmer dominant | Lane bully | Early dominant | High performer,11.611249923706055,8.217511177062988,True,0.5454545454545454,22,1.5829447616044874,0.9455104761744556,1.73153006337115,0.4035212577646715
samd,SamD,LFL,2024,Summer,bot,BK ROG Esports,1,1,High DPS | Farmer dominant | Lane bully | Early dominant | High performer,11.002665519714355,8.913137435913086,True,0.5416666666666666,24,-0.0701932302732384,1.4875952523652651,0.6021164061298943,0.3462659727760819
samd,SamD,LFL,2025,Flash In,bot,Ici Japon Corp. Esport,1,1,High DPS | Farmer dominant | Lane bully | Early dominant | High performer,11.27563190460205,7.954073429107666,True,0.5,20,1.488795244311212,1.2531976859794305,1.01710032830345,0.1091376136649696
samd,SamD,LFL,2025,Spring,bot,Ici Japon Corp. Esport,1,1,High DPS | Farmer dominant | Lane bully | Early dominant | High performer,11.434346199035645,7.652960300445557,True,0.5263157894736842,19,1.4842141461484288,1.5223279644446976,1.7316777111004076,0.4103158278198043
sangrod,Sangrod,LVP SL,2025,Spring,top,ZETA,0,0,Profil neutre,5.0834527015686035,5.22248649597168,False,0.3333333333333333,9,-0.0208040985334064,-0.3716792141413447,-1.274489140950268,-0.5262237013367896
sangrod,Sangrod,TCL,2026,Spring,top,Dark Passage,2,2,Profil neutre,5.773723125457764,5.3301191329956055,False,0.1538461538461538,13,1.0725675023861203,-0.5075673612097027,-1.052064128953744,-1.3317067075742164
sangrod,Sangrod,TCL,2026,Summer,top,Shark Attack,2,2,Profil neutre,8.336503982543945,4.961977481842041,False,0.2222222222222222,9,2.0390575499233603,0.5342036699626751,0.0054930194219694,-0.7873291498212202
santorin,Santorin,NLC,2025,Winter,jng,NORD Esports,0,0,High DPS | Farmer dominant | Lane bully | Early dominant | High performer,2.6700053215026855,-0.5582691431045532,False,0.55,20,0.754857804711482,0.883335151763695,0.5105576873050182,0.3673132467280648
santorin,Santorin,PRM,2025,Spring,jng,Eintracht Spandau,2,2,Profil neutre,3.8073132038116455,2.0839507579803467,False,0.5714285714285714,7,-0.983043376063132,-0.7035800781507467,-0.0639910441198586,0.5864251803332216
santorin,Santorin,PRM,2025,Summer,jng,Eintracht Spandau,1,1,Profil neutre,8.202142715454102,0.9846875667572021,False,0.0,8,-1.5115013467224925,-0.8287856815402824,-1.043383699479344,-2.0664873025477006
santorin,Santorin,PRM,2025,unknown,jng,Eintracht Spandau,1,1,Profil neutre,7.100688934326172,2.8965823650360107,False,0.6,5,-1.1546911579127843,-1.1471849756363908,-1.0496180481347333,0.7160905348992759
saviour,Saviour,LVP SL,2024,unknown,sup,ZETA,1,1,Profil neutre,3.771468162536621,2.506540298461914,False,0.375,8,-0.7071067811865483,0.7071067811865476,-0.7071067811865476,-0.7071067811865476
sayn,Sayn,LFL,2026,unknown,mid,BK ROG Esports,0,0,High DPS | Farmer dominant | Lane bully | Early dominant,9.494475364685059,0.01826626993715763,False,0.5,12,-0.9382700176830492,2.108163693361921,0.4882075617772526,0.3476012518756873
sayn,Sayn,LFL2,2025,Spring,mid,IziDream,0,0,High DPS | Farmer dominant | Lane bully | Early dominant,11.21725082397461,0.8413147926330566,False,0.4285714285714285,14,0.4409719985536102,1.291440874116219,1.616405153669001,0.0871830609660698
sayn,Sayn,LFL2,2025,Summer,mid,IziDream,0,0,High DPS | Farmer dominant | Lane bully | Early dominant,10.140212059020996,-0.06885456293821335,False,0.6,25,0.934959509535149,1.2498063634079095,1.4567122246294495,0.9270305575187144
sayn,Sayn,LFL2,2025,Winter,mid,IziDream,0,0,High DPS | Farmer dominant | Lane bully | Early dominant,11.144207954406738,1.3417998552322388,False,0.5416666666666666,24,1.1917391558976955,0.9569014231371078,0.715976660318304,0.4269405141623869
sayn,Sayn,NLC,2026,Summer,mid,Verdant,0,0,High DPS | Farmer dominant | Lane bully | Early dominant,11.786398887634277,1.1684868335723877,False,0.7391304347826086,23,1.791316350583379,1.7733892434835918,1.7344624127198895,1.2700531334911276
scarface,Scarface,PRM,2024,Spring,top,NNO Prime,1,1,Carry agressif | High DPS | Farmer dominant | Lane bully | Early dominant,8.51315975189209,8.907873153686523,False,0.7222222222222222,18,-0.4355317295399702,-0.494676992993552,0.97070505523396,0.9353901379866688
scarface,Scarface,PRM,2024,Summer,top,NNO Prime,2,2,Profil neutre,6.696595668792725,5.57639217376709,False,0.4444444444444444,18,-0.9951172233025806,-1.6536765738260972,0.5782507066560836,-0.3506737952235766
scarface,Scarface,PRM,2024,unknown,top,NNO Prime,1,1,Carry agressif | High DPS | Farmer dominant | Lane bully | Early dominant,8.75049877166748,8.621124267578125,False,0.5,18,0.3326682173386423,0.1496506015604351,1.390830857866278,0.1044900085072606
scarlet,Scarlet,PRM,2024,unknown,mid,Spinebusters E-Sport,0,0,High DPS | Farmer dominant | Lane bully | Early dominant,10.16574478149414,1.392343282699585,False,0.5714285714285714,7,1.8724161321849653,-1.3585954537371272,1.3966421960416957,0.5714839981239185
scofield,Scofield,TCL,2024,Summer,jng,Galakticos,1,1,Profil neutre,7.52780818939209,0.8038259148597717,False,0.0,8,0.3397579504010843,-1.4060848652885762,-1.650567320971981,-1.5506037268004698
scofield,Scofield,TCL,2024,unknown,jng,Galakticos,1,1,Profil neutre,7.304290294647217,3.113971471786499,False,0.8571428571428571,7,-0.994170917161732,-1.2816915407079392,-1.002358710153734,1.0718706299357224
scorth,Scorth,TCL,2024,Summer,bot,FUT Esports,2,2,Profil équilibré,7.065957546234131,7.840672016143799,False,0.5,22,0.5424162486458045,-0.1174246265355571,-0.2468360874866277,0.2172301436487406
scorth,Scorth,TCL,2024,Winter,bot,NASR eSports Turkey,2,2,Profil équilibré,6.733299255371094,11.255770683288574,False,0.2857142857142857,14,-0.589721647409735,-0.8883689688308218,0.3633218381442164,-0.7764365145624741
scorth,Scorth,TCL,2025,Spring,bot,Bushido Wildcats,2,2,Profil équilibré,5.492189407348633,10.77873420715332,False,0.3684210526315789,19,-0.8155909238269119,0.3098063228085383,0.001878663380607,-0.6205957866007257
scorth,Scorth,TCL,2025,Summer,bot,Bushido Wildcats,1,1,High DPS | Farmer dominant | Lane bully | Early dominant | High performer,8.088163375854492,7.862605571746826,False,0.6666666666666666,27,0.8269587643445188,0.6801979142516206,0.0435395159056185,0.9644028391590396
scorth,Scorth,TCL,2025,Winter,bot,Bushido Wildcats,2,2,Profil équilibré,6.37172269821167,11.024514198303223,False,0.5,16,-0.0432245704611135,1.0839128109894005,-0.2332349179195361,0.196057824330726
scorth,Scorth,TCL,2026,Kickoff,bot,S2G Esports,1,1,High DPS | Farmer dominant | Lane bully | Early dominant | High performer,9.13676643371582,8.689678192138672,False,0.6,20,0.3164012169229763,1.3403594506815657,0.4867070489479405,0.5828370614585048
scorth,Scorth,TCL,2026,Summer,bot,PCIFIC Esports,2,2,Profil équilibré,8.747200012207031,8.486530303955078,False,0.6363636363636364,22,-0.3163068535451832,0.7415491015751722,0.1090226779779927,0.8859117757625156
scuffed,Scuffed,NLC,2025,Summer,mid,KAOS e-sport,2,2,Profil neutre,4.326964378356934,2.4330761432647705,False,0.1111111111111111,9,-0.4002938386686258,-0.707414710963414,-2.0540622930028025,-1.1512306401645735
scuffed,Scuffed,NLC,2026,Spring,mid,Deer Gaming,1,1,Profil neutre,7.968286037445068,4.2619171142578125,False,0.4705882352941176,17,0.5020475687324089,-0.4980309972852474,-0.2207565355186967,-0.0147441390641478
scuffed,Scuffed,NLC,2026,Summer,mid,Deer Gaming,1,1,Profil neutre,7.536229610443115,3.7971901893615723,False,0.6111111111111112,18,-0.1213925945937694,-0.2830722933508883,-1.2667492129964764,0.7256549923771881
scuffed,Scuffed,NLC,2026,Winter,mid,Deer Gaming,2,2,Profil neutre,6.047461986541748,2.8617022037506104,False,0.5555555555555556,9,-0.8213416067442086,0.6969627584653336,-0.4249309935274482,0.2853701883627237
seal,Seal,LFL2,2025,Winter,sup,Zerance,1,1,Profil neutre,3.924678087234497,3.497602701187134,False,0.2142857142857142,14,-0.9742396356909324,-0.2559690922451493,0.7586790249774077,-1.2257148522460868
seaz,seaz,LVP SL,2024,Spring,sup,GIANTX iTero,0,0,High DPS | Versatile | High performer,1.7211883068084717,6.398276329040527,False,0.5625,32,0.1428267582612441,-0.1724619926162927,0.4747689496949608,0.5169231921984293
seaz,seaz,LVP SL,2024,Summer,sup,GIANTX iTero,1,1,Profil neutre,4.838902950286865,4.4111528396606445,False,0.4285714285714285,21,-0.0482675321152934,-0.2467057997176248,-0.2540855843185925,-0.232441024198234
seaz,seaz,PRM,2025,Finals,sup,Unicorns of Love Sexy Edition,2,2,Farmer dominant | Lane bully | Early dominant,1.3886290788650513,4.234986305236816,False,0.5,14,-0.001737876265401,1.5117671962008978,0.6816946177858286,-0.0153894596435105
seaz,seaz,PRM,2025,Spring,sup,Unicorns of Love Sexy Edition,2,2,Farmer dominant | Lane bully | Early dominant,2.977193593978882,2.0772602558135986,False,0.4545454545454545,22,-1.494951537127366,0.2661209701780354,-1.1649416053413404,-0.3593825847011814
seaz,seaz,PRM,2025,Summer,sup,Unicorns of Love Sexy Edition,2,2,Farmer dominant | Lane bully | Early dominant,3.1547577381134033,2.739346742630005,False,0.5555555555555556,9,-0.1554893945649804,1.045511743293854,-1.3053653101960694,0.2761955765769924
seaz,seaz,PRM,2025,Winter,sup,Unicorns of Love Sexy Edition,2,2,Farmer dominant | Lane bully | Early dominant,1.721527099609375,3.2432634830474854,False,0.2222222222222222,9,-0.5074984906072626,0.1229500368619925,1.5537400304760398,-1.3727641527842736
seaz,seaz,PRM,2026,Spring,sup,Eintracht Spandau,0,0,High DPS | Versatile | High performer,4.206964492797852,7.0819478034973145,False,0.6666666666666666,33,-0.087773123307185,-0.8719584946147838,0.4219053886686659,0.9715214847521828
seaz,seaz,PRM,2026,Summer,sup,Eintracht Spandau,1,1,Profil neutre,5.025294780731201,3.6409285068511963,False,0.55,20,-0.8221961098028634,-0.3435403248490956,-0.0510356225606571,0.2648761623180091
seaz,seaz,PRM,2026,Winter,sup,Eintracht Spandau,0,0,High DPS | Versatile | High performer,4.568203449249268,6.141842365264893,False,0.5625,16,0.0201832043926341,-0.2156121721829068,-0.4641252740762354,0.548081112957414
sebrej,Sebrej,NLC,2026,Winter,bot,Ruddy Corporation,0,0,Profil neutre,3.8065297603607178,12.401843070983887,False,0.0,6,-1.636469974283505,-1.9073000236570987,-1.9877621557198049,-1.716074037950503
secrett,Secrett,TCL,2026,Spring,mid,SU Esports,0,0,High DPS | Farmer dominant | Lane bully | Early dominant,11.110250473022461,1.2633246183395386,False,0.56,25,0.9100814368093352,0.836782202961238,1.1546043892987108,0.3855809140510844
seelame,Seelame,LFL2,2024,Spring,bot,Joblife,2,2,Profil équilibré,8.343743324279785,7.060634136199951,False,0.6666666666666666,6,1.3121604575305168,-1.2468296063551172,0.1445669375395345,0.7071067811865474
seelame,Seelame,LFL2,2024,Summer,bot,Joblife,2,2,Profil équilibré,7.070145606994629,11.67576789855957,False,0.7222222222222222,18,-0.7331810837302469,-0.5748107796491297,-0.6143426825637069,1.1567070935712978
seelame,Seelame,LFL2,2024,unknown,bot,Joblife,0,0,Profil neutre,4.545759677886963,11.373417854309082,False,0.3076923076923077,13,-0.0393551945965395,-1.723733597005995,-0.9190740426607796,-1.2262198399593298
seki,Seki,LFL2,2024,Summer,jng,Zerance,1,1,Profil neutre,7.431323051452637,1.6490877866744995,False,0.3636363636363636,11,-0.391256278717597,-1.8088568397563063,-1.480601699932882,-0.4927169334140144
selenex,selenex,LVP SL,2025,Spring,top,Guasones,0,0,Profil neutre,3.039569139480591,4.651768207550049,False,0.0,9,-1.095085697339025,-0.2942189204301799,-1.183066439731736,-2.101101768568552
selenex,selenex,LVP SL,2025,Summer,top,Guasones,0,0,Profil neutre,4.913902282714844,5.37878942489624,False,0.1111111111111111,9,-1.0314328115040838,0.4711595092878725,-1.343565457270073,-1.5207405583452742
selenex,selenex,LVP SL,2025,Winter,top,Guasones,0,0,Profil neutre,3.106922149658203,4.760106563568115,False,0.1111111111111111,9,-0.5525034064410455,-0.3302470980919413,-2.043431223608005,-1.4510908204404565
selenex,selenex,LVP SL,2025,unknown,top,Guasones,1,1,Carry agressif | High DPS | Farmer dominant | Lane bully | Early dominant,9.520583152770996,7.067561149597168,False,0.8571428571428571,7,0.7071067811865475,0.7071067811865468,0.7071067811865476,0.7071067811865475
selfmade,Selfmade,LFL,2024,Spring,jng,Vitality.Bee,0,0,High DPS | Farmer dominant | Lane bully | Early dominant | High performer,1.3793693780899048,-0.0038806439843028784,False,0.5416666666666666,24,-0.244234113998415,0.9724418280338784,1.1821023212839668,0.3808132396730002
sencux,Sencux,NLC,2025,Spring,mid,Verdant,1,1,Profil neutre,9.871191024780273,3.827394962310791,False,0.5882352941176471,17,-0.2619163451176935,0.0221656732458707,0.1185590896362568,0.6493234517122524
sencux,Sencux,NLC,2025,Summer,mid,Verdant,0,0,High DPS | Farmer dominant | Lane bully | Early dominant,11.58745288848877,2.4939775466918945,False,0.7142857142857143,21,0.0593529570255052,0.9400745585570354,0.5503944718483867,0.9840598699637386
sencux,Sencux,PRM,2024,Spring,mid,Berlin International Gaming,1,1,Profil neutre,9.363737106323242,0.8173367977142334,False,0.2777777777777778,18,-0.22074294681881,-0.4463205304726563,0.4365672591128005,-0.9486832980505138
sencux,Sencux,PRM,2024,Summer,mid,Berlin International Gaming,0,0,High DPS | Farmer dominant | Lane bully | Early dominant,9.585023880004883,1.3337576389312744,False,0.4444444444444444,18,-0.1290352994494572,-0.5773039368028873,0.1729262804810166,-0.3354101966249679
sencux,Sencux,PRM,2026,Spring,mid,Eintracht Frankfurt,0,0,High DPS | Farmer dominant | Lane bully | Early dominant,9.905224800109863,1.757566213607788,False,0.2352941176470588,17,0.5162002354874431,0.5627451832931164,0.5288961920296607,-0.9513869887063476
sencux,Sencux,PRM,2026,Summer,mid,Eintracht Frankfurt,1,1,Profil neutre,9.776103973388672,3.4317400455474854,False,0.1578947368421052,19,-1.259778056156603,0.7882863461967867,-0.1134787997635137,-1.6969576749750923
sencux,Sencux,PRM,2026,Winter,mid,Eintracht Frankfurt,0,0,High DPS | Farmer dominant | Lane bully | Early dominant,9.98471736907959,1.8831552267074585,False,0.4444444444444444,9,0.6983561237398271,1.3732778342352607,0.8297152902812721,-0.12880411764382
sencux,Sencux,PRM,2026,unknown,mid,Eintracht Frankfurt,1,1,Profil neutre,9.805845260620117,3.3551177978515625,False,0.4444444444444444,9,-0.6210162028517955,0.6751854997331945,-0.3450075043024443,-0.2656844656620287
send0o,Send0o,PRM,2025,Spring,top,CGN Esports,2,2,Profil neutre,4.307504653930664,6.338296890258789,False,0.6666666666666666,21,0.8243789543558364,-1.3397177412658838,-1.290809104623996,1.2399535978497294
send0o,Send0o,PRM,2025,Spring,top,Dung Dynasty,2,2,Profil neutre,6.690518379211426,6.319020748138428,False,0.7,10,-0.0047770058768,-1.1146790153672994,0.0764478733161952,1.4912778551077297
send0o,Send0o,PRM,2025,Summer,top,CGN Esports,0,0,Profil neutre,2.963881492614746,4.651416301727295,False,0.4285714285714285,7,-0.8028078109546862,-1.3621384871327564,-1.9067808640874235,-0.2457976824210071
send0o,Send0o,PRM,2025,Winter,top,Dung Dynasty,0,0,Profil neutre,3.804173231124878,6.001276016235352,False,0.4615384615384615,13,0.1770609353810923,-1.9049349997077865,-1.550588690194883,-0.0410014286733188
seneca,Seneca,LFL,2026,unknown,sup,Lille Esport,1,1,Profil neutre,3.0972821712493896,3.0008738040924072,False,0.3333333333333333,12,-0.9842241382036392,-0.3281829707892617,-1.0665674994698933,-0.6610626655130063
seneca,Seneca,LVP SL,2024,Spring,sup,Ramboot Club,1,1,Profil neutre,5.783045291900635,4.389503479003906,False,0.5,18,-1.7322637062884845,-0.7972717798637996,-0.7889798117013661,0.1517008127906739
seneca,Seneca,TCL,2026,Spring,sup,SU Esports,1,1,Profil neutre,3.633942127227783,4.744962215423584,False,0.56,25,-0.0892654203827203,-1.0664077988596214,-0.2710794269785639,0.3545995839903884
sensy,Sensy,TCL,2024,unknown,jng,Comanchero Gaming,2,2,Profil neutre,4.913976669311523,-0.07415232062339783,False,0.4545454545454545,11,0.2240536979724642,-0.0525528872374381,0.122110191415727,-0.0537069969833707
serin,Serin,LFL,2025,Flash In,mid,Galions,0,0,High DPS | Farmer dominant | Lane bully | Early dominant,11.267428398132324,3.063011407852173,True,0.625,16,1.5598884599524407,0.999037268630799,0.2026832373567604,0.7869819638227227
serin,Serin,LFL,2025,Spring,mid,Galions,0,0,High DPS | Farmer dominant | Lane bully | Early dominant,11.208861351013184,2.882037878036499,True,0.5416666666666666,24,1.156715976550908,0.2031069252006051,0.5707158158761467,0.5069047567625945
serin,Serin,LFL,2025,Summer,mid,Galions,0,0,High DPS | Farmer dominant | Lane bully | Early dominant,11.353494644165039,2.6304666996002197,True,0.7241379310344828,29,1.2928206730112803,1.219071850801257,1.204563948540423,1.6365133408165564
serin,Serin,PRM,2024,Spring,mid,NNO Prime,0,0,High DPS | Farmer dominant | Lane bully | Early dominant,10.856523513793945,1.568158507347107,False,0.7222222222222222,18,1.7562334431974425,0.3772897762696711,0.356916736846231,0.9486832980505138
serin,Serin,PRM,2024,Summer,mid,NNO Prime,1,1,Profil neutre,9.682594299316406,2.2837884426116943,False,0.4444444444444444,18,1.7648507736548436,-0.2129866592766106,0.7227431722668135,-0.3354101966249679
serin,Serin,PRM,2024,unknown,mid,NNO Prime,1,1,Profil neutre,8.905777931213379,2.8457303047180176,True,0.5,18,0.4369251956092291,0.9502998693909652,-0.3499006512866602,0.1095373493036046
sertuss,Sertuss,LFL,2025,Flash In,mid,Ici Japon Corp. Esport,1,1,Profil neutre,6.074907302856445,1.1104271411895752,False,0.5,20,-1.1451621803161611,0.1210122637433241,-0.5640263225069582,0.1091376136649696
sertuss,Sertuss,LFL,2025,Spring,mid,Ici Japon Corp. Esport,0,0,High DPS | Farmer dominant | Lane bully | Early dominant,10.601212501525879,0.9094491004943848,False,0.5263157894736842,19,-0.1660459846146641,0.4478748231008182,0.7763626539835808,0.4103158278198043
sertuss,Sertuss,LFL,2025,Summer,mid,Ici Japon Corp. Esport,1,1,Profil neutre,7.6940813064575195,1.667128086090088,False,0.5,22,-0.1352789050764362,0.054901985638517,-0.5820627907762995,0.131384852001139
sertuss,Sertuss,LVP SL,2024,Spring,mid,Team Heretics Academy,0,0,High DPS | Farmer dominant | Lane bully | Early dominant,8.246267318725586,1.0958822965621948,False,0.6,10,0.94303107482893,-0.1691430483234784,1.2249418628811148,0.594743020696487
sertuss,Sertuss,LVP SL,2024,Summer,mid,Team Heretics Academy,1,1,Profil neutre,7.855077743530273,0.9455602169036865,False,0.7307692307692307,26,-0.63387988830692,0.1235241082216699,0.845298375557889,1.3901964300176424
shawi,Shawi,NLC,2024,Spring,sup,Nativz,0,0,High DPS | Versatile | High performer,2.636693239212036,6.957652568817139,False,0.4285714285714285,14,2.1139630218124785,-0.6703042495293062,0.0434320087843043,-0.0890956346893457
shawi,Shawi,TCL,2025,Summer,sup,BoostGate Esports,1,1,Profil neutre,6.021831512451172,4.730723857879639,False,0.1666666666666666,6,-0.7230792273063362,-1.2394104331499802,-0.2175703121219745,-0.8006419687731097
shelfmade,Shelfmade,PRM,2024,Summer,top,Unicorns of Love Sexy Edition,1,1,Carry agressif | High DPS | Farmer dominant | Lane bully | Early dominant,8.724700927734375,5.746532917022705,False,0.6470588235294118,17,0.6756261325070421,0.0184648475006121,0.7941324486501637,0.8505292602383986
shelfmade,Shelfmade,PRM,2024,unknown,top,Unicorns of Love Sexy Edition,0,0,Profil neutre,4.917112827301025,6.8826751708984375,False,0.75,16,-0.7501948960455953,0.5186798301610784,-1.6451275127776095,1.6492702942786006
shelfmade,Shelfmade,PRM,2025,Finals,top,Berlin International Gaming,1,1,Carry agressif | High DPS | Farmer dominant | Lane bully | Early dominant,8.281645774841309,7.016333103179932,False,0.6666666666666666,9,-0.3925894567627891,-0.2681882043307402,1.1786674309718028,1.43334243093525
shelfmade,Shelfmade,PRM,2025,Spring,top,Berlin International Gaming,1,1,Carry agressif | High DPS | Farmer dominant | Lane bully | Early dominant,9.463635444641113,9.390083312988281,False,0.6451612903225806,31,1.5098112137287694,-0.7306987693331265,1.7622754506806328,1.077808915747794
shelfmade,Shelfmade,PRM,2025,Summer,top,Berlin International Gaming,1,1,Carry agressif | High DPS | Farmer dominant | Lane bully | Early dominant,9.549026489257812,9.452108383178711,False,0.9,10,1.1554130408494452,-0.2901385016927115,1.821459924100978,1.6921022916090656
shelfmade,Shelfmade,PRM,2025,Winter,top,Berlin International Gaming,1,1,Carry agressif | High DPS | Farmer dominant | Lane bully | Early dominant,9.137371063232422,9.169266700744629,False,0.875,16,0.2288750312256871,-0.4965174812882369,1.46363183117991,2.2598564920005173
shelfmade,Shelfmade,PRM,2026,Spring,top,G2 NORD,1,1,Carry agressif | High DPS | Farmer dominant | Lane bully | Early dominant,8.945512771606445,8.822129249572754,False,0.6590909090909091,44,-0.0748929935041594,0.4649815715896551,1.1243452966710017,0.9225885787278172
shelfmade,Shelfmade,PRM,2026,Summer,top,G2 NORD,1,1,Carry agressif | High DPS | Farmer dominant | Lane bully | Early dominant,11.019879341125488,8.438608169555664,False,0.7368421052631579,19,0.7490312567689004,1.7342909272916702,1.853741988106306,1.3388771986660106
shelfmade,Shelfmade,PRM,2026,Winter,top,G2 NORD,2,2,Profil neutre,6.348580360412598,4.995650291442871,False,0.6,15,-0.810494397271627,0.5076742949113575,-0.6215536973515439,0.6517125825140724
shift,Shift,LFL,2026,unknown,jng,Joblife,2,2,Profil neutre,4.960371494293213,0.014932714402675629,False,0.4146341463414634,41,0.4182349831705381,-0.2691009570407515,-0.0775764539303952,-0.0386235352082635
shift,Shift,NLC,2024,Spring,jng,DMG Esports,1,1,Profil neutre,8.683314323425293,1.4595834016799927,False,0.2142857142857142,14,-0.9419265637982842,-1.2945330999934357,-1.3674847753819757,-1.7597074610540462
shiganari,Shiganari,LFL2,2025,Winter,bot,IziDream,2,2,Profil équilibré,8.412367820739746,8.847381591796875,False,0.5416666666666666,24,-0.6524439575767259,-0.1541563532719043,0.8722313995058685,0.5118328847836817
shiganari,Shiganari,NLC,2025,Spring,bot,Verdant,1,1,High DPS | Farmer dominant | Lane bully | Early dominant | High performer,9.7472562789917,7.928893566131592,False,0.5882352941176471,17,0.91699597859305,0.7891826934048587,0.7072424459444198,0.662898250769563
shiganari,Shiganari,PRM,2024,Spring,bot,NNO Prime,2,2,Profil équilibré,6.910833358764648,10.014056205749512,False,0.7222222222222222,18,0.0859215818072994,-0.3122099898041224,0.2859743129217518,0.9486832980505132
shiganari,Shiganari,PRM,2024,Summer,bot,NNO Prime,0,0,Profil neutre,4.012336254119873,10.687906265258789,False,0.4444444444444444,18,-1.067471994581287,-1.8854780011916488,-1.0654447586998423,-0.3354101966249686
shiganari,Shiganari,PRM,2024,unknown,bot,NNO Prime,2,2,Profil équilibré,7.173616409301758,11.890222549438477,False,0.5,18,-0.9898226734014278,-1.1472233322525065,-0.3514435793508209,0.1095373493036046
shihan,SHIHAN,NLC,2024,Summer,top,Verdant,0,0,Profil neutre,3.3588783740997314,4.839131832122803,False,0.2857142857142857,14,-1.1455685347776996,-0.5316397238658076,-1.5505118408921594,-0.8868684106241422
shikari,Shikari,PRM,2024,unknown,top,Spinebusters E-Sport,2,2,Profil neutre,6.390725612640381,6.1033525466918945,False,0.5714285714285714,7,-0.9496607358360228,-1.741571487538866,-0.2980306226752112,0.545855804441929
shlatan,Shlatan,LFL,2025,Spring,jng,Team BDS Academy,1,1,Profil neutre,8.604191780090332,2.2905588150024414,False,0.0909090909090909,11,-0.9971667611351744,-0.7061854104066991,-0.9834312177122152,-2.329297429466608
shlatan,Shlatan,LFL,2025,Summer,jng,Team BDS Academy,1,1,Profil neutre,7.154857635498047,1.2773929834365845,False,0.35,20,0.0655778068071276,-1.0362844838178291,-0.9348637745476848,-0.8758934443599481
shlatan,Shlatan,LFL,2025,unknown,jng,Team BDS Academy,2,2,Profil neutre,5.071756839752197,1.0090092420578003,False,0.5,12,-0.7071067811865486,-0.7071067811865464,0.7071067811865476,-0.707106781186547
shlatan,Shlatan,PRM,2024,Spring,jng,NNO Prime,2,2,Profil neutre,1.4999921321868896,1.6226195096969604,False,0.7222222222222222,18,0.8064978935371929,-0.5100368071939677,0.44495654662235,0.9486832980505135
shlatan,Shlatan,PRM,2024,Summer,jng,NNO Prime,0,0,High DPS | Farmer dominant | Lane bully | Early dominant | High performer,1.0625977516174316,0.5720247030258179,False,0.4444444444444444,18,1.099111800075332,0.3683879286086719,1.374657354156375,-0.3354101966249685
shlatan,Shlatan,PRM,2024,unknown,jng,NNO Prime,0,0,High DPS | Farmer dominant | Lane bully | Early dominant | High performer,1.374891757965088,0.2444542795419693,False,0.5,18,-0.0280756471754073,0.2339978279590636,1.0379768835570364,0.1095373493036046
shoto,Shoto,LFL2,2024,Spring,bot,Project Conquerors,0,0,Profil neutre,4.777358055114746,11.793171882629395,False,0.1666666666666666,6,0.1806206346634817,-1.1036237513894056,-1.350341857998704,-1.4142135623730951
shredder,Shredder,LFL2,2025,Summer,sup,Skillcamp,1,1,Profil neutre,6.220424652099609,4.56311559677124,False,0.4285714285714285,14,-0.952607344294526,0.0409319360564382,-0.4986103020851406,-0.6360193113804867
shredder,Shredder,LFL2,2025,unknown,sup,Skillcamp,0,0,High DPS | Versatile | High performer,1.6842880249023438,5.785768985748291,False,0.6,10,-0.132561258298717,0.6908248514794496,0.886046824980243,1.0910894511799616
shy carry,Shy Carry,LVP SL,2024,Spring,bot,Movistar KOI,2,2,Profil équilibré,6.193836688995361,9.874764442443848,False,0.4782608695652174,23,0.1149447600441505,-0.9949241313496504,0.4356172759669022,0.0632385450020533
shy carry,Shy Carry,LVP SL,2024,Summer,bot,Movistar KOI,2,2,Profil équilibré,5.360722541809082,10.875349044799805,False,0.6086956521739131,23,-0.9300644442003356,-0.1442906690080043,-0.501081908496051,0.7337322556757702
shy carry,Shy Carry,LVP SL,2025,Spring,bot,LUA Gaming,2,2,Profil équilibré,4.746980667114258,10.492217063903809,False,0.4210526315789473,19,-0.6814467906992187,-0.6437431163047111,-0.9022822241885684,-0.1117821046968523
shy carry,Shy Carry,LVP SL,2025,Summer,bot,LUA Gaming,2,2,Profil équilibré,5.545569896697998,8.844231605529785,False,0.4615384615384615,13,0.0175984771677748,-0.7833127808168528,0.7784851355675634,0.0439224442323333
shy carry,Shy Carry,LVP SL,2025,Winter,bot,LUA Gaming,2,2,Profil équilibré,4.3103508949279785,9.652928352355957,False,0.5,12,0.3256394393662395,-0.4744514784943568,-0.3980340733613265,0.2241627690490898
siler,Siler,LVP SL,2024,Spring,mid,ZETA,2,2,Profil neutre,5.560952186584473,1.8224215507507324,False,0.1666666666666666,12,-1.8362254543138947,0.8094893467585326,-1.0420833971805916,-1.8120889381288965
silkysmath,silkysmath,NLC,2024,Spring,bot,Ruddy Corporation,2,2,Profil équilibré,7.946378231048584,10.76993465423584,False,0.5833333333333334,24,0.3242919061905229,0.4061651601717947,0.4928537015052625,0.7949253662733806
simpli,Simpli,NLC,2026,Spring,mid,Arctic Pandas,1,1,Profil neutre,9.884038925170898,1.9907379150390625,False,0.5,12,-0.1304257574924174,0.5653370256483717,0.5447015903542851,0.1327371545247316
simpli,Simpli,NLC,2026,Summer,mid,Arctic Pandas,1,1,Profil neutre,8.257513999938965,3.11816143989563,False,0.5263157894736842,19,0.3773055689585664,0.1441604494452297,0.3793247080790128,0.3650655582927808
simpli,Simpli,NLC,2026,Winter,mid,Arctic Pandas,0,0,High DPS | Farmer dominant | Lane bully | Early dominant,11.660965919494629,2.5510165691375732,False,0.7333333333333333,15,1.5740554403402052,0.3348827446004406,1.1097496747532536,1.089687587591467
simpli,Simpli,PRM,2024,Spring,mid,FC Schalke 04 Esports,1,1,Profil neutre,8.490229606628418,2.94024658203125,False,0.5,18,0.3314859806110997,0.9207791168926996,-0.4755685493260861,0.0
simpli,Simpli,PRM,2024,Summer,mid,FC Schalke 04 Esports,1,1,Profil neutre,8.740293502807617,3.927978754043579,False,0.6666666666666666,18,1.3862670368204564,-0.5117354287260673,0.2937086363862191,1.0062305898749058
simpli,Simpli,PRM,2024,unknown,mid,FC Schalke 04 Esports,1,1,Profil neutre,5.391648292541504,1.0895705223083496,False,0.4166666666666667,12,-1.3313162671935943,-0.1222861970455692,-1.3375705894080248,-0.4294004076534282
simpli,Simpli,PRM,2025,Finals,mid,Unicorns of Love Sexy Edition,1,1,Profil neutre,8.458498001098633,2.759310483932495,False,0.5,14,0.4630801696449416,0.4667828464939932,0.6977469367333108,-0.0153894596435105
simpli,Simpli,PRM,2025,Spring,mid,Unicorns of Love Sexy Edition,1,1,Profil neutre,7.32847785949707,1.3728219270706177,False,0.4545454545454545,22,-0.1213185494623672,0.0103077569985585,-0.3577371867046852,-0.3593825847011806
simpli,Simpli,PRM,2025,Summer,mid,Unicorns of Love Sexy Edition,2,2,Profil neutre,5.766164302825928,0.9627830982208252,False,0.5555555555555556,9,-1.2297753285933126,-0.1705522842933077,-1.1576232200064178,0.2761955765769919
simpli,Simpli,PRM,2025,Winter,mid,Unicorns of Love Sexy Edition,2,2,Profil neutre,4.008231163024902,2.6998071670532227,False,0.2222222222222222,9,-1.2207832874356872,-1.2627441467589788,-1.7500781517457222,-1.368526437125875
simpy,Simpy,LVP SL,2025,unknown,sup,Nocturne Gale,2,2,Farmer dominant | Lane bully | Early dominant,2.2961249351501465,3.5624895095825195,False,0.4,10,-0.7071067811865479,0.7071067811865476,0.7071067811865476,-0.7071067811865476
simpy,Simpy,NLC,2024,Summer,sup,Venomcrest Esports,0,0,High DPS | Versatile | High performer,2.87431001663208,4.534982204437256,False,0.6538461538461539,26,-0.5940999433114139,-0.0588431432432619,-0.0027275207367216,0.9469805652157476
sinmivak,Sinmivak,LVP SL,2024,Summer,top,UCAM Esports,2,2,Profil neutre,5.620594501495361,7.418008804321289,False,0.5357142857142857,28,-0.6847556715213227,-0.8532365697426277,0.1375622534473787,0.3488340708563457
sinmivak,Sinmivak,LVP SL,2025,Spring,top,UCAM Esports,2,2,Profil neutre,8.56580924987793,5.496304988861084,False,0.4375,16,0.9388082007153276,0.7066200680780478,-0.1869025784967962,-0.034074305326864
sinmivak,Sinmivak,LVP SL,2025,Summer,top,UCAM Esports,2,2,Profil neutre,6.310874938964844,7.86973762512207,False,0.6086956521739131,23,-0.1872386980508659,-0.1800733348314727,0.0577550376598043,0.7009813509351247
sinmivak,Sinmivak,LVP SL,2025,Winter,top,UCAM Esports,2,2,Profil neutre,8.177681922912598,5.829187393188477,False,0.3846153846153846,13,0.3192334907035818,0.5879152797820036,0.4864035705756459,-0.2728904937664898
six0x,Six0x,TCL,2025,Spring,bot,Beşiktaş Esports,0,0,Profil neutre,5.17958927154541,12.960047721862793,False,0.3333333333333333,6,-0.8450910995704309,0.7874301786169093,-2.2200848968984785,-0.8498372629069935
six0x,Six0x,TCL,2025,Summer,bot,The Forbidden Five,0,0,Profil neutre,5.183428764343262,12.880677223205566,False,0.0,6,-1.397021158815712,0.9271195243293044,-1.4956249999398368,-1.449567814809006
six10,Six10,LFL,2024,Spring,mid,Team GO,1,1,Profil neutre,7.138113498687744,0.9996201395988464,False,0.4285714285714285,21,-1.4871150898663237,0.9488069029451538,0.0912865787112341,-0.2971833004925945
six10,Six10,PRM,2025,Finals,mid,TeamOrangeGaming,1,1,Profil neutre,9.790592193603516,3.58170223236084,False,0.4285714285714285,14,-0.9290163093873802,0.9958054166913968,0.1664028185014053,-0.6362745556058365
six10,Six10,PRM,2025,Spring,mid,TeamOrangeGaming,0,0,High DPS | Farmer dominant | Lane bully | Early dominant,10.806546211242676,0.6931204795837402,False,0.52,25,-0.3539907160032798,1.7523302748929714,1.932858435661566,0.1341268659145293
six10,Six10,PRM,2025,Summer,mid,TeamOrangeGaming,0,0,High DPS | Farmer dominant | Lane bully | Early dominant,11.299159049987793,0.8084708452224731,False,0.75,12,0.2399567055410233,1.82424684556286,1.0462480953112878,1.0754977544176785
six10,Six10,PRM,2025,Winter,mid,TeamOrangeGaming,0,0,High DPS | Farmer dominant | Lane bully | Early dominant,11.254642486572266,2.520369052886963,False,0.4666666666666667,15,1.001311265407968,0.9669026486317592,1.1259115283775678,-0.0085699735822481
sjakal,Sjakal,NLC,2025,Spring,jng,KAOS e-sport,1,1,Profil neutre,6.5496697425842285,2.394084930419922,False,0.2857142857142857,14,0.1901925110532097,0.1751426529169852,-1.0735555696439738,-0.6812839881508738
sjakal,Sjakal,NLC,2025,Summer,jng,KAOS e-sport,1,1,Profil neutre,7.246331214904785,1.9927173852920532,False,0.1111111111111111,9,0.1966063255189546,-1.739678292006839,-1.1374643159376736,-1.1476442235159103
skaterot,Skaterot,NLC,2024,Summer,mid,DMG Esports,1,1,Profil neutre,9.876626968383789,3.862736225128174,False,0.5263157894736842,19,-0.3593775179009639,0.3316511725133101,0.2771322954002388,0.2936354976751409
skeanz,Skeanz,TCL,2024,Summer,jng,Papara SuperMassive,2,2,Profil neutre,3.1431777477264404,0.547099769115448,True,0.782608695652174,23,0.1346548026781751,-0.0646584714986231,0.5649465615113145,1.4050010254401188
skeanz,Skeanz,TCL,2024,Winter,jng,Papara SuperMassive,0,0,High DPS | Farmer dominant | Lane bully | Early dominant | High performer,0.03338564187288284,-1.1565428972244263,True,0.6153846153846154,26,1.722874648198372,0.8969103491421688,1.48959143348015,0.68501259594013
skeanz,Skeanz,TCL,2025,Spring,jng,Papara SuperMassive,1,1,Profil neutre,6.983747482299805,1.125427484512329,True,0.3571428571428571,14,-0.3065530715695402,-0.071263057811175,-1.2457117471081445,-0.6971104822090854
skeanz,Skeanz,TCL,2025,Winter,jng,Papara SuperMassive,0,0,High DPS | Farmer dominant | Lane bully | Early dominant | High performer,1.462164282798767,-1.147672176361084,True,0.5555555555555556,27,1.441953526050911,0.4969530921821681,0.2983282283825591,0.4484330102663423
skewmond,SkewMond,LFL,2024,Spring,jng,Team BDS Academy,0,0,High DPS | Farmer dominant | Lane bully | Early dominant | High performer,2.5026988983154297,0.4427904784679413,True,0.76,25,0.6298711784221014,0.380543761729999,0.4093428598086042,1.689703402476897
skewmond,SkewMond,LFL,2024,Summer,jng,Team BDS Academy,0,0,High DPS | Farmer dominant | Lane bully | Early dominant | High performer,-0.7938129901885986,-0.9748488664627075,True,0.7931034482758621,29,1.6833275465908053,1.2011982351083732,1.5102080806471008,1.4960050518640329
skude,Skude,LFL2,2024,Summer,jng,Esprit Shōnen,2,2,Profil neutre,3.2953977584838867,0.7927359938621521,False,0.3888888888888889,18,-0.4035906087384484,0.2771501786755573,0.2054537504659315,-0.3725523336641786
slayder,Slayder,TCL,2025,Winter,bot,BBL Dark Passage,2,2,Profil équilibré,7.482193470001221,9.837808609008789,False,0.2857142857142857,14,-1.4381723345249122,1.4322492821048078,-0.976254972325292,-0.9225985915634634
sleyer,Sleyer,LFL,2026,unknown,top,ZYB Esport,0,0,Profil neutre,4.623000621795654,4.443870544433594,False,0.5,6,0.0986226273556079,-1.2836690840130738,-1.2554494311502986,0.43556040318723
sleyer,Sleyer,LFL2,2025,Spring,top,Lille Esport,2,2,Profil neutre,7.722454071044922,5.078276634216309,False,0.3571428571428571,14,0.994935840942451,-0.1220157822571757,-0.3125713825078094,-0.5097879005200766
sleyer,Sleyer,LFL2,2025,Winter,top,Lille Esport,2,2,Profil neutre,7.546544075012207,7.065810680389404,False,0.3571428571428571,14,0.8113170117585256,1.0565302106776278,-0.3270206695897388,-0.5045561469042072
slice,Slice,NLC,2024,unknown,jng,Rich Gang,0,0,High DPS | Farmer dominant | Lane bully | Early dominant | High performer,-0.45161202549934387,0.5743865966796875,False,0.6666666666666666,9,1.3581402134790408,1.6027360246162352,1.6016557177594688,0.8676108933760989
slice,Slice,NLC,2026,Spring,jng,Lund Esports Organization,1,1,Profil neutre,5.879578590393066,2.228498935699463,False,0.2857142857142857,7,-0.0727695521146863,0.2029265230469609,-1.3887627132041398,-0.9417694130513904
sloppy walrus,Sloppy Walrus,NLC,2026,Winter,mid,La BOMBAS,2,2,Profil neutre,4.009231090545654,2.266849994659424,False,0.2222222222222222,9,-1.6317453720328026,-2.2708846377624115,-1.7090710788941377,-1.2227249351911706
slowq,SlowQ,LFL,2025,Flash In,mid,Karmine Corp Blue,1,1,Profil neutre,9.338810920715332,3.754178285598755,True,0.7222222222222222,18,0.1951234552568126,0.1994973808088138,-0.0606381910370625,1.3141942361676415
slowq,SlowQ,LFL,2025,Spring,mid,Karmine Corp Blue,1,1,Profil neutre,9.94550895690918,2.8982126712799072,True,0.52,25,0.0670164445186822,0.7001260737986444,0.5177782147478132,0.3705763827690567
slowq,SlowQ,LFL,2025,Summer,mid,Karmine Corp Blue,0,0,High DPS | Farmer dominant | Lane bully | Early dominant,12.294902801513672,1.1021935939788818,True,0.6388888888888888,36,0.6772895046762395,0.892156040297211,0.8526100037688281,1.0640499412243676
slowq,SlowQ,TCL,2026,Kickoff,mid,Misa Esports,0,0,High DPS | Farmer dominant | Lane bully | Early dominant,12.171521186828613,1.6699836254119873,True,0.9333333333333332,15,1.0374615475313498,1.7991156530209518,0.9516227407521318,1.729628998474439
slt,SLT,LFL,2024,Spring,top,Team du Sud,2,2,Profil neutre,5.3176069259643555,5.4030890464782715,False,0.3333333333333333,18,1.575917853191818,-0.9727775356780298,-1.3087336266941738,-0.8681277553688854
slt,SLT,LFL,2024,Summer,top,Team du Sud,0,0,Profil neutre,2.951446771621704,4.584575653076172,False,0.2222222222222222,18,-0.7990751679898958,-1.0954861169806818,-2.214453365779347,-1.1144501524651809
slt,SLT,NLC,2025,Summer,top,Verdant,1,1,Carry agressif | High DPS | Farmer dominant | Lane bully | Early dominant,9.903755187988281,8.777438163757324,False,0.7142857142857143,21,1.012956187214614,0.731691818513015,1.1609439134047812,0.9145193203167538
smallbugi,SmallBugi,TCL,2026,Spring,mid,Team Phoenix,2,2,Profil neutre,4.762465000152588,2.1588821411132812,False,0.25,16,-1.1253427244101977,-1.5151615628265562,-1.095697744209815,-0.9694772855743832
smarty,Smarty,LVP SL,2025,Spring,sup,Guasones,1,1,Profil neutre,6.814721584320068,3.6644957065582275,False,0.0,9,-0.3989046361922962,-1.1798161929061637,-1.3262695951079788,-2.101101768568552
smarty,Smarty,LVP SL,2025,Winter,sup,Guasones,1,1,Profil neutre,2.4295918941497803,2.2807459831237793,False,0.1111111111111111,9,0.7880696761840332,-0.1322069139889939,-0.3541956741172201,-1.4510908204404565
smarty,Smarty,PRM,2026,Spring,sup,ROSSMANN Centaurs,1,1,Profil neutre,5.722511291503906,2.493506669998169,False,0.0,17,-0.1918125086237251,0.5306691676579256,-1.3765581313234891,-1.9443696926729837
smurfe,Smurfe,NLC,2024,Spring,top,Nativz,0,0,Profil neutre,3.2700343132019043,5.504765510559082,False,0.4285714285714285,14,-1.7629444719716492,-1.1343792976140947,-1.0987445235847952,-0.2426722228889308
smurfe,Smurfe,PRM,2025,Finals,top,TeamOrangeGaming,2,2,Profil neutre,7.324780464172363,7.003015041351318,False,0.4285714285714285,14,0.1141309257896588,1.041876148367754,-0.2200920859308416,-0.6362745556058355
smurfe,Smurfe,PRM,2025,Spring,top,TeamOrangeGaming,1,1,Carry agressif | High DPS | Farmer dominant | Lane bully | Early dominant,9.598991394042969,7.514803409576416,False,0.52,25,0.5171473814423583,0.7409691180163379,1.0097683703014222,0.1341268659145284
smurfe,Smurfe,PRM,2025,Summer,top,TeamOrangeGaming,2,2,Profil neutre,5.812644958496094,4.857910633087158,False,0.75,12,-0.2512724949530088,0.4617658003037749,-0.5095315612184138,1.0754977544176787
smurfe,Smurfe,PRM,2025,Winter,top,TeamOrangeGaming,2,2,Profil neutre,5.574253559112549,7.169609546661377,False,0.4666666666666667,15,-1.2880534510699266,-0.6653292474692668,-0.519123503844325,-0.0124636560137985
smurfe,Smurfe,PRM,2026,Winter,top,A One Man Army Prime,2,2,Profil neutre,7.353714466094971,5.961400508880615,False,0.1666666666666666,6,0.0853460325667741,0.2597582648413594,0.3145020983290668,-1.7746079462917816
sn1lle,Sn1lle,LVP SL,2024,Summer,jng,LUA Gaming,2,2,Profil neutre,4.583077430725098,0.14539189636707306,False,0.4117647058823529,17,1.3168196079724506,0.0616223037559627,-1.3740610674004046,-0.3268128101029139
sn1lle,Sn1lle,LVP SL,2025,Spring,jng,LUA Gaming,2,2,Profil neutre,3.425126552581787,0.9443853497505188,False,0.4210526315789473,19,0.047759459076555,-0.7959925730206078,-0.2227256821783493,-0.1117821046968523
sn1lle,Sn1lle,LVP SL,2025,Summer,jng,LUA Gaming,0,0,High DPS | Farmer dominant | Lane bully | Early dominant | High performer,1.7334331274032593,0.7244160771369934,False,0.4615384615384615,13,0.771523136000635,0.3738841954839075,0.4017305815037063,0.0439224442323333
sn1lle,Sn1lle,LVP SL,2025,Winter,jng,LUA Gaming,2,2,Profil neutre,6.108831405639648,3.1951496601104736,False,0.5,12,-0.6329811908241053,-1.1044355922527629,0.1055920558286199,0.2241627690490897
snabi,Snabi,NLC,2024,Summer,sup,DMG Esports,2,2,Farmer dominant | Lane bully | Early dominant,1.070190668106079,3.9653525352478027,False,0.5263157894736842,19,0.2448377814660621,2.42992074415187,1.902396653582178,0.3437807341864531
snake,Snake,LFL2,2024,Summer,sup,Zerance,1,1,Profil neutre,5.770871639251709,4.307459831237793,False,0.4,10,-1.3950746031707038,-0.9214007318103185,-1.037067725845234,-0.3045876500529089
sniiier,SniIIer,NLC,2024,unknown,sup,Ruzeh Esports,1,1,Profil neutre,6.815954685211182,4.010531902313232,False,0.4,5,0.3905403162697625,-0.39647837345663,-2.24504953263761,-0.7258337360432254
sniiier,SniIIer,NLC,2025,Spring,sup,KAOS e-sport,1,1,Profil neutre,5.3680901527404785,4.089428901672363,False,0.2857142857142857,14,0.9239528365659564,-0.0777392439239609,-1.1840362905123407,-0.6557226072939686
sniiier,SniIIer,NLC,2025,Summer,sup,KAOS e-sport,1,1,Profil neutre,5.364396095275879,3.838902235031128,False,0.1111111111111111,9,0.6796846282417791,0.3050565871033862,-0.3666389211636722,-1.17581242421186
snurmi,Snurmi,NLC,2024,unknown,bot,BlueWhites,0,0,Profil neutre,3.807616710662842,10.2396240234375,False,0.3333333333333333,12,0.266384911062096,-2.094488720921716,-1.63087726489661,-0.6901363244959866
soldier,Soldier,LFL,2026,unknown,bot,Ici Japon Corp. Esport,2,2,Profil équilibré,5.741545677185059,11.389278411865234,False,0.3870967741935484,31,-1.0917256632017234,-0.5606200826887159,0.3090590357113174,-0.3689932981059554
soldier,Soldier,LFL2,2025,Spring,bot,Team Valiant,2,2,Profil équilibré,8.85073184967041,8.70875358581543,False,0.7037037037037037,27,-0.2850152579770841,0.1720213157317009,1.291669751801295,1.210797862069375
soldier,Soldier,LFL2,2025,Summer,bot,Caldya Esport,2,2,Profil équilibré,7.410445690155029,9.918940544128418,False,0.4117647058823529,17,-0.8560981067660082,1.416199376607914,0.5374143502430911,-0.5245969164373013
soldier,Soldier,LFL2,2025,Winter,bot,Team Valiant,1,1,High DPS | Farmer dominant | Lane bully | Early dominant | High performer,9.427017211914062,8.783989906311035,False,0.5789473684210527,19,-0.283371969957878,0.4050123944704675,1.3162697672062302,0.6742213373961378
sotsy,Sotsy,LFL,2025,Summer,top,GameWard,0,0,Profil neutre,3.672757863998413,4.997146129608154,False,0.217391304347826,23,-2.376486712506391,-0.774731150389034,-2.177535796068452,-1.766385851287866
sotsy,Sotsy,LVP SL,2024,Summer,top,LUA Gaming,2,2,Profil neutre,5.902181625366211,6.760488033294678,False,0.3888888888888889,18,0.8615580843486664,-0.0736673915571414,-0.4470324094476152,-0.4350396298581827
sotsy,Sotsy,LVP SL,2025,Spring,top,Ramboot Club,2,2,Profil neutre,4.909209251403809,5.653185844421387,False,0.4,15,-0.2909975005518496,-1.082140983550314,-0.2698552353377292,-0.2112480878904371
soul,Soul,NLC,2026,Spring,sup,DMG Esports,0,0,High DPS | Versatile | High performer,3.653737783432007,5.755245685577393,False,0.375,8,0.4297161195268912,-1.204081694450705,-0.0414348482425952,-0.4940583432280061
soul,Soul,NLC,2026,Summer,sup,DMG Esports,2,2,Farmer dominant | Lane bully | Early dominant,3.4268875122070312,5.315690994262695,False,0.5714285714285714,14,0.0869991683398061,-0.1826481676940686,0.1760217386711086,0.5000724431129574
soul,Soul,NLC,2026,Winter,sup,Lundqvist Lightside,1,1,Profil neutre,4.9502692222595215,4.684157848358154,False,0.375,8,0.7027232136861776,-0.5404681091635866,-0.0439072944322501,-0.4063326199141981
soul,Soul,TCL,2024,unknown,sup,Lynch Esports,1,1,Profil neutre,6.655817031860352,3.7746009826660156,False,0.0,6,-0.7180868822479018,-1.1783110038763056,-0.5050553402403833,-1.324520446730734
space,Space,NLC,2024,Summer,bot,Nativz,0,0,Profil neutre,5.161038875579834,12.253357887268066,False,0.3333333333333333,12,-1.649848628320336,-0.3801127756418384,-0.2599128059188811,-0.7013936523453929
spark,Spark,NLC,2025,unknown,bot,Brod n Friends,1,1,High DPS | Farmer dominant | Lane bully | Early dominant | High performer,9.495031356811523,9.568887710571289,False,0.5,6,0.9368520135946728,1.2811628927657277,-0.1429994257224114,-0.1837896019453809
sparz,Sparz,TCL,2024,Winter,sup,Dark Passage,1,1,Profil neutre,4.149933338165283,5.106543064117432,False,0.5652173913043478,23,-1.327544752009159,-0.884955395374794,-0.543917757254797,0.4474650954315745
special,Special,LVP SL,2024,Spring,mid,Rebels Gaming,2,2,Profil neutre,6.1008124351501465,1.8733471632003784,False,0.3888888888888889,18,-0.220848043536588,-0.1720402316456711,-1.218061782925337,-0.5778161387312636
spiderlair,Spiderlair,NLC,2026,Spring,jng,Lundqvist Lightside,1,1,Profil neutre,7.937244892120361,1.2517036199569702,False,0.2857142857142857,7,-1.1020371708154555,-2.030125512387718,-0.7172995553998734,-0.9417694130513904
spiderlair,Spiderlair,NLC,2026,Summer,jng,Lundqvist Lightside,2,2,Profil neutre,5.1870036125183105,1.0809599161148071,False,0.4166666666666667,12,-0.526679229489439,-0.6341878559840872,-0.3440532991637446,-0.1895366083686985
spooder,Spooder,LFL,2026,unknown,top,TLN Pirates,2,2,Profil neutre,5.946437358856201,7.430556774139404,False,0.5606060606060606,66,-0.7508458665573847,-0.491452035122303,-0.1990775470716116,0.7458880208381631
spooder,Spooder,LVP SL,2024,Spring,top,Guasones,2,2,Profil neutre,9.131109237670898,5.362166404724121,False,0.5483870967741935,31,0.7436567650239371,-1.0725949628415603,0.1483108440186753,0.4344536226547417
spooder,Spooder,LVP SL,2024,Summer,top,Rebels Gaming,0,0,Profil neutre,6.677475929260254,4.35821008682251,False,0.1111111111111111,18,-1.567404547945624,-0.7543126830354273,-0.9963715493980924,-1.918043928507291
spooder,Spooder,LVP SL,2025,Spring,top,Movistar KOI Fénix,0,0,Profil neutre,3.0894851684570312,5.26181697845459,False,0.3076923076923077,13,-1.622589034745008,-1.7080663971355163,-0.4657728430169008,-0.647368168046925
spooder,Spooder,LVP SL,2025,Winter,top,Movistar KOI Fénix,2,2,Profil neutre,7.935457706451416,6.68530797958374,False,0.5333333333333333,15,-0.1589208889177898,-0.9885627511711764,0.0534237661551126,0.3677559338624794
spooky,SPOOKY,LFL,2026,unknown,jng,Skillcamp,2,2,Profil neutre,3.167121410369873,-0.41194236278533936,False,0.5294117647058824,51,0.5016234953130803,0.1411889536056819,0.7717791853910708,0.52866360751902
spooky,SPOOKY,LFL2,2025,Spring,jng,Team Valiant,0,0,High DPS | Farmer dominant | Lane bully | Early dominant | High performer,2.412531852722168,-0.26033952832221985,False,0.7037037037037037,27,1.0348853310257782,0.5099301514280955,1.5936326896152606,1.2567255111709743
spooky,SPOOKY,LFL2,2025,Summer,jng,Caldya Esport,2,2,Profil neutre,3.3514211177825928,-0.46552327275276184,False,0.4117647058823529,17,0.3640596339236268,0.1899929245809622,0.5849421230184145,-0.5245969164373013
spooky,SPOOKY,LFL2,2025,Winter,jng,Team Valiant,0,0,High DPS | Farmer dominant | Lane bully | Early dominant | High performer,-0.38873448967933655,0.6429987549781799,False,0.5789473684210527,19,0.7973954022412452,1.0558658693257612,1.3329555982374284,0.6165701666491543
squiddly,Squiddly,NLC,2024,unknown,mid,Garden Gaming,1,1,Profil neutre,6.663139820098877,3.1951982975006104,False,0.5,16,-0.3017417502250654,-0.5259955238599502,-0.2590261512043216,0.0866596671004316
squiddly,Squiddly,NLC,2026,Summer,mid,B2U,1,1,Profil neutre,6.8298773765563965,3.3744187355041504,False,0.5,14,0.2769031733822023,-0.0491131165494982,-0.4371795694390575,0.2531584925424477
sriffow,Sriffow,LVP SL,2025,Spring,jng,ZETA,1,1,Profil neutre,8.168912887573242,2.1908047199249268,False,0.3333333333333333,6,-0.8784433736286483,-1.0222813584311792,-1.9200178400864565,-0.5262237013367896
stalken,Stalken,TCL,2024,Summer,jng,Galakticos,2,2,Profil neutre,4.767810344696045,2.2642149925231934,False,0.0,6,-1.4245123284848773,-0.3358597055983638,0.7936398608247413,-1.5506037268004698
stalken,Stalken,TCL,2025,Summer,jng,BoostGate Esports,0,0,High DPS | Farmer dominant | Lane bully | Early dominant | High performer,1.723421335220337,-0.08031659573316574,False,0.1538461538461538,13,0.3190804934505415,1.353256427998731,0.4206528071937573,-1.265457108318337
stalken,Stalken,TCL,2026,Spring,jng,PCIFIC Esports,0,0,High DPS | Farmer dominant | Lane bully | Early dominant | High performer,1.8498183488845825,-0.8602036237716675,False,0.5806451612903226,31,0.0357870755604681,1.1089235684538068,0.4638111800421393,0.4329035735596399
stalken,Stalken,TCL,2026,Summer,jng,PCIFIC Esports,0,0,High DPS | Farmer dominant | Lane bully | Early dominant | High performer,0.15375326573848724,0.11017358303070068,False,0.6363636363636364,22,-0.0911291873005211,1.534183544855385,1.0951165102504692,0.8755867568674237
stansfield,Stansfield,TCL,2026,Summer,bot,Shark Attack,0,0,Profil neutre,3.916534423828125,12.53745174407959,False,0.2222222222222222,9,-1.1646427701361934,-2.3248793144518807,-2.2051762002810844,-0.8246236365846988
starscreen,StarScreen,LVP SL,2025,Spring,top,Veni Vidi Vici,2,2,Profil neutre,6.763079643249512,8.048277854919434,False,0.5333333333333333,15,-0.4794640515095711,0.3473196431795818,0.0447464129731026,0.4187031390022674
starscreen,StarScreen,TCL,2024,Winter,top,FUT Esports,2,2,Profil neutre,5.271546840667725,7.358078956604004,False,0.4736842105263157,19,-0.6579236455571364,-0.406659471201839,-0.9039419533032444,0.0679937756748283
starscreen,StarScreen,TCL,2026,Kickoff,top,Bushido Wildcats,1,1,Carry agressif | High DPS | Farmer dominant | Lane bully | Early dominant,8.958714485168457,8.459144592285156,False,0.631578947368421,19,1.330950075883389,-0.2793579731205918,0.4815947022078397,0.6823579454454457
starscreen,StarScreen,TCL,2026,Spring,top,Ozarox Esports,2,2,Profil neutre,7.993279933929443,6.11027193069458,False,0.5,20,-0.4766725890227692,0.0718253858896613,0.277985632784537,0.0966567887032839
steeelback,Steeelback,LFL,2024,Spring,sup,GameWard,2,2,Farmer dominant | Lane bully | Early dominant,2.777928113937378,2.5045742988586426,False,0.3888888888888889,18,-1.187174133805541,0.932814380220852,0.3915722582159741,-0.5350768233577162
steeelback,Steeelback,LFL,2024,Summer,sup,GameWard,1,1,Profil neutre,6.722443580627441,3.3539793491363525,False,0.4090909090909091,22,-0.6361656717066149,-0.9230669952535804,-1.4493128794466086,-0.2599600871066553
steeelback,Steeelback,LFL,2026,unknown,sup,Skillcamp,1,1,Profil neutre,5.417936325073242,5.524860858917236,False,0.5294117647058824,51,-0.9741615643094476,-1.1691453428585517,-0.7602169076858836,0.4161149018801349
steeelback,Steeelback,LFL2,2025,Spring,sup,Team Valiant,0,0,High DPS | Versatile | High performer,3.4057528972625732,7.324984550476074,False,0.7037037037037037,27,-0.6881274399823729,-1.387325953499545,1.6346983279448069,1.2593505928824926
steeelback,Steeelback,LFL2,2025,Summer,sup,Caldya Esport,1,1,Profil neutre,6.392882347106934,4.048096656799316,False,0.4117647058823529,17,-1.919565426401295,-1.8785117904197963,0.1134042576112301,-0.762968683074633
steeelback,Steeelback,LFL2,2025,Winter,sup,Team Valiant,0,0,High DPS | Versatile | High performer,5.133369445800781,6.304205417633057,False,0.5789473684210527,19,-0.4837088326557959,-1.364523798622789,0.8196434912435163,0.6151376324423952
stefan,Stefan,LFL,2026,unknown,jng,TLN Pirates,2,2,Profil neutre,4.1116204261779785,-0.1827763020992279,False,0.5606060606060606,66,0.6400290393473546,-0.1051339500659284,-0.7617117871481197,0.6828410790746355
stefan,Stefan,TCL,2025,Winter,jng,ULF Esports,1,1,Profil neutre,6.591944694519043,1.9507397413253784,False,0.1428571428571428,14,-1.3070854901112987,-0.3060140393719862,-0.750068420420491,-1.650468319887008
stend,Stend,LFL,2024,Spring,sup,Vitality.Bee,0,0,High DPS | Versatile | High performer,1.2104283571243286,7.226113319396973,True,0.5416666666666666,24,0.6093007581330021,-0.3170990125480869,0.5306459847054583,0.3808132396730003
stend,Stend,LFL,2024,Summer,sup,Vitality.Bee,0,0,High DPS | Versatile | High performer,2.0975112915039062,6.944032192230225,True,0.6,30,1.2084297085944566,-0.0674371458178279,0.3573556341759736,0.6130054391244865
stormax,Stormax,LFL,2025,Flash In,jng,GameWard,1,1,Profil neutre,8.074370384216309,1.0724685192108154,False,0.1666666666666666,6,-0.9576870712931828,-1.3859994462744236,-0.8843617177271479,-1.6984473200890384
stormax,Stormax,LFL,2025,Spring,jng,GameWard,1,1,Profil neutre,8.150752067565918,1.6967813968658447,False,0.3571428571428571,14,-1.781266042030387,-0.9699196249330656,-1.4379735987114477,-0.654133593182373
stormax,Stormax,LFL,2025,Summer,jng,GameWard,1,1,Profil neutre,8.168906211853027,1.03200364112854,False,0.217391304347826,23,-1.5337944842238596,-1.250971957771799,-1.498370425356674,-1.7663858512878652
strato,Strato,NLC,2024,unknown,top,Lazy In Life,2,2,Profil neutre,6.064457416534424,5.993434906005859,False,0.5714285714285714,14,0.3637169581606029,-0.595642866806294,-0.4594425912794669,0.3720087998301603
sukru,Sukru,TCL,2026,Kickoff,top,Dark Passage,2,2,Profil neutre,6.207197189331055,5.317309379577637,False,0.3076923076923077,13,0.1099292370707284,-0.738017166780533,-0.315954993003493,-0.4417254746214521
sumi,Sumi,NLC,2024,Summer,mid,Lundqvist Lightside,1,1,Profil neutre,8.100680351257324,3.2326629161834717,False,0.5,14,1.517337530968631,-0.4054579765308148,-0.0326771119741155,0.1480976502082934
sumi,Sumi,NLC,2024,unknown,mid,UniQ Esports Club,1,1,Profil neutre,8.284104347229004,3.145069122314453,False,0.5454545454545454,22,1.3589473764574205,0.3255726197591938,-0.3869364966424742,0.2996463651756136
sundax,Sundax,NLC,2026,Summer,sup,Volda E-Sport,2,2,Farmer dominant | Lane bully | Early dominant,1.4181005954742432,3.6281328201293945,False,0.4117647058823529,17,0.693679960309923,0.6144648542363091,1.146390457966675,-0.2231930948172818
sunfry,Sunfry,LFL,2026,unknown,sup,Project Conquerors,2,2,Farmer dominant | Lane bully | Early dominant,3.2965807914733887,5.855018138885498,False,0.3636363636363636,11,-0.0028779736978485,-0.5898696683589626,1.6380417526538804,-0.4945897687340662
sunfry,Sunfry,NLC,2025,Spring,sup,Lundqvist Lightside,1,1,Profil neutre,4.225716590881348,4.925617694854736,False,0.3333333333333333,9,-0.0311075116859062,-1.2077902404281124,0.3713041479019481,-0.4527030318612352
sven,Sven,PRM,2024,unknown,top,Kaufland Hangry Knights,2,2,Profil neutre,5.573971748352051,5.582291603088379,False,0.6666666666666666,9,0.3746488315371947,-1.207592342935534,-0.6432971037063304,1.1343435323548203
sven,Sven,PRM,2026,Spring,top,VfB eSports,0,0,Profil neutre,5.79935359954834,4.797856330871582,False,0.1666666666666666,18,-0.3349928256779038,0.1939995265205933,-1.06648719686489,-1.2206834714941863
sven,Sven,PRM,2026,Summer,top,VfB eSports,2,2,Profil neutre,7.269474506378174,4.338995456695557,False,0.2777777777777778,18,0.3202139187924202,-0.1211890036137195,0.1549579485524457,-1.0014476212694143
sven,Sven,PRM,2026,unknown,top,VfB eSports,2,2,Profil neutre,5.771505355834961,6.513672351837158,False,0.25,8,1.1367817604353525,-1.3754322851177638,-0.3508631459920259,-1.0902541808989905
swit,SwiT,PRM,2025,Finals,top,Austrian Force willhaben,0,0,Profil neutre,3.6114938259124756,5.5797834396362305,False,0.4,5,-1.8200712564452053,-1.629350606724954,-1.5674717728433414,-0.8846285939907654
swit,SwiT,PRM,2025,Summer,top,Austrian Force willhaben,0,0,Profil neutre,3.208916664123535,5.457297325134277,False,0.3846153846153846,13,-1.845190832847857,-1.3625071989862518,-0.4809219664859849,-0.4264876566895451
syhm,Syhm,NLC,2024,unknown,sup,Lazy In Life,0,0,High DPS | Versatile | High performer,3.5355539321899414,4.506739616394043,False,0.7,10,-0.6094294745835188,-0.3763233838635593,0.2341855909087835,1.1444513338603464
syn,Syn,NLC,2026,Summer,bot,Brod n Friends,2,2,Profil équilibré,5.6333160400390625,9.698709487915039,False,0.5,12,0.1847319788705456,-0.1059831319473735,-0.4327272560115142,0.249929055119764
syzyfek,Syzyfek,LVP SL,2024,Spring,bot,Guasones,1,1,High DPS | Farmer dominant | Lane bully | Early dominant | High performer,7.942286014556885,7.907000541687012,False,0.5483870967741935,31,0.747049673070193,1.0008629976823062,-0.1762405803127223,0.4635397436908771
syzyfek,Syzyfek,LVP SL,2024,Summer,bot,Guasones,2,2,Profil équilibré,5.23381233215332,9.187505722045898,False,0.3888888888888889,18,-0.3344663753979948,-1.2878546540168758,-0.0341239519256618,-0.4523253679583836
syzyfek,Syzyfek,LVP SL,2025,Summer,bot,Ramboot Club,2,2,Profil équilibré,5.855701446533203,8.794161796569824,False,0.5,14,0.7018296204502698,-0.5292154755967334,0.0964870978472365,0.2156537493932901
syzyfek,Syzyfek,NLC,2026,Winter,bot,Bulldog Esports,1,1,High DPS | Farmer dominant | Lane bully | Early dominant | High performer,8.89551830291748,7.747669696807861,False,0.5,12,0.5270760043379289,-0.1712094954651398,0.1785703991598262,0.1874855076236092
syzyfek,Syzyfek,PRM,2025,Spring,bot,ROSSMANN Centaurs,2,2,Profil équilibré,7.010212421417236,7.801868438720703,False,0.4848484848484848,33,1.2391747058381846,-0.2400089352241304,-0.1926450063295526,-0.1309059871939082
syzyfek,Syzyfek,PRM,2025,Winter,bot,ROSSMANN Centaurs,0,0,Profil neutre,5.627406120300293,11.976984977722168,False,0.2727272727272727,11,0.5261819731222218,0.1838208312348083,-1.1989554242949811,-1.0917103311374805
szygenda,Szygenda,LFL,2025,Flash In,top,BK ROG Esports,2,2,Profil neutre,7.643465042114258,6.898700714111328,False,0.5833333333333334,12,-0.0412738699352102,-0.5886500191168983,0.2405592298339531,0.5610338471034715
szygenda,Szygenda,LFL,2025,Spring,top,BK ROG Esports,1,1,Carry agressif | High DPS | Farmer dominant | Lane bully | Early dominant,10.167987823486328,8.95399284362793,False,0.6764705882352942,34,0.9898287975996912,0.3051885691330042,2.1681396853201425,1.3551016537812146
szygenda,Szygenda,LFL,2025,Summer,top,BK ROG Esports,1,1,Carry agressif | High DPS | Farmer dominant | Lane bully | Early dominant,10.020065307617188,6.821398735046387,False,0.4137931034482758,29,0.1338603410468244,1.4062470385567325,0.9731957774519784,-0.4475107206201757
szygenda,Szygenda,NLC,2026,Spring,top,Bulldog Esports,1,1,Carry agressif | High DPS | Farmer dominant | Lane bully | Early dominant,11.093395233154297,8.519803047180176,False,0.4545454545454545,11,0.6724239719746916,1.636919988158886,2.211093168298637,-0.1350845648278659
szygenda,Szygenda,PRM,2026,unknown,top,Eintracht Frankfurt,1,1,Carry agressif | High DPS | Farmer dominant | Lane bully | Early dominant,10.098494529724121,6.251189708709717,False,0.4444444444444444,9,0.0826135580289524,0.9358361751714764,1.0714975735853096,-0.3243408495147532
taegyeong,Taegyeong,TCL,2024,Winter,top,BoostGate Esports,2,2,Profil neutre,8.294050216674805,5.995202541351318,False,0.6538461538461539,26,0.5492703060372698,-0.3827191386195411,0.1003080324866118,0.8524891328692827
takeset,TakeSet,LFL,2024,Summer,bot,Solary,2,2,Profil équilibré,6.260310649871826,9.118239402770996,False,0.4444444444444444,18,0.7003992437860518,-0.0079707788084084,-0.9170306946543364,-0.0982998044712588
takeset,TakeSet,LFL,2025,Flash In,bot,Solary,2,2,Profil équilibré,7.0556535720825195,11.705077171325684,False,0.4761904761904761,21,-0.4006323542851544,0.1843241107978477,0.3075516690306453,-0.0199755958888882
takeset,TakeSet,LFL,2025,Spring,bot,Solary,2,2,Profil équilibré,6.687079906463623,9.751959800720215,False,0.5263157894736842,19,0.143391112727342,-0.2789398413930873,-0.2044259005537533,0.4103158278198043
takeset,TakeSet,LFL,2025,Summer,bot,Solary,2,2,Profil équilibré,6.459514617919922,9.1463623046875,False,0.4545454545454545,22,0.8690777271925402,-0.3266997700980482,0.2755629581429558,-0.1738509953810086
takeset,TakeSet,TCL,2024,Winter,bot,FUT Esports,1,1,High DPS | Farmer dominant | Lane bully | Early dominant | High performer,10.374802589416504,8.215900421142578,False,0.4736842105263157,19,-0.5046898148698415,1.98653253141695,0.8807754758856706,0.0466552114569153
tao,Tao,LFL,2026,unknown,top,Karmine Corp Blue,2,2,Profil neutre,6.563040733337402,6.74594259262085,False,0.5581395348837209,43,-0.6350628348741658,-0.4104620598780975,-0.4252446431233067,0.7332584084919044
tao,Tao,LFL2,2025,Spring,top,Karmine Corp Blue Stars,1,1,Carry agressif | High DPS | Farmer dominant | Lane bully | Early dominant,10.405969619750977,6.4702277183532715,True,0.3571428571428571,14,0.2490768605491637,1.2514828826482636,1.564892860322255,-0.5097879005200766
tao,Tao,LFL2,2025,Summer,top,Karmine Corp Blue Stars,1,1,Carry agressif | High DPS | Farmer dominant | Lane bully | Early dominant,8.824691772460938,5.243783950805664,True,0.2857142857142857,14,1.966460257006364,1.8747924445102548,0.4117655670512112,-1.496668885604277
tao,Tao,LFL2,2025,Winter,top,Karmine Corp Blue Stars,1,1,Carry agressif | High DPS | Farmer dominant | Lane bully | Early dominant,9.576167106628418,5.999092102050781,True,0.5,14,0.5788819381834734,0.8519427751505122,0.263659537090162,0.2166025584376722
targamas,Targamas,LFL,2026,unknown,sup,French Flair,0,0,High DPS | Versatile | High performer,1.6374399662017822,6.420759677886963,False,0.68,25,1.0245578436817395,0.0787827460509435,0.9834593173956634,1.2433872736380676
tatuy,Tatuy,NLC,2025,unknown,jng,Epic Avalanche,2,2,Profil neutre,5.216071605682373,1.156253695487976,False,0.5555555555555556,9,0.0003429521878161,-0.8924264376680174,-0.0200941999227481,0.2150729384467244
tatuy,Tatuy,NLC,2026,Summer,jng,Epic Avalanche,1,1,Profil neutre,8.047343254089355,0.847805917263031,False,0.0,6,-0.5955001309427497,-1.598817288509759,-1.3603496556526922,-1.993198420253366
taxvig,Taxvig,NLC,2024,unknown,jng,KAOS e-sport,2,2,Profil neutre,4.902797698974609,0.9833349585533142,False,0.75,12,-1.170301250537111,-1.2935033628192485,0.0228665234634806,1.258086506513933
taxvig,Taxvig,NLC,2025,Winter,jng,KAOS e-sport,1,1,Profil neutre,6.658692359924316,1.0590862035751343,False,0.3636363636363636,11,0.5141685885504734,-1.7527001588442486,-0.053305009231,-0.5092510398386534
tayron,Tayron,NLC,2025,Spring,top,Verdant,2,2,Profil neutre,6.789727687835693,5.708691596984863,False,0.5882352941176471,17,0.0199528143596569,-1.320215735120707,-0.6798876957660374,0.567714776187226
tayron,Tayron,TCL,2025,Summer,top,The Forbidden Five,0,0,Profil neutre,4.054195404052734,4.144683837890625,False,0.0,10,-1.61861768427825,-0.3328931853590131,-1.070315322870138,-1.8129084043743224
tayto,Tayto,PRM,2025,unknown,top,DKB XPERION NXT,2,2,Profil neutre,5.759603500366211,5.8397216796875,False,0.4166666666666667,12,1.126103247302303,0.1147117851181786,-1.1302239498120117,-1.1425264714123282
tazaku,Tazaku,PRM,2024,Spring,bot,E WIE EINFACH E-SPORTS,2,2,Profil équilibré,7.5179901123046875,7.852030277252197,False,0.5,18,0.1942601264952322,0.8844141894152168,-1.2207589484193897,-4.739625182578547e-16
tazaku,Tazaku,PRM,2024,Summer,bot,E WIE EINFACH E-SPORTS,2,2,Profil équilibré,6.529896259307861,8.648468971252441,False,0.3333333333333333,18,-0.93996181624932,-0.4953955855446998,-0.1347944564091629,-1.0062305898749055
tazaku,Tazaku,PRM,2026,Spring,bot,VfB eSports,0,0,Profil neutre,4.656167984008789,12.042746543884277,False,0.1666666666666666,18,-1.0380042874448858,-1.0740982258970655,-0.8609173061098792,-1.0664772996454206
tazaku,Tazaku,PRM,2026,Summer,bot,VfB eSports,2,2,Profil équilibré,5.742813587188721,10.076077461242676,False,0.2777777777777778,18,0.0492987763534584,-0.7447142619401355,0.0974243106795911,-1.083270393423282
techoteco,Techoteco,PRM,2025,Spring,jng,Eintracht Frankfurt,1,1,Profil neutre,6.799356937408447,0.7351299524307251,False,0.2857142857142857,21,0.185114994829458,-0.5539047777219166,-0.8012498438042643,-1.256324444214604
techoteco,Techoteco,PRM,2025,Winter,jng,Eintracht Frankfurt,2,2,Profil neutre,5.4351935386657715,0.4632120430469513,False,0.5,14,-0.5682408322073232,-1.0694032202529056,-1.4284774201538613,0.173031866273085
techoteco,Techoteco,PRM,2025,unknown,jng,DKB XPERION NXT,0,0,High DPS | Farmer dominant | Lane bully | Early dominant | High performer,1.7113739252090454,-0.14360737800598145,False,0.4166666666666667,12,0.5813763826634959,0.4596847455194535,0.9416140921416102,-1.1425264714123282
tempt,Tempt,NLC,2024,Spring,mid,Lionscreed,0,0,High DPS | Farmer dominant | Lane bully | Early dominant,12.519657135009766,1.925492525100708,False,0.7272727272727273,22,0.2176870387529612,0.8965881322518815,1.1471792277594752,1.6725209640610983
th3antonio,Th3Antonio,LVP SL,2024,Spring,top,GIANTX iTero,2,2,Profil neutre,4.765255451202393,7.201451301574707,True,0.5625,32,0.2375605030510749,-0.9040462425970288,-1.2705945256266749,0.5169231921984286
thayger,Thayger,LFL,2026,unknown,jng,Galions,0,0,High DPS | Farmer dominant | Lane bully | Early dominant | High performer,-0.35260316729545593,-0.7264209985733032,False,0.647887323943662,71,0.8524634868094983,1.499259716233713,0.970919150275112,1.1142277831898058
thayger,Thayger,LVP SL,2024,Spring,jng,Guasones,2,2,Profil neutre,2.83544659614563,2.1744349002838135,True,0.5483870967741935,31,-0.4801988214829631,0.6719002433010208,-0.4242241875242615,0.51647539144274
thayger,Thayger,LVP SL,2024,Summer,jng,Barça eSports,0,0,High DPS | Farmer dominant | Lane bully | Early dominant | High performer,0.4219220280647278,1.2505977153778076,True,0.6,30,1.1459855680774618,1.2975317979199823,-0.0588225872172083,0.6833643804005576
thayger,Thayger,LVP SL,2025,Spring,jng,Barça eSports,0,0,High DPS | Farmer dominant | Lane bully | Early dominant | High performer,1.6130744218826294,-0.8164701461791992,True,0.6451612903225806,31,0.6008708960737565,1.2299992420074386,0.5652939602642028,0.9470493292993746
thayger,Thayger,LVP SL,2025,Winter,jng,Barça eSports,0,0,High DPS | Farmer dominant | Lane bully | Early dominant | High performer,2.359799861907959,-0.7030389904975891,True,0.5172413793103449,29,0.492199911231367,0.3002769648508127,0.234646045429182,0.2984350956767053
theocacs,Theocacs,LFL,2025,Flash In,jng,Ici Japon Corp. Esport,1,1,Profil neutre,6.479678630828857,1.383882999420166,False,0.5,20,-0.3796382092887572,-1.1213682309670574,-0.4141300618587993,0.1091376136649696
theocacs,Theocacs,LFL,2025,Spring,jng,Ici Japon Corp. Esport,1,1,Profil neutre,7.524581432342529,2.1933369636535645,False,0.5263157894736842,19,-0.5818370722630356,-1.4237489105194856,-1.3732855391266785,0.4103158278198043
theocacs,Theocacs,LFL,2025,Summer,jng,Ici Japon Corp. Esport,1,1,Profil neutre,7.14550256729126,3.104565143585205,False,0.5,22,-0.0350922621327541,-1.0469452465948252,-1.0623657534968802,0.131384852001139
theocacs,Theocacs,NLC,2024,Summer,jng,Venomcrest Esports,2,2,Profil neutre,5.081634998321533,1.3081895112991333,False,0.6538461538461539,26,-0.4398456948811299,-0.7024842003478295,-0.8665681675765456,0.8681388062559774
theoloris,Theoloris,LFL2,2024,Spring,top,Akroma,2,2,Profil neutre,4.71243143081665,5.803914546966553,False,0.1666666666666666,6,-1.233492598575327,-0.3385298616402725,-0.5035411771133128,-1.4142135623730951
theoloris,Theoloris,NLC,2024,Summer,top,Nativz,2,2,Profil neutre,6.993875026702881,5.204251289367676,False,0.2857142857142857,14,0.0480329983759089,-0.1064814300799632,0.3502700178162307,-0.8868684106241422
thien,Thien,LVP SL,2025,Summer,top,Ramboot Club,2,2,Profil neutre,8.55772876739502,6.5491414070129395,False,0.5,14,0.8119875898775017,-0.7035653771080045,0.3511433706052723,0.2156537493932898
thomas,Thomas,LFL,2026,unknown,sup,TLN Pirates,0,0,High DPS | Versatile | High performer,4.5138258934021,6.405365467071533,False,0.5606060606060606,66,-0.1770625373853928,-0.9945886774925988,-0.8170847058148055,0.5874840603290434
thomas,Thomas,LVP SL,2024,unknown,sup,Veni Vidi Vici,0,0,High DPS | Versatile | High performer,2.797029495239258,6.633397102355957,False,0.7272727272727273,11,0.7071067811865466,-0.7071067811865476,0.7071067811865476,0.7071067811865476
thomas,Thomas,LVP SL,2025,Spring,sup,Veni Vidi Vici,2,2,Farmer dominant | Lane bully | Early dominant,4.382507801055908,3.45759654045105,False,0.5333333333333333,15,-0.6614449501000877,0.8705916569251151,0.5588837234613837,0.4187031390022674
thomas,Thomas,LVP SL,2025,Summer,sup,Movistar KOI Fénix,1,1,Profil neutre,6.709019660949707,4.458874225616455,False,0.5,18,0.6107556214594786,-1.7952245343369737,-0.5284124780415296,0.2156537493932901
thomas,Thomas,LVP SL,2025,Winter,sup,Veni Vidi Vici,0,0,High DPS | Versatile | High performer,2.2635655403137207,4.927089214324951,False,0.55,20,0.9222953947503126,0.1145338503223207,-1.3556138042902848,0.4395525162691745
thoug,Thoug,NLC,2025,unknown,sup,Bitfix Gaming,2,2,Farmer dominant | Lane bully | Early dominant,1.8287022113800049,2.725902557373047,False,0.3333333333333333,6,0.8333179817222052,1.3063162103064536,-0.4368003145645291,-1.475789858297939
tiky,Tiky,LFL2,2024,unknown,mid,Nameless (French Team),2,2,Profil neutre,6.484455585479736,2.696479082107544,False,0.6363636363636364,11,-0.4304062927047387,-1.3801030164906165,-0.2819524105081996,0.5733640590867928
time,Time,LVP SL,2024,unknown,jng,Veni Vidi Vici,0,0,High DPS | Farmer dominant | Lane bully | Early dominant | High performer,2.2554244995117188,-0.28304168581962585,False,0.7272727272727273,11,0.7071067811865475,0.7071067811865475,0.7071067811865476,0.7071067811865476
time,Time,LVP SL,2025,Spring,jng,Veni Vidi Vici,0,0,High DPS | Farmer dominant | Lane bully | Early dominant | High performer,-0.4822178781032562,-0.17378859221935272,False,0.5333333333333333,15,0.7295668738789365,1.595264873986864,1.5566035711845734,0.4187031390022674
time,Time,LVP SL,2025,Summer,jng,Movistar KOI Fénix,2,2,Profil neutre,1.887436032295227,-0.5551808476448059,False,0.5,18,-0.0695673226866181,1.05109131237908,0.8393534164152532,0.2156537493932901
time,Time,LVP SL,2025,Winter,jng,Veni Vidi Vici,0,0,High DPS | Farmer dominant | Lane bully | Early dominant | High performer,1.4881311655044556,-1.1679880619049072,False,0.55,20,1.8019391878787387,1.2962059150146985,0.6236635973911809,0.4395525162691744
toasty,Toasty,PRM,2026,Spring,mid,G2 NORD,1,1,Profil neutre,9.201029777526855,4.086381912231445,False,0.6590909090909091,44,-0.1711613761466356,-0.3760377535758575,-0.1975667928356282,0.9386512102718084
toasty,Toasty,PRM,2026,Summer,mid,G2 NORD,0,0,High DPS | Farmer dominant | Lane bully | Early dominant,12.295354843139648,2.2204556465148926,False,0.7368421052631579,19,0.6466980438809881,0.973929371009626,1.0697949282704808,1.199709735793245
toasty,Toasty,PRM,2026,Winter,mid,G2 NORD,0,0,High DPS | Farmer dominant | Lane bully | Early dominant,10.486368179321289,2.9523892402648926,False,0.6,15,0.3636095777837591,0.2747560286446758,0.3871169505927088,0.7630917156189824
tockimo,Tockimo,PRM,2025,Finals,sup,E WIE EINFACH E-SPORTS,1,1,Profil neutre,6.333282470703125,3.944427251815796,False,0.4,5,-1.4879695195986389,-0.9750341636004184,-1.8442450516291289,-0.8846285939907663
tockimo,Tockimo,PRM,2025,Spring,sup,E WIE EINFACH E-SPORTS,1,1,Profil neutre,4.26773738861084,4.043649196624756,False,0.44,25,-0.567049395123543,-0.8203447521869532,-0.9927283570752092,-0.4690513515046723
tockimo,Tockimo,PRM,2025,Summer,sup,E WIE EINFACH E-SPORTS,1,1,Profil neutre,5.64740514755249,5.800468921661377,False,0.3846153846153846,13,-0.5905838732187428,-1.5713429025427097,-1.21878376757903,-0.4264876566895451
tockimo,Tockimo,PRM,2025,Winter,sup,E WIE EINFACH E-SPORTS,0,0,High DPS | Versatile | High performer,3.8185083866119385,7.065550327301025,False,0.5909090909090909,22,0.265844998352609,-1.251541867659804,-0.2052848584449425,0.6789287452373107
tockimo,Tockimo,PRM,2026,Spring,sup,G2 NORD,0,0,High DPS | Versatile | High performer,4.564992427825928,7.194504737854004,False,0.6590909090909091,44,0.1598875934727469,-1.0619219123899082,-0.4010574872543682,0.938386357735988
tockimo,Tockimo,PRM,2026,Summer,sup,G2 NORD,0,0,High DPS | Versatile | High performer,3.534810781478882,6.293634414672852,False,0.7368421052631579,19,1.6416296657494427,-1.5004927157670072,1.6642197612156535,1.199709735793245
tockimo,Tockimo,PRM,2026,Winter,sup,G2 NORD,0,0,High DPS | Versatile | High performer,4.367202281951904,7.315310001373291,False,0.6,15,0.5098192527621814,-1.212274922123976,-0.1712389748566397,0.7630917156189824
toffe,Toffe,LFL,2025,Spring,mid,Team BDS Academy,2,2,Profil neutre,5.547067165374756,3.8696930408477783,False,0.0909090909090909,11,1.0238404098092146,-0.603882294237781,0.1407362234721276,-2.329297429466608
toffe,Toffe,LFL,2025,Summer,mid,Team BDS Academy,1,1,Profil neutre,6.27085542678833,4.2143473625183105,False,0.35,20,1.160636952011768,-0.3487287388746945,-0.4795298407482567,-0.8758934443599481
toffe,Toffe,LFL,2025,unknown,mid,Team BDS Academy,1,1,Profil neutre,5.917259216308594,2.7806506156921387,False,0.5,12,0.7071067811865501,0.7071067811865475,-0.707106781186548,-0.707106781186547
toffe,Toffe,LFL,2026,unknown,mid,TLN Pirates,0,0,High DPS | Farmer dominant | Lane bully | Early dominant,10.3959379196167,2.895582437515259,False,0.5606060606060606,66,0.4552967628642705,1.578500285338645,0.366517552797672,0.6769755201089506
toland,TolanD,PRM,2024,Spring,mid,Unicorns of Love Sexy Edition,0,0,High DPS | Farmer dominant | Lane bully | Early dominant,10.801497459411621,2.7000958919525146,False,0.6666666666666666,18,0.4530141859740059,0.7656475993458081,0.9089772532455572,0.7115124735378853
toland,TolanD,PRM,2024,Summer,mid,Unicorns of Love Sexy Edition,0,0,High DPS | Farmer dominant | Lane bully | Early dominant,9.427660942077637,0.053499940782785416,False,0.6111111111111112,18,-0.5647333570581534,1.7868944590562414,-0.1447259947410356,0.6708203932499379
toland,TolanD,PRM,2024,unknown,mid,Unicorns of Love Sexy Edition,0,0,High DPS | Farmer dominant | Lane bully | Early dominant,12.605281829833984,1.7608035802841187,False,0.6666666666666666,21,-0.4108789489397963,1.628229866635144,0.497094009593342,1.1874128632176704
toland,TolanD,TCL,2025,Winter,mid,Beşiktaş Esports,1,1,Profil neutre,6.92991828918457,1.2672345638275146,False,0.3125,16,-0.4602088972113562,0.0012264549068663,-0.3138109862410493,-0.7687046718099041
toonge,ToongE,TCL,2025,Spring,bot,BoostGate Esports,1,1,High DPS | Farmer dominant | Lane bully | Early dominant | High performer,8.348516464233398,7.026887893676758,False,0.6923076923076923,26,2.120232215363422,-0.5779045244198615,0.8559740124687457,1.4954793793032852
toonge,ToongE,TCL,2025,Summer,bot,Misa Esports,1,1,High DPS | Farmer dominant | Lane bully | Early dominant | High performer,11.358745574951172,7.769195079803467,False,0.6956521739130435,23,1.112707243936032,0.2780239260781537,1.6715402534411956,1.0693580849837374
toonge,ToongE,TCL,2025,Winter,bot,BoostGate Esports,2,2,Profil équilibré,8.63650131225586,7.065069675445557,False,0.5714285714285714,21,0.7770871512070864,-0.9575722519935012,0.3595229273879207,0.5689432962954556
torak,Torak,NLC,2024,Spring,mid,Lundqvist Lightside,1,1,Profil neutre,8.092989921569824,2.457548141479492,False,0.3846153846153846,13,-0.8190750662371055,-0.8018428885912912,0.3134334405437276,-0.6470851376790706
tore,Tore,NLC,2025,Summer,sup,Verdant,0,0,High DPS | Versatile | High performer,1.6852920055389404,5.696081161499023,False,0.7142857142857143,21,-0.1345957600094871,0.8626315745355989,1.09471808708466,0.9196297697496976
tore,Tore,PRM,2024,Spring,sup,Eintracht Frankfurt,2,2,Farmer dominant | Lane bully | Early dominant,0.9666124582290649,4.549886226654053,False,0.3333333333333333,18,0.8491684002440393,1.6288518026434409,1.3879058123159886,-0.7115124735378855
tore,Tore,PRM,2024,Summer,sup,Eintracht Frankfurt,2,2,Farmer dominant | Lane bully | Early dominant,2.42785382270813,3.447004556655884,False,0.3333333333333333,18,-0.0452201279077135,0.6688731060740895,1.2577759287511134,-0.997333723591566
tracyn,Tracyn,LVP SL,2025,Final Four,top,Team Heretics Academy,2,2,Profil neutre,5.763938903808594,5.5931243896484375,True,0.5,8,0.7071067811865486,-0.7071067811865475,-0.7071067811865475,-0.7071067811865475
tracyn,Tracyn,LVP SL,2025,Spring,top,Team Heretics Academy,1,1,Carry agressif | High DPS | Farmer dominant | Lane bully | Early dominant,11.043828010559082,8.609519958496094,True,0.6190476190476191,21,0.7426641222521871,1.0994404303252143,1.9014467229023049,0.8236717848618634
tracyn,Tracyn,LVP SL,2025,Summer,top,Team Heretics Academy,1,1,Carry agressif | High DPS | Farmer dominant | Lane bully | Early dominant,10.274600982666016,6.159475326538086,True,0.5652173913043478,23,0.4617245468001415,1.5310099546177331,1.203309038998878,0.5068503103183905
tracyn,Tracyn,LVP SL,2025,Winter,top,Team Heretics Academy,1,1,Carry agressif | High DPS | Farmer dominant | Lane bully | Early dominant,10.947966575622559,8.582388877868652,True,0.8,20,0.6802226651075661,0.85788431752088,1.4733283346926924,1.516501252369597
tracyn,Tracyn,PRM,2024,Spring,top,Austrian Force willhaben,1,1,Carry agressif | High DPS | Farmer dominant | Lane bully | Early dominant,10.411127090454102,9.066401481628418,False,0.6666666666666666,18,2.546638111804636,1.9641837630745052,1.4445520526197362,0.6984060493760375
tracyn,Tracyn,PRM,2024,Summer,top,Austrian Force willhaben,1,1,Carry agressif | High DPS | Farmer dominant | Lane bully | Early dominant,10.12515640258789,8.280915260314941,False,0.6111111111111112,18,1.0367318666349723,1.562941487394398,1.472478997190867,0.6374125891080483
tracyn,Tracyn,PRM,2024,unknown,top,Austrian Force willhaben,1,1,Carry agressif | High DPS | Farmer dominant | Lane bully | Early dominant,10.364630699157715,6.331513404846191,False,0.3636363636363636,11,0.9832797341390964,1.3823138610028467,1.3975207098654407,-0.7381174200952884
trayton,Trayton,LFL2,2024,unknown,sup,Nameless (French Team),1,1,Profil neutre,3.9532229900360107,4.984777927398682,False,0.6363636363636364,11,-0.0634784531224565,-1.2546534378121112,0.4252819885239202,0.6387540509960045
treatz,Treatz,LVP SL,2025,Spring,sup,Movistar KOI Fénix,1,1,Profil neutre,4.0452446937561035,5.479433059692383,False,0.3076923076923077,13,-0.6660420877389781,-1.653057216724926,0.3173161653457103,-0.647368168046925
treatz,Treatz,NLC,2025,Summer,sup,NORD Esports,0,0,High DPS | Versatile | High performer,4.803828239440918,6.639461040496826,False,0.625,16,-0.5624582687021003,-1.4299978731173737,0.6411078371308768,0.6094491818277563
treatz,Treatz,NLC,2025,Winter,sup,NORD Esports,0,0,High DPS | Versatile | High performer,4.148345947265625,6.805543422698975,False,0.55,20,1.2588909013162974,-0.519175805895982,-0.1803542140453694,0.3673132467280648
tsiper,Tsiper,LVP SL,2024,Summer,mid,LUA Gaming,2,2,Profil neutre,4.597778797149658,2.3087363243103027,False,0.3888888888888889,18,0.6636353301688662,-2.531964363355957,-1.0205484447522148,-0.4350396298581827
tumay,Tumay,TCL,2024,Winter,jng,Galakticos,1,1,Profil neutre,8.787567138671875,2.220360279083252,False,0.0,12,-0.8515043231809555,-1.643926224262762,-1.9104238227075745,-1.9946119949263208
turtle,Turtle,NLC,2024,unknown,top,KAOS e-sport,1,1,Carry agressif | High DPS | Farmer dominant | Lane bully | Early dominant,8.271112442016602,6.182552814483643,False,0.75,12,0.2952005065415334,1.6574614966840893,0.3318113137345538,1.5473357882835164
turtle,Turtle,NLC,2025,Winter,top,KAOS e-sport,2,2,Profil neutre,6.970518589019775,5.358575820922852,False,0.3636363636363636,11,-0.8797753696008961,-0.9718232455943872,0.4534859343769154,-0.5696017749662402
turtle,Turtle,TCL,2026,Kickoff,top,Team Phoenix,0,0,Profil neutre,6.978795051574707,4.803350448608398,False,0.2,5,-0.6272188506616826,-1.689275070548016,-0.2095665748184726,-0.8154832117936958
tweek,Tweek,NLC,2026,Summer,jng,Brod n Friends,2,2,Profil neutre,3.9012303352355957,1.17154860496521,False,0.5,12,0.1644581974181254,0.1005350367347885,0.4810065874881746,0.1711957540082348
twelve,Twelve,LFL2,2024,Spring,top,Zerance,0,0,Profil neutre,5.668112277984619,4.469940185546875,False,0.5,6,-1.1671791104637663,0.643729903598302,-0.8636727980372657,0.0
twelve,Twelve,LFL2,2024,Summer,top,Zerance,0,0,Profil neutre,4.984220027923584,5.077853202819824,False,0.2777777777777778,18,-1.272028021869117,0.8500698894083668,-1.1442146106249462,-1.112934648420412
twight,Twight,NLC,2024,Spring,jng,Venomcrest Esports,2,2,Profil neutre,5.876415729522705,0.612098753452301,False,0.4705882352941176,17,-0.5331022922397126,-0.3007997836661586,0.2160008265948333,-0.0369361600769783
twiizt,Twiizt,LFL,2025,Flash In,sup,Joblife,1,1,Profil neutre,6.2252888679504395,2.7508022785186768,False,0.2,10,-0.9118198731710516,-0.0271895071001244,-0.3404046311718766,-1.5176888267136377
twiizt,Twiizt,LFL,2025,Spring,sup,Joblife,1,1,Profil neutre,4.314815044403076,4.740836143493652,False,0.4,15,-0.16451439182882,-0.3482733690416776,0.93011076075975,-0.3844730731951549
twiizt,Twiizt,LFL,2025,Summer,sup,Joblife,1,1,Profil neutre,6.040437698364258,2.989952325820923,False,0.391304347826087,23,-1.2325420143290169,-0.7474515777540861,-1.0316804148005108,-0.5985269569561706
twiizt,Twiizt,PRM,2024,Spring,sup,FC Schalke 04 Esports,0,0,High DPS | Versatile | High performer,4.96645450592041,5.480508327484131,False,0.5,18,0.3401941746940934,-0.0997078680304405,-0.1123664028557053,0.0
twiizt,Twiizt,PRM,2024,Summer,sup,FC Schalke 04 Esports,0,0,High DPS | Versatile | High performer,1.7858035564422607,7.15242862701416,False,0.6666666666666666,18,2.558135040181248,-0.1290337384777447,1.4363013966809297,1.0459841491326176
twiizt,Twiizt,PRM,2024,unknown,sup,FC Schalke 04 Esports,1,1,Profil neutre,5.7774457931518555,4.3229475021362305,False,0.4166666666666667,12,-1.713690004371358,-0.3364632614319045,-1.0852159278714917,-0.3028042075711545
twiizt,Twiizt,PRM,2026,Spring,sup,Unicorns of Love Sexy Edition,1,1,Profil neutre,3.5787038803100586,4.953099727630615,False,0.46875,32,-1.2184190280574478,-1.2078886561340163,0.062798345423177,0.1058662914540868
twiizt,Twiizt,PRM,2026,Summer,sup,Unicorns of Love Sexy Edition,1,1,Profil neutre,4.004013538360596,4.873788356781006,False,0.7368421052631579,19,0.0924487984944073,-0.691197628691106,-0.5635662226167053,1.199709735793245
twiizt,Twiizt,PRM,2026,Winter,sup,Unicorns of Love Sexy Edition,2,2,Farmer dominant | Lane bully | Early dominant,3.39233660697937,4.581426620483398,False,0.6,15,-0.5051175737693572,-0.2300085864909183,-0.5118378425313107,0.7630917156189824
twohoyrz,twohoyrz,LVP SL,2024,Spring,mid,Ramboot Club,1,1,Profil neutre,6.9251813888549805,3.5397722721099854,False,0.5,18,-0.6512994210309632,-0.0412989796465015,-0.4937803712258987,0.0393202609675525
twohoyrz,twohoyrz,LVP SL,2024,Summer,mid,Ramboot Club,1,1,Profil neutre,6.487028121948242,1.1341286897659302,False,0.6333333333333333,30,-0.9783099909062652,0.2148351032330214,-0.9698897585690196,0.8700041529530322
twohoyrz,twohoyrz,LVP SL,2025,Winter,mid,Ramboot Club,1,1,Profil neutre,8.659514427185059,0.6466330289840698,False,0.5333333333333333,15,0.1079281882684207,0.5612331942021322,-0.0594393298313256,0.3677559338624794
tynx,TynX,LFL,2024,Spring,jng,Team du Sud,2,2,Profil neutre,3.447622776031494,-0.5757543444633484,False,0.3333333333333333,18,1.097813784499619,1.150460886019215,-0.9131708389855132,-0.868127755368886
tynx,TynX,LFL,2024,Summer,jng,Team du Sud,0,0,High DPS | Farmer dominant | Lane bully | Early dominant | High performer,0.37949663400650024,0.783639132976532,False,0.2222222222222222,18,0.0962422222823744,1.0079724545965836,0.3583020227157227,-1.1144501524651809
typhoon,Typhoon,TCL,2024,Summer,jng,Beşiktaş Esports,2,2,Profil neutre,3.3172483444213867,0.9598503112792969,False,0.5,18,-0.9643754167137856,-0.2199472893009405,0.5330119116071873,0.3376993093532396
typhoon,Typhoon,TCL,2024,Winter,jng,NASR eSports Turkey,2,2,Profil neutre,3.1915981769561768,-0.41769105195999146,False,0.2857142857142857,14,-0.0199741213044978,0.7695401062701287,0.3317034562758759,-0.7505005777383259
typhoon,Typhoon,TCL,2025,Spring,jng,Misa Esports,2,2,Profil neutre,3.242694139480591,1.724675178527832,False,0.6363636363636364,22,0.528567993740684,-0.6893787908684339,-0.3993135379236759,1.0435911583049708
typhoon,Typhoon,TCL,2025,Summer,jng,ULF Esports,2,2,Profil neutre,2.8559582233428955,0.13192176818847656,False,0.5714285714285714,21,-0.0766526471109382,0.0888085474416981,-0.2698062325050538,0.4737024214842519
typhoon,Typhoon,TCL,2025,Winter,jng,BoostGate Esports,0,0,High DPS | Farmer dominant | Lane bully | Early dominant | High performer,-0.07879918813705444,-0.6939584612846375,False,0.5714285714285714,21,1.2599278283109343,1.2830933577204438,2.284988903167399,0.5291599845030094
typhoon,Typhoon,TCL,2026,Summer,jng,Dark Passage,0,0,High DPS | Farmer dominant | Lane bully | Early dominant | High performer,2.303027868270874,-0.2771438658237457,False,0.5238095238095238,21,0.4044468475579069,0.4842863218331962,0.5578053085296407,0.4119389220659916
typical,Typical,NLC,2024,unknown,top,Rich Gang,1,1,Carry agressif | High DPS | Farmer dominant | Lane bully | Early dominant,8.169527053833008,6.878923416137695,False,0.6666666666666666,9,-1.3747025768738583,-0.7677841310375308,1.2564111555662578,0.9988498603386168
uden,uden,NLC,2026,Spring,sup,Deer Gaming,2,2,Farmer dominant | Lane bully | Early dominant,1.6951464414596558,4.654942989349365,False,0.4705882352941176,17,-0.4638601357288588,0.8721838889558193,0.7105471371770371,-0.0147441390641478
uden,uden,NLC,2026,Winter,sup,Deer Gaming,0,0,High DPS | Versatile | High performer,1.1035040616989136,7.144364833831787,False,0.5555555555555556,9,0.4385199316395997,-0.6938759608074053,1.2258041345923911,0.2990222247439801
ugandan fighter,ugandan fighter,NLC,2025,unknown,top,Fortress Esports,0,0,Profil neutre,5.553187847137451,4.790686130523682,False,0.5,12,-0.4236295120966099,-0.0140479118370802,-1.1785602046003114,-0.1723932957137175
ugandan fighter,ugandan fighter,NLC,2026,Spring,top,Ruddy Corporation,2,2,Profil neutre,5.316296100616455,6.981080055236816,False,0.4615384615384615,13,-0.7021721231959343,-0.947877758064976,-1.0413219636211075,-0.0981661518993963
umut,Umut,TCL,2024,Winter,mid,Dark Passage,1,1,Profil neutre,6.9677042961120605,2.219320058822632,False,0.5652173913043478,23,-0.7075197247040682,-0.2168159506842012,-0.3613377948505771,0.4665649390760166
unf0rgiven,UNF0RGIVEN,LFL,2026,unknown,bot,BK ROG Esports,2,2,Profil équilibré,7.385012626647949,10.896937370300293,False,0.5,12,-0.5130558368447645,1.5097011195664347,-0.0305661996177039,0.265219940562413
unf0rgiven,UNF0RGIVEN,LVP SL,2025,Spring,bot,Movistar KOI Fénix,2,2,Profil équilibré,8.534379959106445,9.747418403625488,False,0.3076923076923077,13,1.5334166379668734,0.9410889799364672,-0.4305207468753493,-0.647368168046925
unf0rgiven,UNF0RGIVEN,LVP SL,2025,Winter,bot,Movistar KOI Fénix,1,1,High DPS | Farmer dominant | Lane bully | Early dominant | High performer,9.460637092590332,9.051065444946289,False,0.5333333333333333,15,0.8713116361542913,1.3868827674824178,0.8174343426859446,0.3677559338624794
unf0rgiven,UNF0RGIVEN,PRM,2026,Spring,bot,Kaufland Hangry Knights,1,1,High DPS | Farmer dominant | Lane bully | Early dominant | High performer,8.826077461242676,8.896410942077637,False,0.5,22,0.1177638908612277,1.6936008642649178,0.6696212809783849,0.2987074363337987
unf0rgiven,UNF0RGIVEN,PRM,2026,Summer,bot,Kaufland Hangry Knights,1,1,High DPS | Farmer dominant | Lane bully | Early dominant | High performer,9.174072265625,9.235644340515137,False,0.45,20,0.2713548278155557,0.7953791385252676,0.5844903841566347,-0.222145923582606
unf0rgiven,UNF0RGIVEN,TCL,2024,Summer,bot,Papara SuperMassive,1,1,High DPS | Farmer dominant | Lane bully | Early dominant | High performer,10.249958992004395,8.1763277053833,False,0.782608695652174,23,0.4579234644706912,1.742526410162125,0.6224226586601346,1.4042130101951735
unicow,Unicow,NLC,2026,Spring,mid,Lundqvist Lightside,2,2,Profil neutre,5.6639580726623535,2.255228281021118,False,0.2857142857142857,7,-2.2245972254641826,1.1844164570638671,-0.7762299860013906,-0.9417694130513904
unicow,Unicow,NLC,2026,Summer,mid,Lundqvist Lightside,0,0,High DPS | Farmer dominant | Lane bully | Early dominant,10.022446632385254,0.8612267971038818,False,0.4166666666666667,12,-0.2378275385066763,0.6199393665704758,0.3258248147172936,-0.1012138823336074
uniquecorn,UniqueCORN,LFL,2026,unknown,mid,Project Conquerors,0,0,High DPS | Farmer dominant | Lane bully | Early dominant,10.308165550231934,1.2683542966842651,False,0.3636363636363636,11,1.4124669349556047,-1.4541174331242657,1.5904478769499326,-0.3934908516491556
unkn0wn,Unkn0wn,LVP SL,2025,Spring,bot,Ramboot Club,1,1,High DPS | Farmer dominant | Lane bully | Early dominant | High performer,9.532187461853027,9.518509864807129,False,0.4,15,1.0485691946707247,0.1814108725433811,0.5235754485472164,-0.2112480878904371
unkn0wn,Unkn0wn,PRM,2025,Summer,bot,Eintracht Frankfurt,1,1,High DPS | Farmer dominant | Lane bully | Early dominant | High performer,8.812525749206543,7.268637657165527,False,0.5833333333333334,12,0.9847259724510646,-0.1845988910711094,0.5724360395015258,0.3903816019828048
urban,Urban,PRM,2026,Winter,sup,A One Man Army Prime,2,2,Farmer dominant | Lane bully | Early dominant,1.7834672927856445,2.8151299953460693,False,0.1666666666666666,6,0.2980092757708708,2.2192603981138537,0.8231565081900857,-1.7214752484702525
valiant,Valiant,NLC,2026,Summer,mid,Volda E-Sport,2,2,Profil neutre,5.696782112121582,1.3303115367889404,False,0.3571428571428571,14,-1.706618038485409,-0.4782290771345029,-0.8840716924335413,-0.3543370072450755
varin,Varin,TCL,2025,Summer,sup,BoostGate Esports,1,1,Profil neutre,3.324544668197632,2.3772547245025635,False,0.25,8,-0.6302759245487458,0.7349115192894479,-0.7764078117124571,-0.4954357214023647
varin,Varin,TCL,2026,Kickoff,sup,BoostGate Esports,1,1,Profil neutre,4.455447196960449,2.4633774757385254,False,0.0,6,-0.9811881124729164,1.210555870952995,-1.637011135801166,-1.594526396030784
varin,Varin,TCL,2026,Summer,sup,Team Phoenix,1,1,Profil neutre,5.012297630310059,4.074233531951904,False,0.2307692307692307,13,-1.318745534831121,0.3103661753716923,-0.1532504097888372,-0.8051478314630803
varry,Varry,PRM,2025,Spring,bot,Eintracht Frankfurt,0,0,Profil neutre,5.173731327056885,9.306844711303711,False,0.2857142857142857,21,-1.1546544502838074,-1.1678229238638609,-1.0050185756886143,-1.632323627955988
varry,Varry,PRM,2025,Winter,bot,Eintracht Frankfurt,0,0,Profil neutre,4.637962341308594,10.732292175292969,False,0.5,14,-1.2887615658501024,-0.7994178912505646,-1.3748680700048124,0.173031866273085
varry,Varry,PRM,2026,unknown,bot,All for One Gaming,2,2,Profil équilibré,7.762160301208496,11.275716781616211,False,0.5555555555555556,9,0.1158466745436814,-0.7154908547284233,-0.3811784985316619,0.2656844656620287
vaunted,Vaunted,PRM,2024,Spring,sup,MOUZ NXT,1,1,Profil neutre,6.773588180541992,3.4803597927093506,False,0.0,14,-0.8095786567542921,-1.2467266861809176,-2.114876634446416,-2.1345374206136563
vaynedeta,Vaynedeta,PRM,2025,Spring,bot,Austrian Force willhaben,1,1,High DPS | Farmer dominant | Lane bully | Early dominant | High performer,7.24112606048584,8.813284873962402,False,0.375,24,1.003969817856963,0.4928339151232406,0.5073728773793219,-0.959133653157773
vaynedeta,Vaynedeta,PRM,2025,Winter,bot,Austrian Force willhaben,1,1,High DPS | Farmer dominant | Lane bully | Early dominant | High performer,9.096919059753418,8.579595565795898,False,0.5,16,-0.8465894949674883,0.6043141605851723,1.1973352491826683,0.173031866273085
vayu,vayu,NLC,2025,Spring,top,KAOS e-sport,2,2,Profil neutre,5.373429775238037,5.481116771697998,False,0.3076923076923077,13,0.6307208367428747,-1.3688168663064997,-0.7661771342045756,-0.6250329298378767
vayu,vayu,NLC,2025,Summer,top,KAOS e-sport,0,0,Profil neutre,3.0538642406463623,4.557553291320801,False,0.1111111111111111,9,-0.9136015642095692,-1.707563032080964,-1.673504143770362,-1.1736125211756088
veignorem,Veignorem,LFL,2024,Spring,sup,Aegis,2,2,Farmer dominant | Lane bully | Early dominant,3.666233539581299,2.924501895904541,False,0.1666666666666666,18,-0.5003086970734145,0.4945142336761028,-0.5702087012768327,-1.8672805514023956
veignorem,Veignorem,LFL,2024,Summer,sup,Aegis,2,2,Farmer dominant | Lane bully | Early dominant,1.6709747314453125,3.0667901039123535,False,0.1666666666666666,18,-0.7338657533162889,2.30847257204138,0.1110783502808709,-1.3684877394636612
veignorem,Veignorem,LFL,2024,unknown,sup,Aegis,2,2,Farmer dominant | Lane bully | Early dominant,2.665989398956299,4.351363658905029,False,0.5714285714285714,7,-0.7071067811865478,0.707106781186547,0.7071067811865476,0.7071067811865476
veignorem,Veignorem,PRM,2025,Spring,sup,Eintracht Frankfurt,2,2,Farmer dominant | Lane bully | Early dominant,3.419935703277588,2.778073310852051,False,0.2857142857142857,21,-0.1453402090130229,0.2883786505709911,-0.8912590865167568,-1.632323627955988
veignorem,Veignorem,PRM,2025,Summer,sup,Eintracht Frankfurt,2,2,Farmer dominant | Lane bully | Early dominant,3.148165702819824,4.090427398681641,False,0.5833333333333334,12,-0.6551174641564749,0.7248520141262214,0.1896906228812586,0.3903816019828048
veignorem,Veignorem,PRM,2025,Winter,sup,Eintracht Frankfurt,0,0,High DPS | Versatile | High performer,2.3001608848571777,5.823940277099609,False,0.5,14,0.0300339837786664,0.6608567874064435,-0.3721075665834294,0.1730318662730844
velja,Velja,NLC,2025,Spring,jng,Los Ratones,0,0,High DPS | Farmer dominant | Lane bully | Early dominant | High performer,-0.6230185627937317,-1.0441157817840576,True,0.9,20,1.757373148997002,2.1694740850302106,1.04856394055749,1.892125882471489
velja,Velja,NLC,2025,Summer,jng,Los Ratones,0,0,High DPS | Farmer dominant | Lane bully | Early dominant | High performer,-0.3765680193901062,0.32998421788215637,True,0.9285714285714286,14,0.6066694569823329,1.8169755037678883,0.6181452183386477,1.7330029075219542
velja,Velja,NLC,2025,Winter,jng,Los Ratones,0,0,High DPS | Farmer dominant | Lane bully | Early dominant | High performer,-0.5578031539916992,0.1750716269016266,True,0.9333333333333332,15,1.0432389011104022,1.0888910258437978,1.214488594072795,2.170327592267737
venour,Venour,PRM,2024,Spring,top,SK Gaming Prime,2,2,Profil neutre,5.846102237701416,5.647284507751465,False,0.7222222222222222,18,-0.4269021546273335,-0.695080532974303,-0.4145952487867892,0.9353901379866688
venour,Venour,PRM,2024,Summer,top,SK Gaming Prime,2,2,Profil neutre,4.937792778015137,6.902729511260986,False,0.6666666666666666,18,-1.2530563489194677,0.6415479309110431,-0.6342230006432509,0.9667747172185892
venour,Venour,PRM,2024,unknown,top,SK Gaming Prime,2,2,Profil neutre,4.9274983406066895,6.119819164276123,False,0.3125,16,-1.0153044430326148,-0.5254679728166642,-0.8476281321948695,-1.0540952058212445
venour,Venour,PRM,2025,Spring,top,Kaufland Hangry Knights,1,1,Carry agressif | High DPS | Farmer dominant | Lane bully | Early dominant,9.706335067749023,7.266846179962158,False,0.5714285714285714,35,-0.1018822514432162,0.684009586591907,0.7599923474787488,0.5218842913983
venour,Venour,PRM,2025,Summer,top,Kaufland Hangry Knights,1,1,Carry agressif | High DPS | Farmer dominant | Lane bully | Early dominant,8.40993595123291,8.11652946472168,False,0.3636363636363636,11,1.070740106921977,0.692009300693174,-0.1029685403157127,-0.5127260534995294
venour,Venour,PRM,2025,Winter,top,Kaufland Hangry Knights,1,1,Carry agressif | High DPS | Farmer dominant | Lane bully | Early dominant,10.203306198120117,6.367815017700195,False,0.4,10,-1.02620060520724,0.5416739757622576,1.3002853317461325,-0.3834547005875643
venour,Venour,PRM,2026,Spring,top,Kaufland Hangry Knights,2,2,Profil neutre,6.036777019500732,4.5782904624938965,False,0.3157894736842105,19,-0.9139185411144692,-0.007861455922761,-0.370613959424571,-0.5716278060828267
venour,Venour,PRM,2026,Winter,top,Kaufland Hangry Knights,1,1,Carry agressif | High DPS | Farmer dominant | Lane bully | Early dominant,9.722335815429688,6.062699794769287,False,0.4285714285714285,7,-0.0221447546489955,0.4070513471054917,0.7462018112376415,-0.308150483826705
vergil,Vergil,TCL,2024,unknown,top,Comanchero Gaming,0,0,Profil neutre,4.2236151695251465,4.55217170715332,False,0.5714285714285714,7,-1.3480648295197386,-1.4966458931401845,-1.0886156819697153,0.1899594269884322
vertigo,Vertigo,LFL,2025,Flash In,top,Vitality.Bee,2,2,Profil neutre,5.97492790222168,4.566354751586914,False,0.5,8,-0.5644299818483165,0.2844251512341676,-1.250409438402162,0.1091376136649693
vertigo,Vertigo,LFL,2025,Spring,top,Vitality.Bee,2,2,Profil neutre,6.776158809661865,7.664034843444824,False,0.5555555555555556,27,-0.0010097592643036,1.450181879546926,-0.2619781042813302,0.5942947400917861
vertigo,Vertigo,LFL,2026,unknown,top,Joblife,1,1,Carry agressif | High DPS | Farmer dominant | Lane bully | Early dominant,10.020231246948242,7.740731716156006,False,0.4516129032258064,31,0.1988728592417655,1.5511293942299929,0.4323700020647689,0.1877988374820493
vertigo,Vertigo,PRM,2024,Spring,top,Eintracht Spandau,1,1,Carry agressif | High DPS | Farmer dominant | Lane bully | Early dominant,8.104248046875,8.01075267791748,False,0.6111111111111112,18,0.0191741563792579,1.0505739355551569,0.251931407191801,0.4614219607654065
vertigo,Vertigo,PRM,2024,Summer,top,Eintracht Spandau,2,2,Profil neutre,6.624536991119385,7.947873115539551,False,0.6666666666666666,18,-0.1805910860174195,0.2268087388200015,-0.2437317412157859,0.9667747172185892
vertigo,Vertigo,PRM,2024,unknown,top,Eintracht Spandau,2,2,Profil neutre,6.7967658042907715,7.7347612380981445,False,0.6,20,-0.1663348232910116,0.6217008354151615,-0.5771324616588783,0.7224021228157965
vertigo,Vertigo,TCL,2025,Summer,top,Beşiktaş Esports,1,1,Carry agressif | High DPS | Farmer dominant | Lane bully | Early dominant,10.286069869995117,7.9590044021606445,False,0.6363636363636364,22,-0.0285676717894882,1.403743865996073,0.7057659148624239,0.8009955049146968
vespa,Vespa,LFL,2026,unknown,bot,Lille Esport,2,2,Profil équilibré,5.285704135894775,9.724550247192383,False,0.3333333333333333,12,-0.5595499188264025,0.3825992975722999,0.5450346927097682,-0.6709996022337499
vespa,Vespa,LFL2,2024,Spring,bot,Zerance,2,2,Profil équilibré,7.0854949951171875,10.329601287841797,False,0.5,6,-0.610850276873076,0.7393733386040914,-0.2115325489338693,0.0
vespa,Vespa,LFL2,2024,Summer,bot,Zerance,0,0,Profil neutre,5.516770362854004,11.852517127990723,False,0.2777777777777778,18,-0.3995795212055808,0.1101523787379867,-1.1284353950020327,-1.090025978335559
vespa,Vespa,TCL,2026,Spring,bot,SU Esports,2,2,Profil équilibré,7.54447078704834,7.890495777130127,False,0.56,25,0.3975279702929235,0.0083630014294851,0.0968804720269261,0.3592916348716548
vetheo,Vetheo,LFL,2025,Flash In,mid,Vitality.Bee,0,0,High DPS | Farmer dominant | Lane bully | Early dominant,11.110002517700195,0.8443231582641602,False,0.5,8,0.0396556883057791,1.553199582841455,1.867337508400975,0.1091376136649696
vetheo,Vetheo,LFL,2025,Spring,mid,Vitality.Bee,0,0,High DPS | Farmer dominant | Lane bully | Early dominant,10.021918296813965,2.6560935974121094,False,0.5555555555555556,27,0.6015803097871297,1.3962402729083874,0.610136519581403,0.5942947400917861
vetheo,Vetheo,LFL,2025,Summer,mid,Vitality.Bee,0,0,High DPS | Farmer dominant | Lane bully | Early dominant,12.549099922180176,1.8349977731704712,False,0.5142857142857142,35,-0.1524753689452352,1.5588984309151612,1.22619475206398,0.2273161183212422
vetheo,Vetheo,TCL,2026,Summer,mid,SU Esports,0,0,High DPS | Farmer dominant | Lane bully | Early dominant,12.459285736083984,1.9454454183578491,False,0.5416666666666666,24,0.9201595390107864,1.7856571133327153,1.607215758944291,0.4083016849437029
viking,Viking,LFL2,2024,Spring,jng,Akroma,1,1,Profil neutre,7.609085559844971,1.1770422458648682,False,0.1666666666666666,6,-1.4212119918211508,-1.5865140537740248,-0.509237985581969,-1.4142135623730951
virgo,Virgo,TCL,2026,Spring,sup,Bushido Wildcats,2,2,Farmer dominant | Lane bully | Early dominant,3.282980442047119,3.5470216274261475,False,0.4347826086956521,23,-1.409483618223069,-0.0954806751500585,-0.3069373140707248,-0.1688571382415411
virtuso,Virtuso,NLC,2024,unknown,top,42 Gaming,1,1,Carry agressif | High DPS | Farmer dominant | Lane bully | Early dominant,9.572073936462402,5.499612808227539,False,0.2857142857142857,14,0.724862615640836,0.1537012958532726,0.7368901046973632,-1.508514381695209
virtuso,Virtuso,NLC,2026,Spring,top,Deer Gaming,1,1,Carry agressif | High DPS | Farmer dominant | Lane bully | Early dominant,9.492425918579102,8.00821590423584,False,0.4705882352941176,17,1.2064100127798991,0.9540864883704592,0.3628169876543543,-0.0503893822272597
virtuso,Virtuso,NLC,2026,Summer,top,Deer Gaming,2,2,Profil neutre,6.902524948120117,8.081624984741211,False,0.6111111111111112,18,-0.1216540867779014,0.53465279624548,-0.1320467377295709,0.7293572470981314
virtuso,Virtuso,NLC,2026,Winter,top,Deer Gaming,2,2,Profil neutre,6.356611728668213,4.5554890632629395,False,0.5555555555555556,9,-0.3705552116255952,-0.1751556916870441,-0.6189917593027284,0.194484859453758
visdom,Visdom,PRM,2024,unknown,sup,Kaufland Hangry Knights,0,0,High DPS | Versatile | High performer,0.8771969079971313,6.5580267906188965,False,0.6666666666666666,9,-0.0919634493352777,-0.5910746712711165,1.182414430999058,1.1512098989061872
visdom,Visdom,PRM,2025,Spring,sup,Kaufland Hangry Knights,0,0,High DPS | Versatile | High performer,3.556532382965088,5.856821537017822,False,0.5714285714285714,35,-0.1490326551597144,0.007772291521841,0.6554549964888975,0.5218842913983
visdom,Visdom,PRM,2025,Summer,sup,Kaufland Hangry Knights,1,1,Profil neutre,5.152603626251221,3.4412050247192383,False,0.3636363636363636,11,-1.5414449896225784,-0.2433806448176302,-0.8880334059939633,-0.5127260534995294
visdom,Visdom,PRM,2025,Winter,sup,Kaufland Hangry Knights,1,1,Profil neutre,6.2299909591674805,4.6010518074035645,False,0.4,10,-0.8516869893185145,-1.0895426171316114,-0.0672412215824461,-0.3834547005875643
vizicsacsi,Vizicsacsi,NLC,2025,Spring,top,NORD Esports,1,1,Carry agressif | High DPS | Farmer dominant | Lane bully | Early dominant,10.109869956970215,8.572269439697266,False,0.6470588235294118,17,0.2977081005544195,0.5116827362698695,1.964911152364773,0.8178070371279733
vizicsacsi,Vizicsacsi,NLC,2025,Summer,top,NORD Esports,1,1,Carry agressif | High DPS | Farmer dominant | Lane bully | Early dominant,8.712757110595703,8.308067321777344,False,0.625,16,0.0718068510250615,0.068763245040899,0.8186452368122514,0.60542085693795
vizicsacsi,Vizicsacsi,NLC,2025,Winter,top,NORD Esports,2,2,Profil neutre,6.3947553634643555,7.012051105499268,False,0.55,20,0.0272929427765178,-0.3513079961613553,-0.3292521445606551,0.3627101094123158
vizicsacsi,Vizicsacsi,PRM,2024,Spring,top,Berlin International Gaming,2,2,Profil neutre,6.259552001953125,6.60236120223999,False,0.2777777777777778,18,0.2279468559668311,-1.2021810423028485,-0.3792605778536243,-0.9604825708983816
vizicsacsi,Vizicsacsi,PRM,2024,Summer,top,Berlin International Gaming,2,2,Profil neutre,6.120885372161865,6.679171085357666,False,0.4444444444444444,18,0.8166349469616447,-1.1473466853308798,-0.8182267143362096,-0.3506737952235766
vizicsacsi,Vizicsacsi,PRM,2026,Spring,top,E WIE EINFACH E-SPORTS,2,2,Profil neutre,6.46710205078125,6.352031707763672,False,0.5666666666666667,30,-0.0171775372316074,-1.2218853897206414,-0.2328097633069175,0.5203129016092257
vizicsacsi,Vizicsacsi,PRM,2026,Summer,top,E WIE EINFACH E-SPORTS,2,2,Profil neutre,6.381948471069336,6.659298419952393,False,0.5,24,-0.4977572446650054,-1.0149736518818435,-0.0566506537885684,0.1314484699095175
vizicsacsi,Vizicsacsi,PRM,2026,Winter,top,E WIE EINFACH E-SPORTS,0,0,Profil neutre,3.8035495281219482,5.838723182678223,False,0.3333333333333333,9,-0.6113250333708282,-2.3209310831390164,-0.82008323805156,-0.8414077429049146
vizzpers,Vizzpers,LFL,2026,unknown,bot,Vitality.Bee,0,0,Profil neutre,3.889420986175537,12.557319641113281,False,0.25,12,-0.5400525621085408,-1.992780485206738,-2.918091469965586,-1.1391093736318312
vl,VL,NLC,2025,unknown,bot,Epic Avalanche,0,0,Profil neutre,4.013735771179199,10.771331787109375,False,0.5555555555555556,9,-0.4539693401495485,-1.1816368928656478,-1.143236953609708,0.2150729384467245
vl,VL,NLC,2026,Summer,bot,Epic Avalanche,0,0,Profil neutre,4.0337910652160645,11.589713096618652,False,0.0,6,-1.0295045779313197,-1.022612389067916,-1.404257658959139,-1.843272319658283
vladi,Vladi,LFL,2024,Spring,mid,Karmine Corp Blue,1,1,Profil neutre,9.305998802185059,3.45013689994812,True,0.6551724137931034,29,-0.2932340116112771,0.991096922305109,-0.1390232833835959,1.0612707473165115
voluxa,Voluxa,NLC,2024,Summer,top,BlueWhites,0,0,Profil neutre,3.023934841156006,4.474661350250244,False,0.1428571428571428,14,-1.4358217080485742,-1.6965783426733143,-1.518009158664985,-1.5983737950271522
voluxa,Voluxa,NLC,2024,unknown,top,BlueWhites,0,0,Profil neutre,3.606797456741333,5.603678226470947,False,0.4,25,-1.0873177184708809,-1.33884938158495,-1.7919033652219856,-0.7563051090850609
vzz,Vzz,PRM,2024,unknown,bot,Spinebusters E-Sport,2,2,Profil équilibré,6.216011047363281,10.900968551635742,False,0.5714285714285714,7,1.1221740795316253,-0.1128688901395986,-0.8115465292654599,0.5714839981239185
vzz,Vzz,PRM,2025,Finals,bot,TeamOrangeGaming,2,2,Profil équilibré,8.531732559204102,9.245133399963379,False,0.4285714285714285,14,-0.0046857520074915,-0.1432552044382369,-0.0911712818506082,-0.6362745556058355
vzz,Vzz,PRM,2025,Spring,bot,TeamOrangeGaming,2,2,Profil équilibré,8.892144203186035,9.293740272521973,False,0.52,25,-0.1875379389399436,1.0585451094854397,0.9243143791185926,0.1341268659145284
vzz,Vzz,PRM,2025,Summer,bot,TeamOrangeGaming,1,1,High DPS | Farmer dominant | Lane bully | Early dominant | High performer,11.037339210510254,7.76401424407959,False,0.75,12,0.5440765266247554,1.132207824053732,1.0622427515656545,1.0754977544176787
vzz,Vzz,PRM,2025,Winter,bot,TeamOrangeGaming,2,2,Profil équilibré,6.905118942260742,7.784090518951416,False,0.4666666666666667,15,1.4375870446962926,0.2104752481959635,-0.0443477410225561,-0.0124636560137978
wakz,Wakz,LFL2,2024,unknown,bot,Nameless (French Team),2,2,Profil équilibré,7.959153175354004,10.856324195861816,False,0.6363636363636364,11,-0.2721782497245397,0.2025170849903653,0.0103076433524052,0.5733640590867922
wakz,Wakz,LFL2,2025,unknown,bot,NEO ZEPHYR,2,2,Profil équilibré,6.3020124435424805,9.056100845336914,False,0.4,5,1.1541514086513578,1.138562682278421,-0.8338058904217115,-0.8728715609439699
wao,Wao,LFL,2026,unknown,top,ZYB Esport,0,0,Profil neutre,4.165389060974121,4.577930927276611,False,0.2857142857142857,14,0.1190910965496457,-1.9697473718422969,-1.201557336182389,-0.6616693877928557
warner,Warner,LFL2,2025,unknown,mid,Kaeru Gyuangu,1,1,Profil neutre,7.791043758392334,3.8187122344970703,False,0.4666666666666667,15,0.8644302871302841,-0.7706115779808591,-0.7660306071734097,-0.2182178902359927
warner,Warner,TCL,2026,Spring,mid,Bushido Wildcats,1,1,Profil neutre,8.268731117248535,1.8193668127059937,False,0.4,15,0.8750069237910444,-0.1585975226311184,-0.0339360729340338,-0.3138039631749633
warszi,Warszi,NLC,2024,Spring,mid,NORD Esports,1,1,Profil neutre,7.638698577880859,2.6788125038146973,False,0.5,22,-0.0651787166778437,-0.1045659786704314,0.338333016083058,0.1340067129069045
wasey,Wasey,NLC,2026,Winter,sup,Ruddy Corporation,1,1,Profil neutre,4.984614372253418,2.3154821395874023,False,0.0,9,-2.0771010071303624,1.9068483558424716,-2.3401998965394637,-1.8713003742042609
watket,Watket,TCL,2025,Spring,sup,Eternal Fire,1,1,Profil neutre,5.833934783935547,3.0717718601226807,False,0.25,8,0.0659013765972899,0.1948145838226422,0.0488044122464442,-1.115864875524747
way,Way,TCL,2026,Kickoff,sup,Misa Esports,0,0,High DPS | Versatile | High performer,1.4143059253692627,6.892207145690918,True,0.9333333333333332,15,0.6707430109210926,0.0115011709031251,1.5312867521813476,1.5818073391304477
wcd,WCD,NLC,2024,unknown,mid,Ruzeh Esports,0,0,High DPS | Farmer dominant | Lane bully | Early dominant,9.752140998840332,0.7862115502357483,False,0.4,5,0.032211407918395,-0.3927988224405379,0.9091117021383548,-0.3819110686649691
wendel,Wendel,NLC,2025,Spring,sup,Venomcrest Esports,0,0,High DPS | Versatile | High performer,2.5664548873901367,6.788149356842041,False,0.3846153846153846,13,1.114189162072961,-0.1587920268430545,0.0556850338814378,-0.2340665660105989
westlander,Westlander,LVP SL,2024,Spring,top,ZETA,2,2,Profil neutre,7.166296482086182,4.501889705657959,False,0.1666666666666666,18,-2.1705248041645806,0.657826867317314,-0.0716156497611897,-1.7961518773840224
whistle,Whistle,TCL,2024,Winter,mid,NASR eSports Turkey,0,0,High DPS | Farmer dominant | Lane bully | Early dominant,10.723481178283691,2.325587511062622,False,0.2857142857142857,14,0.3624918294352939,0.6485783383032687,0.9653312019587472,-0.7505005777383261
white,White,LFL,2024,Spring,jng,Gentle Mates,1,1,Profil neutre,7.302247047424316,3.056968927383423,False,0.5172413793103449,29,-0.6414947604575371,-1.7794195431055746,-0.9062641336563452,0.2343856747370553
white,White,LFL,2024,Summer,jng,Gentle Mates,1,1,Profil neutre,6.811048984527588,1.242487907409668,False,0.2222222222222222,18,-0.7908459449497419,-1.2531429030256152,0.1650700301235608,-1.1144501524651809
white,White,PRM,2025,Finals,jng,Unicorns of Love Sexy Edition,2,2,Profil neutre,5.558586597442627,0.8831687569618225,False,0.5,14,-0.2235322980229481,-0.6652668765863328,-0.2825317817450246,-0.0153894596435105
white,White,PRM,2025,Spring,jng,Unicorns of Love Sexy Edition,1,1,Profil neutre,7.539588928222656,3.2654876708984375,False,0.4545454545454545,22,-1.204690776878152,-0.7846715346148896,-0.6510644257811745,-0.1674269387999797
white,White,PRM,2025,Summer,jng,Unicorns of Love Sexy Edition,1,1,Profil neutre,7.493319511413574,3.4230542182922363,False,0.5555555555555556,9,-1.2149864765825498,0.2423278593522816,-1.787909396086349,0.2045872933139112
white,White,PRM,2025,Winter,jng,Unicorns of Love Sexy Edition,2,2,Profil neutre,5.368083953857422,1.8203119039535522,False,0.2222222222222222,9,-0.5245542215211423,-0.7068038415998704,1.2814783184471112,-1.3727641527842729
white,White,PRM,2026,Spring,jng,Unicorns of Love Sexy Edition,2,2,Profil neutre,4.994033336639404,1.6855567693710327,False,0.4857142857142857,35,-0.5721336736320257,0.0956038592389161,-0.6828149552096889,0.0972098638511301
white,White,PRM,2026,Summer,jng,Unicorns of Love Sexy Edition,2,2,Profil neutre,4.783630847930908,1.7031253576278687,False,0.7368421052631579,19,0.3270502269281376,0.3660914461631285,-0.4975901986665348,1.1997097357932445
white,White,PRM,2026,Winter,jng,Unicorns of Love Sexy Edition,0,0,High DPS | Farmer dominant | Lane bully | Early dominant | High performer,2.1597378253936768,0.14391320943832397,False,0.6,15,-0.1153296768805234,0.1266912240647831,0.3165685765201184,0.7630917156189824
whiteinn,whiteinn,LFL,2026,unknown,sup,Ici Japon Corp. Esport,2,2,Farmer dominant | Lane bully | Early dominant,2.972074031829834,3.4290428161621094,False,0.3870967741935484,31,-0.0936364894398926,0.134157129087496,0.2153868939427981,-0.3657075260664998
whiteinn,whiteinn,LVP SL,2024,Spring,sup,Team Heretics Academy,2,2,Farmer dominant | Lane bully | Early dominant,1.0964919328689575,4.186276435852051,False,0.7307692307692307,26,0.2995120531221251,2.06983071044442,1.116017504072554,1.5002142136808474
whiteinn,whiteinn,LVP SL,2024,Summer,sup,Team Heretics Academy,2,2,Farmer dominant | Lane bully | Early dominant,0.6562667489051819,6.2916998863220215,False,0.7307692307692307,26,0.3451028559783446,0.2992225237970387,1.362354516436431,1.380502956990714
whiteinn,whiteinn,LVP SL,2025,Spring,sup,Barça eSports,0,0,High DPS | Versatile | High performer,4.525020122528076,7.138538360595703,False,0.6451612903225806,31,0.3579211104683394,-0.3843552806955962,-1.234657619844449,0.9470493292993744
whiteinn,whiteinn,LVP SL,2025,Summer,sup,Barça eSports,1,1,Profil neutre,3.2724828720092773,3.3203814029693604,False,0.2307692307692307,13,-0.2395039262916235,-0.6511004691589085,-1.0350119336625727,-0.986465386733408
whiteinn,whiteinn,LVP SL,2025,Winter,sup,Barça eSports,1,1,Profil neutre,5.425334453582764,5.958855628967285,False,0.5172413793103449,29,-1.348472295032202,-1.5415853729774365,0.014561752835538,0.2984350956767053
whiteknight,WhiteKnight,LVP SL,2024,Spring,top,Barça eSports,2,2,Profil neutre,5.784486770629883,6.489009857177734,False,0.2352941176470588,17,0.2180675098557694,-1.682107901250329,0.0814364109788531,-1.3951233823480556
whiteknight,WhiteKnight,LVP SL,2024,Summer,top,Barça eSports,2,2,Profil neutre,6.284793376922607,6.035636901855469,False,0.6,30,-0.6294295747888109,-0.812816246333117,-0.7179520579887948,0.6920436371151393
whiteknight,WhiteKnight,LVP SL,2025,Spring,top,Barça eSports,2,2,Profil neutre,6.0387749671936035,7.10925817489624,False,0.6451612903225806,31,-0.5571215310636282,-0.7779957627653693,-0.4362549602121434,0.9470493292993744
whiteknight,WhiteKnight,LVP SL,2025,Summer,top,Barça eSports,0,0,Profil neutre,3.0721235275268555,5.235130786895752,False,0.2307692307692307,13,-1.2252787565831813,-0.9075011140735404,-0.5762405348480564,-0.9864653867334082
whiteknight,WhiteKnight,LVP SL,2025,Winter,top,Barça eSports,2,2,Profil neutre,5.809480667114258,7.3698835372924805,False,0.5172413793103449,29,-1.2365592387754876,-1.1706457535693224,0.1083139652003956,0.2984350956767053
whiteknight,WhiteKnight,PRM,2026,Summer,top,TeamOrangeGaming,0,0,Profil neutre,3.1277358531951904,4.311681270599365,False,0.3,10,-1.9803882525307344,-1.5171757725320605,-2.3156734871410345,-0.8881580121515213
wildenbruch,Wildenbruch,PRM,2025,Finals,sup,ROSSMANN Centaurs,0,0,High DPS | Versatile | High performer,3.6588339805603027,6.944571018218994,False,0.6153846153846154,13,0.904821751718346,-0.6344199644398961,0.0042753695878672,0.9875787722956312
wildenbruch,Wildenbruch,PRM,2025,Spring,sup,ROSSMANN Centaurs,0,0,High DPS | Versatile | High performer,4.26089334487915,6.450819969177246,False,0.4848484848484848,33,0.5809180459077666,-0.3917040144759324,-0.3030385649423374,-0.1309059871939082
wildenbruch,Wildenbruch,PRM,2025,Summer,sup,ROSSMANN Centaurs,0,0,High DPS | Versatile | High performer,2.6622202396392822,7.1090192794799805,False,0.5333333333333333,15,1.7113171633720992,0.0023649798153952,-0.1406606432448817,0.1848467562523424
wildenbruch,Wildenbruch,PRM,2025,Winter,sup,ROSSMANN Centaurs,1,1,Profil neutre,6.529341220855713,2.9962990283966064,False,0.2727272727272727,11,-0.6564652563114493,-0.8288106306234777,-1.1716427646727148,-1.0917103311374812
wildenbruch,Wildenbruch,PRM,2026,Spring,sup,E WIE EINFACH E-SPORTS,2,2,Farmer dominant | Lane bully | Early dominant,1.1624469757080078,5.244912147521973,False,0.5666666666666667,30,0.7172197484703398,0.9192941041043092,1.1820721854086906,0.534137808138408
wildenbruch,Wildenbruch,PRM,2026,Summer,sup,E WIE EINFACH E-SPORTS,2,2,Farmer dominant | Lane bully | Early dominant,2.790496826171875,4.198729515075684,False,0.5,24,-0.7033767033255016,1.070618574047393,0.4299290321293639,0.014709431388016
wildenbruch,Wildenbruch,PRM,2026,Winter,sup,E WIE EINFACH E-SPORTS,2,2,Farmer dominant | Lane bully | Early dominant,2.536485195159912,3.1499996185302734,False,0.3333333333333333,9,0.8212540522340868,0.0265918730451203,0.0831298450042015,-0.7658725699743931
wittman,wittman,NLC,2026,Summer,bot,Deer Gaming,1,1,High DPS | Farmer dominant | Lane bully | Early dominant | High performer,9.383520126342773,8.337002754211426,False,0.6111111111111112,18,-1.1778893054195136,0.667195627192631,0.4987707115950513,0.7150849161815525
wntr,WNTR,NLC,2025,Winter,top,Lundqvist Lightside,0,0,Profil neutre,3.4642834663391113,5.153409957885742,False,0.3333333333333333,12,-1.6173889922019755,-1.391765385054554,-1.3116788820233731,-0.7211972033204771
woldjo,Woldjo,PRM,2026,Spring,jng,TeamOrangeGaming,0,0,High DPS | Farmer dominant | Lane bully | Early dominant | High performer,2.4160478115081787,2.109035015106201,False,0.6086956521739131,23,-1.356225840824894,0.0232168748306498,0.6014114307468928,0.6358063277000251
woldjo,Woldjo,PRM,2026,Summer,jng,TeamOrangeGaming,2,2,Profil neutre,4.690371990203857,1.9273234605789185,False,0.3157894736842105,19,-1.5802694346692991,-1.0079996811844347,-0.4761227092950376,-0.906957472038274
woldjo,Woldjo,PRM,2026,Winter,jng,TeamOrangeGaming,2,2,Profil neutre,4.940354824066162,2.421060800552368,False,0.3333333333333333,6,-0.661008604824411,-0.4877354076827166,0.1090745826820793,-0.7658725699743931
woolite,Woolite,PRM,2024,Spring,bot,Austrian Force willhaben,2,2,Profil équilibré,4.247600555419922,9.821468353271484,False,0.6666666666666666,18,0.6587068541014492,-1.0568234335676872,-0.6663787104004303,0.7115124735378847
woolite,Woolite,PRM,2024,Summer,bot,Austrian Force willhaben,2,2,Profil équilibré,6.879940986633301,11.530826568603516,False,0.6111111111111112,18,-0.5850426943117895,0.0932558875815991,-0.5275698671761088,0.6708203932499373
woolite,Woolite,PRM,2024,unknown,bot,Austrian Force willhaben,0,0,Profil neutre,3.9519968032836914,10.643244743347168,False,0.3636363636363636,11,-0.8529365219754991,-1.3625962811898902,-1.3979705348986813,-0.7723607984442675
wormsoil,Wormsoil,NLC,2026,Summer,top,Absolved,0,0,Profil neutre,5.05259370803833,4.527820587158203,False,0.3333333333333333,6,0.2396013908040202,-1.0506957639517625,-0.0987226241278654,-0.4266632323877973
xagog,Xagog,PRM,2025,Finals,jng,ROSSMANN Centaurs,0,0,High DPS | Farmer dominant | Lane bully | Early dominant | High performer,2.5953264236450195,0.37677329778671265,False,0.6153846153846154,13,1.0263523735027975,0.9262592402799148,-0.4753833475788708,0.9875787722956312
xagog,Xagog,PRM,2025,Spring,jng,ROSSMANN Centaurs,2,2,Profil neutre,4.238398551940918,-0.1285329908132553,False,0.4848484848484848,33,0.8313585001924235,-0.33737939089392,0.1358859452398625,0.028016203197517
xagog,Xagog,PRM,2025,Summer,jng,ROSSMANN Centaurs,2,2,Profil neutre,3.5943503379821777,0.26348331570625305,False,0.5333333333333333,15,0.4407161520418463,-0.4751273042329115,-0.1688846704868333,0.1137443094794466
xagog,Xagog,PRM,2025,Winter,jng,ROSSMANN Centaurs,2,2,Profil neutre,6.083115100860596,2.1050643920898438,False,0.2727272727272727,11,0.853772659528282,0.017555011358428,-1.2371087076410616,-1.0917103311374805
xagog,Xagog,PRM,2026,Spring,jng,Eintracht Spandau,2,2,Profil neutre,3.2577083110809326,1.6572426557540894,False,0.6666666666666666,33,-0.123080567696224,-0.8273388114192592,-0.1370722949652534,0.8896901827129717
xagog,Xagog,PRM,2026,Summer,jng,Eintracht Spandau,2,2,Profil neutre,3.5426549911499023,-0.29543283581733704,False,0.55,20,1.303229780405301,-0.5206640090607507,0.4531103031015392,0.2648761623180086
xagog,Xagog,PRM,2026,Winter,jng,Eintracht Spandau,2,2,Profil neutre,4.430097579956055,-0.16888786852359772,False,0.5625,16,1.3997385314064323,-0.6756966839897517,-0.5147339082139096,0.548081112957414
xay,Xay,LFL2,2025,Summer,bot,IziDream,2,2,Profil équilibré,7.3994669914245605,11.714675903320312,False,0.6,25,0.0887853791306879,-1.565410105642204,0.6503336182480328,0.927030557518715
xay,Xay,PRM,2026,Winter,bot,A One Man Army Prime,0,0,Profil neutre,4.267638683319092,12.66507625579834,False,0.1666666666666666,6,-1.3309896187437742,-0.6601813339173644,-1.163929249910427,-1.7214752484702531
xdrop,xDrop,NLC,2024,Summer,bot,Verdant,2,2,Profil équilibré,7.591358184814453,9.2371244430542,False,0.2857142857142857,14,0.5168389908933393,1.2672178368069351,-0.5742986204012891,-0.9504243653872944
xeltop,Xeltop,LFL2,2024,Spring,mid,Klanik Esport,1,1,Profil neutre,9.967148780822754,3.5467989444732666,False,0.1666666666666666,6,-0.8608217571184271,0.666264310487131,0.481785530755604,-1.4142135623730951
xeltop,Xeltop,LFL2,2025,unknown,mid,NEO ZEPHYR,0,0,High DPS | Farmer dominant | Lane bully | Early dominant,10.620688438415527,0.6563937067985535,False,0.4,5,-1.0952160553434682,1.1300328174454115,1.1312785137308046,-0.8728715609439699
xero,Xero,NLC,2026,Summer,mid,Rich Gang,0,0,High DPS | Farmer dominant | Lane bully | Early dominant,10.2810697555542,1.17391037940979,False,0.2,5,1.3655581367619651,-0.2297566205385739,1.1301410123968207,-1.022582057011351
xersus,XERSUS,LFL2,2024,Spring,sup,Zerance,0,0,High DPS | Versatile | High performer,3.628251552581787,5.275583744049072,False,0.5,6,-1.100172082263719,-0.8773181848081932,0.3676643108255638,0.0
xersus,XERSUS,LFL2,2024,Summer,sup,Zerance,2,2,Farmer dominant | Lane bully | Early dominant,2.7845516204833984,2.761782169342041,False,0.125,8,-0.8657527287743592,-0.0261996474087816,0.8717576940826386,-1.5596135048113124
xerxe,Xerxe,LFL,2025,Flash In,jng,Galions,0,0,High DPS | Farmer dominant | Lane bully | Early dominant | High performer,1.3006616830825806,0.7684106230735779,False,0.625,16,0.458773819435435,0.4594060320358432,1.8494315617448216,0.7869819638227227
xerxe,Xerxe,LFL,2025,Spring,jng,Galions,0,0,High DPS | Farmer dominant | Lane bully | Early dominant | High performer,0.541222870349884,-0.17356202006340027,False,0.5416666666666666,24,1.1384819208785129,1.2178018795391337,0.749434134233885,0.5069047567625945
xerxe,Xerxe,LFL,2025,Summer,jng,Galions,0,0,High DPS | Farmer dominant | Lane bully | Early dominant | High performer,-0.7521170377731323,-1.0109268426895142,False,0.7241379310344828,29,2.2858103999579,1.4288882293713334,1.6871002693374308,1.6365133408165564
xerxe,Xerxe,LVP SL,2024,Spring,jng,Team Heretics Academy,0,0,High DPS | Farmer dominant | Lane bully | Early dominant | High performer,2.161285638809204,-0.10719699412584305,False,0.7307692307692307,26,-0.3433005178357655,0.1077360672899471,0.9255613911785096,1.4682717242192147
xerxe,Xerxe,LVP SL,2024,Summer,jng,Team Heretics Academy,0,0,High DPS | Farmer dominant | Lane bully | Early dominant | High performer,-0.07139874249696732,-0.9017845392227173,False,0.7307692307692307,26,0.0261341510786413,1.2931135989784388,1.2485834827550713,1.385146130533979
xico,Xico,LVP SL,2024,Spring,mid,Guasones,1,1,Profil neutre,8.183679580688477,3.109203577041626,False,0.5483870967741935,31,1.24375411911896,0.0248734817134298,-1.078167376216962,0.3080732092234884
xico,Xico,LVP SL,2024,Summer,mid,Guasones,1,1,Profil neutre,6.12477445602417,4.197054862976074,False,0.3888888888888889,18,0.4174845113912557,0.112890492650173,-0.5035599658904168,-0.4350396298581827
xico,Xico,LVP SL,2025,Spring,mid,ZETA,1,1,Profil neutre,5.947268009185791,4.160189151763916,False,0.3333333333333333,9,0.2413889939200587,0.439020772869464,-0.8875644364041361,-0.5262237013367892
xico,Xico,LVP SL,2025,Summer,mid,ZETA,2,2,Profil neutre,5.7651262283325195,2.9399428367614746,False,0.2222222222222222,9,-0.499909122427259,1.716244106474596,-0.6180679426946905,-1.0246278989913988
xicor,Xicor,LFL2,2024,Spring,bot,Lille Esport,1,1,High DPS | Farmer dominant | Lane bully | Early dominant | High performer,10.780356407165527,7.579012870788574,False,0.6666666666666666,6,0.9956328885705276,1.9092337286863008,0.2721955145499138,0.7071067811865474
xicor,Xicor,LFL2,2024,Summer,bot,Lille Esport,1,1,High DPS | Farmer dominant | Lane bully | Early dominant | High performer,10.076129913330078,7.333242893218994,False,0.3333333333333333,18,1.0524058311293765,0.6766476826863149,1.2893529824553955,-0.809184344347202
xicor,Xicor,LFL2,2025,Spring,bot,IziDream,2,2,Profil équilibré,6.838775634765625,10.073933601379395,False,0.5,12,-0.4471820467228853,-0.2526569883411197,-0.4244818133781893,0.1584518666582155
xicor,Xicor,LFL2,2025,Winter,bot,Skillcamp,2,2,Profil équilibré,5.495232105255127,9.695420265197754,False,0.1428571428571428,14,-0.1281503119938653,0.197057668574546,-0.6582554334576622,-1.2253141755159511
xkenzuke,xKenzuke,LFL,2025,unknown,mid,Esprit Shōnen,1,1,Profil neutre,8.654879570007324,3.189436674118042,False,0.6666666666666666,9,-0.707106781186545,-0.7071067811865475,0.7071067811865469,0.707106781186548
xkenzuke,xKenzuke,LFL,2026,unknown,mid,Esprit Shōnen,1,1,Profil neutre,6.750843524932861,3.9798319339752197,False,0.25,24,-0.3596043067167881,-0.5908517955421281,-0.2199072142255453,-1.0110676045865248
xkenzuke,xKenzuke,LFL2,2024,Spring,mid,Joblife,1,1,Profil neutre,9.256985664367676,2.9267053604125977,False,0.6666666666666666,6,1.0325911518497537,1.035158742506828,0.1502341977625001,0.7071067811865474
xkenzuke,xKenzuke,LFL2,2024,Summer,mid,Joblife,0,0,High DPS | Farmer dominant | Lane bully | Early dominant,11.67187786102295,0.9377707839012146,False,0.7222222222222222,18,0.7543721673927282,0.9331357731928432,1.0833703064881992,1.0966874272755884
xkenzuke,xKenzuke,LFL2,2024,unknown,mid,Joblife,0,0,High DPS | Farmer dominant | Lane bully | Early dominant,10.268362998962402,2.063783645629883,False,0.3076923076923077,13,1.143861623835161,0.3594337481949138,0.7785553604720267,-1.2262198399593291
xkenzuke,xKenzuke,LFL2,2025,Spring,mid,Esprit Shōnen,0,0,High DPS | Farmer dominant | Lane bully | Early dominant,11.981209754943848,1.651942253112793,False,0.7272727272727273,22,0.8869022539283953,0.7477247004264467,0.7349927872039957,1.515860747742649
xkenzuke,xKenzuke,LFL2,2025,Summer,mid,Esprit Shōnen,1,1,Profil neutre,9.122305870056152,3.428112268447876,False,0.6666666666666666,21,0.8773449723023442,0.4152902875473921,-0.659214400447316,1.4411486212114704
xkenzuke,xKenzuke,LFL2,2025,Winter,mid,Esprit Shōnen,0,0,High DPS | Farmer dominant | Lane bully | Early dominant,12.094094276428223,1.785752296447754,False,0.6666666666666666,24,1.311500999988038,1.7914591688813997,0.7719422926616791,1.0579543813365315
xmatty,xMatty,NLC,2025,Winter,bot,NORD Esports,2,2,Profil équilibré,7.406177043914795,10.480551719665527,False,0.55,20,-0.3900486964215365,-0.5352363042685574,0.7531440695980042,0.3854738924332391
xmatty,xMatty,PRM,2024,Spring,bot,Unicorns of Love Sexy Edition,1,1,High DPS | Farmer dominant | Lane bully | Early dominant | High performer,9.745102882385254,9.27141284942627,False,0.6666666666666666,18,-0.6208890700648976,1.5217732423197898,1.4897748869827268,0.7115124735378847
xmatty,xMatty,PRM,2024,Summer,bot,Unicorns of Love Sexy Edition,2,2,Profil équilibré,7.651267051696777,8.87610149383545,False,0.6111111111111112,18,0.6286914448321728,1.0719225548273832,0.4773476795509022,0.6708203932499373
xmatty,xMatty,PRM,2024,unknown,bot,Unicorns of Love Sexy Edition,1,1,High DPS | Farmer dominant | Lane bully | Early dominant | High performer,9.67243766784668,8.832063674926758,False,0.6666666666666666,21,0.6441876178711389,1.0514372589749688,1.2150951760769224,1.1874128632176704
xns,XnS,LFL,2025,Summer,jng,BK ROG Esports,0,0,High DPS | Farmer dominant | Lane bully | Early dominant | High performer,1.7816299200057983,-0.9455017447471619,False,0.4137931034482758,29,-0.0669397388107257,1.5596466400167148,-0.2539385819426477,-0.4475107206201753
xns,XnS,TCL,2024,Summer,jng,BoostGate Esports,0,0,High DPS | Farmer dominant | Lane bully | Early dominant | High performer,0.0818995013833046,0.6382238268852234,False,0.5217391304347826,23,1.5248747602891843,0.8049255730331815,0.5656597422784041,0.4197994413599225
xns,XnS,TCL,2025,Spring,jng,BoostGate Esports,0,0,High DPS | Farmer dominant | Lane bully | Early dominant | High performer,-0.5947829484939575,-1.2036515474319458,False,0.6923076923076923,26,2.2354864994209884,1.4931079694893208,1.83797044576481,1.3923542776924025
xns,XnS,TCL,2025,Winter,jng,BBL Dark Passage,2,2,Profil neutre,5.970584869384766,0.8809207677841187,False,0.2727272727272727,11,0.3454434530629365,-0.3823674943059799,-0.1597879392362662,-0.9899748943142757
xns,XnS,TCL,2026,Kickoff,jng,SU Esports,0,0,High DPS | Farmer dominant | Lane bully | Early dominant | High performer,1.691835880279541,-1.012474775314331,False,0.45,20,0.723489777987411,1.2586186564583235,0.9184416576262407,0.0750638629586248
yakkey,Yakkey,LFL,2026,unknown,bot,Vitality.Bee,2,2,Profil équilibré,8.30038833618164,9.288651466369629,False,0.4838709677419355,31,-0.8018556332248611,0.8486334520038199,0.1763819594872887,0.1746180493240747
yakkey,Yakkey,LFL2,2025,Spring,bot,Skillcamp,0,0,Profil neutre,5.17660665512085,9.915473937988281,False,0.1428571428571428,14,-1.6142039601588891,0.3702500420936882,-0.8598047978197025,-1.6865703330886217
yakkey,Yakkey,NLC,2026,Winter,bot,Deer Gaming,1,1,High DPS | Farmer dominant | Lane bully | Early dominant | High performer,11.22280216217041,8.048294067382812,False,0.5555555555555556,9,1.1249405549599898,1.7503120443622324,1.8735671745691476,0.3989921237985107
yashiro,Yashiro,NLC,2024,unknown,bot,Ruzeh Esports,1,1,High DPS | Farmer dominant | Lane bully | Early dominant | High performer,9.59217357635498,9.501697540283203,False,0.375,8,0.2246806277720883,0.4685892985932341,0.983760016744005,-0.4982603389554373
yen,Yen,LFL,2026,unknown,bot,Esprit Shōnen,0,0,Profil neutre,3.8127219676971436,11.98818302154541,False,0.0,12,-1.949767796212196,-0.8552389190128306,-1.6069400989738958,-2.5434386878260757
yeti,Yeti,LFL,2026,unknown,top,Skillcamp,2,2,Profil neutre,6.343628883361816,6.951696395874023,False,0.5294117647058824,51,-0.5405835747067729,-0.4785092777040241,-0.2655122400845133,0.5861605705766536
yeti,Yeti,TCL,2025,Spring,top,BBL Dark Passage,0,0,Profil neutre,3.2317683696746826,5.4657883644104,False,0.5,22,-1.7270856096916876,-0.8719770095543162,-1.4710680861536214,0.1934810547981061
yikesuo,Yikesuo,TCL,2026,Kickoff,mid,BoostGate Esports,2,2,Profil neutre,3.770860195159912,3.2075581550598145,False,0.0,6,-1.8161698461230131,0.0354787419817073,-1.4283339970496989,-1.5096047236850052
yohan,Yohan,NLC,2024,Spring,jng,Lionscreed,0,0,High DPS | Farmer dominant | Lane bully | Early dominant | High performer,2.496116876602173,-0.4071253538131714,False,0.7272727272727273,22,0.5494225514296461,0.5020020722378679,1.0949489723889676,1.688402609306911
yohan,Yohan,TCL,2024,Summer,jng,NASR eSports Turkey,0,0,High DPS | Farmer dominant | Lane bully | Early dominant | High performer,1.6541756391525269,-0.11660792678594589,False,0.2857142857142857,14,-0.042212388431896,1.2310750759592792,0.6918621731632609,-0.4715734204269216
yones,yones,NLC,2024,Summer,jng,BlueWhites,1,1,Profil neutre,8.629015922546387,2.3698854446411133,False,0.0,8,-0.9591695624140476,-1.170631735501518,-1.4741355586243974,-2.010055595040951
yones,yones,NLC,2024,unknown,jng,BlueWhites,2,2,Profil neutre,7.548320770263672,3.0617899894714355,False,0.4,25,-0.6792745619359652,-0.292380511905173,-1.6481355597432197,-0.3819110686649696
yukino,Yukino,LFL,2025,Spring,jng,Karmine Corp Blue,2,2,Profil neutre,4.871072769165039,-0.38383951783180237,True,0.52,25,1.1825892061202683,-0.4866274673616428,0.5553561729757088,0.3705763827690567
yukino,Yukino,LFL,2025,Summer,jng,Karmine Corp Blue,2,2,Profil neutre,2.3960530757904053,-0.15392152965068817,True,0.6388888888888888,36,0.2758547645293596,0.6034357254610856,0.4180909595067871,1.0640499412243676
yukino,Yukino,LFL,2026,unknown,jng,Karmine Corp Blue,0,0,High DPS | Farmer dominant | Lane bully | Early dominant | High performer,1.6632142066955566,0.6485335826873779,False,0.5581395348837209,43,0.3751208028492189,0.587730412960434,1.0880231408531764,0.6706503022539592
yuros,Yuros,TCL,2026,Summer,mid,DIA Ozarox Esports,1,1,Profil neutre,8.026779174804688,0.9202436804771423,False,0.625,8,0.0744842830195753,-0.0590410400334568,0.0199818603686588,0.7330538291813006
zanzarah,Zanzarah,PRM,2024,Spring,jng,Eintracht Spandau,2,2,Profil neutre,3.8548247814178467,2.064505100250244,False,0.6111111111111112,18,-0.8264142987747493,-0.9206850883081829,0.0358539366079992,0.4743416490252571
zanzarah,Zanzarah,PRM,2024,Summer,jng,Eintracht Spandau,1,1,Profil neutre,6.405284404754639,3.032471179962158,False,0.6666666666666666,18,-1.0469266321449624,-1.286405256029696,-0.5311983433373824,1.006230589874905
zanzarah,Zanzarah,PRM,2024,unknown,jng,Eintracht Spandau,2,2,Profil neutre,5.186688423156738,1.1753917932510376,False,0.6,20,-0.8541029772023541,-1.1655944481348477,-0.4061427704580607,0.7562626576520441
zanzarah,Zanzarah,PRM,2025,Summer,jng,Eintracht Frankfurt,2,2,Profil neutre,4.325045585632324,0.48966777324676514,False,0.5833333333333334,12,0.1898943361387713,-0.3700091810334762,-0.2077512939976115,0.3181410231069919
zanzarah,Zanzarah,PRM,2026,unknown,jng,All for One Gaming,2,2,Profil neutre,4.1360368728637695,1.0035406351089478,False,0.5555555555555556,9,-0.4510514623231993,-1.0385935189667492,0.7985005568555608,0.2656844656620287
zanzarah,Zanzarah,TCL,2025,Winter,jng,Misa Esports,2,2,Profil neutre,3.065150499343872,0.8196340203285217,False,0.6153846153846154,26,-0.3008481883984675,-0.7424535477017831,-0.0435803657465777,0.7527116054660885
zaremba,Zaremba,LFL2,2024,Spring,sup,MHSC Esport,2,2,Farmer dominant | Lane bully | Early dominant,3.579752206802368,4.482243537902832,False,0.6666666666666666,6,-0.1166370088351618,-0.364200764764597,0.5587138949727967,0.7071067811865474
zaremba,Zaremba,LFL2,2024,Summer,sup,MHSC Esport,0,0,High DPS | Versatile | High performer,1.0512163639068604,6.38735294342041,False,0.7647058823529411,17,0.8048006127165874,0.1844056387335699,0.8100185388619396,1.3598316653486098
zaremba,Zaremba,LFL2,2024,unknown,sup,MHSC Esport,2,2,Farmer dominant | Lane bully | Early dominant,1.6381518840789795,4.151741027832031,False,0.4117647058823529,17,-0.6080834338745263,1.025143491702634,0.7709832672406718,-0.5107833038029009
zazee,ZaZee,PRM,2024,Spring,mid,Eintracht Frankfurt,1,1,Profil neutre,6.725149154663086,3.750035524368286,False,0.3333333333333333,18,-0.98845315269797,0.0446185753983707,-0.3363174638462561,-0.7115124735378855
zazee,ZaZee,PRM,2024,Summer,mid,Eintracht Frankfurt,2,2,Profil neutre,5.875668525695801,1.1610541343688965,False,0.3333333333333333,18,-0.9363359648469805,-0.1962407453433225,-1.0386218446121374,-1.0062305898749049
zazee,ZaZee,PRM,2025,Spring,mid,Eintracht Frankfurt,2,2,Profil neutre,4.235694885253906,2.5203986167907715,False,0.2857142857142857,21,-0.7944191429843273,-1.3430720756159635,-1.0602256116528348,-1.6323236279559874
zazee,ZaZee,PRM,2025,Summer,mid,Eintracht Frankfurt,1,1,Profil neutre,9.159062385559082,1.703177809715271,False,0.5833333333333334,12,1.3123773360073827,-0.8204499043575187,0.3275944055337749,0.3903816019828043
zazee,ZaZee,PRM,2025,Winter,mid,Eintracht Frankfurt,1,1,Profil neutre,8.047082901000977,2.3836424350738525,False,0.5,14,-1.0755617937303164,-0.5413917483369852,0.085872153254181,0.1768786350827917
zergsting,Zergsting,TCL,2024,Winter,sup,Misa Esports,1,1,Profil neutre,3.0407681465148926,2.0827901363372803,False,0.4285714285714285,14,-1.1756900510520027,-0.3472799693275692,-0.0294261407930388,-0.1508868027877381
zest,Zest,LFL,2025,Flash In,top,GameWard,1,1,Carry agressif | High DPS | Farmer dominant | Lane bully | Early dominant,8.45937442779541,5.008293151855469,False,0.1666666666666666,6,2.207282216314711,1.472085897457304,0.0035602637144215,-1.6984473200890389
zest,Zest,LFL,2025,Spring,top,GameWard,1,1,Carry agressif | High DPS | Farmer dominant | Lane bully | Early dominant,9.392074584960938,5.634819984436035,False,0.3571428571428571,14,2.167077331609525,0.2612751961539737,0.2227966623871306,-0.654133593182373
zest,Zest,TCL,2024,Summer,top,Dark Passage,1,1,Carry agressif | High DPS | Farmer dominant | Lane bully | Early dominant,9.966241836547852,8.82422924041748,False,0.5757575757575758,33,1.5742879526530198,0.7930333001792886,1.264684711535787,0.494380480018418
zest,Zest,TCL,2025,Summer,top,Bushido Wildcats,1,1,Carry agressif | High DPS | Farmer dominant | Lane bully | Early dominant,10.185881614685059,9.100396156311035,False,0.6666666666666666,27,1.490583839235672,0.9497201063220068,1.2812190659742757,0.9254671196427452
zeta,zeta,NLC,2025,unknown,sup,Brod n Friends,1,1,Profil neutre,3.7038135528564453,4.4602952003479,False,0.6,5,0.5384469698302841,-0.4158098205038573,0.6642243819695122,0.4078042882679388
zhangsid,Zhangsid,LFL2,2024,Spring,mid,Akroma,1,1,Profil neutre,6.471230983734131,4.12296199798584,False,0.1666666666666666,6,-0.0962268625439096,-0.0733074178462044,-0.4783318710369258,-1.4142135623730951
zhangsid,Zhangsid,LFL2,2024,Summer,mid,Akroma,0,0,High DPS | Farmer dominant | Lane bully | Early dominant,9.402399063110352,0.5533512830734253,False,0.3888888888888889,18,-0.6855387274080748,0.2375473026905626,1.176859345780969,-0.5605291294964118
zicssi,Zicssi,LFL,2024,Spring,jng,GameWard,0,0,High DPS | Farmer dominant | Lane bully | Early dominant | High performer,0.2630743384361267,0.9501903653144836,False,0.3888888888888889,18,0.4114002270161179,1.1822880005234575,0.5567283039045177,-0.5350768233577161
zicssi,Zicssi,LFL,2024,Summer,jng,GameWard,2,2,Profil neutre,6.137728691101074,2.6419270038604736,False,0.4090909090909091,22,-0.6487808343804511,0.5307581979355415,0.5716747620379176,-0.2599600871066553
zicssi,Zicssi,LFL,2025,Flash In,jng,Gentle Mates,0,0,High DPS | Farmer dominant | Lane bully | Early dominant | High performer,0.13400177657604218,0.8534454107284546,False,0.5454545454545454,11,-0.7982213727372756,1.330082118942468,1.064762634400658,0.3556264682677887
zicssi,Zicssi,LFL,2025,Spring,jng,Gentle Mates,0,0,High DPS | Farmer dominant | Lane bully | Early dominant | High performer,2.4537594318389893,1.5754510164260864,False,0.4166666666666667,24,0.7042754700600703,-0.140941281797909,1.129878134185292,-0.2796050932001252
zicssi,Zicssi,LFL,2025,Summer,jng,Gentle Mates,2,2,Profil neutre,3.116067886352539,0.631247341632843,False,0.6,35,0.1336022571150172,-0.4756608216597361,0.8490666675831373,0.8029037162418636
zicssi,Zicssi,LFL,2026,unknown,jng,Solary,0,0,High DPS | Farmer dominant | Lane bully | Early dominant | High performer,-0.6861714720726013,-0.9318923950195312,False,0.7636363636363637,55,1.599168943870966,1.534462261749755,1.186268206331856,1.6863161653709011
zilax,Zilax,NLC,2026,Summer,mid,Lund Esports Organization,2,2,Profil neutre,5.3800530433654785,1.072252631187439,False,0.4615384615384615,13,-1.669255340640844,-1.1150313716760016,-1.2585536628933314,0.0896020118304223
zoelys,Zoelys,LFL,2025,Flash In,sup,Galions,2,2,Farmer dominant | Lane bully | Early dominant,1.2976481914520264,3.8548617362976074,False,0.625,16,-0.2723245703840433,1.274417979977002,0.6966192630507619,0.7869819638227227
zoelys,Zoelys,LFL,2025,Spring,sup,Galions,0,0,High DPS | Versatile | High performer,3.747546672821045,7.199277400970459,False,0.5416666666666666,24,1.8135755341613748,-0.5637884170301759,0.0161898953835968,0.5069047567625942
zoelys,Zoelys,LFL,2025,Summer,sup,Galions,0,0,High DPS | Versatile | High performer,0.9988656640052795,6.605509281158447,False,0.7241379310344828,29,0.7379184476376318,-0.5129368178200205,1.515428344400058,1.6365133408165562
zoelys,Zoelys,LFL,2026,unknown,sup,Galions,0,0,High DPS | Versatile | High performer,1.6024073362350464,7.273980140686035,False,0.647887323943662,71,2.7047794392531315,-0.295260739520734,2.2917668256190367,1.0669728968261316
zoiren,Zoiren,NLC,2025,Spring,mid,KAOS e-sport,0,0,High DPS | Farmer dominant | Lane bully | Early dominant,9.783089637756348,0.16346579790115356,False,0.4,5,1.7372368560535367,-0.576019145522407,0.933890584464315,-0.1736960603346609
zorenous,zorenous,PRM,2026,Spring,top,TeamOrangeGaming,1,1,Carry agressif | High DPS | Farmer dominant | Lane bully | Early dominant,9.83371639251709,7.588922500610352,False,0.6086956521739131,23,0.8676913184653673,0.8935190975870084,1.1455826108073457,0.7032436799425555
zorenous,zorenous,PRM,2026,Summer,top,TeamOrangeGaming,2,2,Profil neutre,7.2636494636535645,5.840785503387451,False,0.3333333333333333,9,0.0895138420949562,-0.7575826479677489,0.3193966690425868,-0.7182235984746815
zuhy,Zuhy,NLC,2024,unknown,mid,KAOS e-sport,0,0,High DPS | Farmer dominant | Lane bully | Early dominant,11.736944198608398,1.3827846050262451,False,0.75,12,1.614539143519811,2.019735783907828,1.9986751248019743,1.2580865065139335
zuhy,Zuhy,NLC,2025,Winter,mid,KAOS e-sport,1,1,Profil neutre,7.9371161460876465,1.5206269025802612,False,0.4,10,0.51218493941346,0.5287202100464328,-0.3574886274723436,-0.3602003004561968
zwickl,ZWICKL,PRM,2026,Spring,jng,VfB eSports,1,1,Profil neutre,7.0805840492248535,0.7395756840705872,False,0.1666666666666666,18,0.2360808245623653,-1.3018546346375814,-0.5350316916790833,-1.3000580667736965
zwickl,ZWICKL,PRM,2026,Summer,jng,VfB eSports,1,1,Profil neutre,6.909691333770752,0.6615718007087708,False,0.2777777777777778,18,0.9217240894690504,-0.6829822233286009,-1.095728626635086,-1.0971427060786192
zwickl,ZWICKL,PRM,2026,unknown,jng,VfB eSports,1,1,Profil neutre,6.759103298187256,2.3761632442474365,False,0.25,8,-0.2436051225752762,0.2207658397296206,-1.2169797998169658,-1.1955800954791287
zwyroo,Zwyroo,LVP SL,2024,Spring,mid,Team Heretics Academy,0,0,High DPS | Farmer dominant | Lane bully | Early dominant,12.092024803161621,0.8447094559669495,True,0.8125,16,0.6876104035914877,1.4182303012233763,1.4001259017457623,1.775016385120473
zwyroo,Zwyroo,NLC,2025,Summer,mid,NORD Esports,0,0,High DPS | Farmer dominant | Lane bully | Early dominant,12.352845191955566,2.307673454284668,False,0.625,16,1.1121425293427172,0.3030655259836711,1.2199650200396417,0.6679806826092187
