{
  "top": {
    "k_range": [
      3,
      4,
      5,
      6,
      7,
      8,
      9,
      10,
      11
    ],
    "inertias": [
      2251.3210493172546,
      2044.3085769619531,
      1919.7327494361289,
      1824.4860972526294,
      1745.1405038637868,
      1675.8458827017703,
      1636.2847224076495,
      1566.2951994634561,
      1533.5259226442904
    ],
    "silhouettes": [
      0.16695963223938967,
      0.16073738228353693,
      0.15225155855977907,
      0.1320926733352598,
      0.12628169453361124,
      0.1274000030179402,
      0.11994229547456817,
      0.12627439391291836,
      0.12188122322443276
    ],
    "best_k": 3
  },
  "jng": {
    "k_range": [
      3,
      4,
      5,
      6,
      7,
      8,
      9,
      10,
      11
    ],
    "inertias": [
      2168.464799874173,
      2004.7584109132338,
      1891.504726719281,
      1767.4305438829508,
      1685.609968781755,
      1605.9985036596463,
      1541.6210293350434,
      1497.4955720220635,
      1458.6303290722965
    ],
    "silhouettes": [
      0.16530487933688584,
      0.13859744262784102,
      0.13743421093885372,
      0.1396960639035124,
      0.1319755935295751,
      0.1349510562250338,
      0.1339196058336787,
      0.12588583582804322,
      0.12592010008369586
    ],
    "best_k": 3
  },
  "mid": {
    "k_range": [
      3,
      4,
      5,
      6,
      7,
      8,
      9,
      10,
      11
    ],
    "inertias": [
      2255.266159840803,
      2086.1789356558784,
      1951.0875189827425,
      1837.691995001205,
      1750.96880255932,
      1681.9670639438934,
      1624.7726793489308,
      1571.12591315256,
      1528.3153383795375
    ],
    "silhouettes": [
      0.15033639545700234,
      0.13880806218160335,
      0.13294679841341978,
      0.1324213674484887,
      0.12919950075870468,
      0.1296669464752447,
      0.127060183424885,
      0.12181288921382245,
      0.12084273485635558
    ],
    "best_k": 3
  },
  "bot": {
    "k_range": [
      3,
      4,
      5,
      6,
      7,
      8,
      9,
      10,
      11
    ],
    "inertias": [
      2272.722937139692,
      2099.328281895493,
      1965.3650627542988,
      1871.2735556960838,
      1776.2536515534773,
      1712.914315302378,
      1662.8931330658909,
      1604.9024242593127,
      1559.7915091993511
    ],
    "silhouettes": [
      0.15917644087722965,
      0.14879050725774864,
      0.13848899872936626,
      0.13131496582121704,
      0.13068196404517987,
      0.12186196741584457,
      0.1260947381587307,
      0.1261728986136878,
      0.11484122554728006
    ],
    "best_k": 3
  },
  "sup": {
    "k_range": [
      3,
      4,
      5,
      6,
      7,
      8,
      9,
      10,
      11
    ],
    "inertias": [
      2611.8589066993654,
      2413.891072534555,
      2279.6819943720716,
      2162.6740268310873,
      2064.533119035346,
      1994.2422828694437,
      1909.1341474231408,
      1849.6116912303523,
      1802.8024257708446
    ],
    "silhouettes": [
      0.148263528718862,
      0.13217952555176965,
      0.12375924833580193,
      0.11574253946503153,
      0.11540442822019585,
      0.10706998829733279,
      0.11488159610505076,
      0.1172047288222068,
      0.11668746085839694
    ],
    "best_k": 3
  }
}