{
  "top": {
    "k_range": [
      3,
      4,
      5,
      6,
      7,
      8,
      9,
      10,
      11
    ],
    "inertias": [
      2359.7066265831104,
      2139.790069746621,
      2020.5161132289668,
      1909.1635225884065,
      1833.0376702567305,
      1764.156819822769,
      1713.288501927383,
      1653.0873887825828,
      1615.0907880547113
    ],
    "silhouettes": [
      0.1640950742970201,
      0.15958734193277277,
      0.13426969588482823,
      0.13457553947826673,
      0.13158794106009822,
      0.12305697164425948,
      0.12313633972728985,
      0.1212264536050213,
      0.1181254204076401
    ],
    "best_k": 3
  },
  "jng": {
    "k_range": [
      3,
      4,
      5,
      6,
      7,
      8,
      9,
      10,
      11
    ],
    "inertias": [
      2253.6396526968983,
      2080.52405319858,
      1956.045586153988,
      1827.975337995183,
      1744.9110918281833,
      1673.509980823013,
      1606.7808816094864,
      1552.8362892118623,
      1506.408076207215
    ],
    "silhouettes": [
      0.16814603040893047,
      0.1434641505100571,
      0.1367192397726835,
      0.14150952737465228,
      0.13463782604237337,
      0.13591930843944486,
      0.13064498776978797,
      0.1289836205859892,
      0.1280537843600276
    ],
    "best_k": 3
  },
  "mid": {
    "k_range": [
      3,
      4,
      5,
      6,
      7,
      8,
      9,
      10,
      11
    ],
    "inertias": [
      2367.8818753344467,
      2191.160206856716,
      2041.5185437565483,
      1938.4138079357665,
      1839.5997299393448,
      1763.4915934691753,
      1706.4125944981306,
      1660.3946448320403,
      1616.7410679828997
    ],
    "silhouettes": [
      0.15098148873719203,
      0.14268017179848766,
      0.13293946431438491,
      0.12810041070620112,
      0.1313260672896104,
      0.1315639119475806,
      0.13005648542668735,
      0.12345604745717671,
      0.11710219163089045
    ],
    "best_k": 3
  },
  "bot": {
    "k_range": [
      3,
      4,
      5,
      6,
      7,
      8,
      9,
      10,
      11
    ],
    "inertias": [
      2370.56504244355,
      2191.709264928606,
      2056.835288917084,
      1954.1336277659348,
      1861.3218070988405,
      1788.1981319965967,
      1727.6022829869862,
      1675.6396220093889,
      1622.3643445884327
    ],
    "silhouettes": [
      0.15791113017979644,
      0.146243482548921,
      0.13426168782015277,
      0.1329487378707277,
      0.12969397589588952,
      0.12887713915157467,
      0.12803546801505225,
      0.11879530618960236,
      0.11914368070935569
    ],
    "best_k": 3
  },
  "sup": {
    "k_range": [
      3,
      4,
      5,
      6,
      7,
      8,
      9,
      10,
      11
    ],
    "inertias": [
      2731.502569047386,
      2523.3721411518673,
      2382.382314263391,
      2268.0385549310704,
      2164.270365902183,
      2091.871066933003,
      2010.2403909678767,
      1956.6879007264638,
      1895.7844642341165
    ],
    "silhouettes": [
      0.1476489932354233,
      0.12663377870173145,
      0.12731703736822386,
      0.11290162389138635,
      0.11615447546092574,
      0.10692559755469942,
      0.11571860326076527,
      0.10053732268195952,
      0.10446293216886358
    ],
    "best_k": 3
  }
}