playername,playername_original,league,_source_year,split,position,teamname,talent_score,score_percentile,promoted_to_lec,win_rate,games_played,champion_pool_size,dpm_zscore,cspm_zscore,golddiffat15_zscore
zoelys,Zoelys,LFL,2026,unknown,sup,Galions,99.76824541842157,100.0,False,0.647887323943662,71,20,2.7047794392531315,-0.295260739520734,2.2917668256190367
omon,OMON,LFL,2026,unknown,mid,Galions,99.39660721817182,100.0,False,0.647887323943662,71,22,0.6087330120051475,-0.1924269880194432,0.2787457133976723
thayger,Thayger,LFL,2026,unknown,jng,Galions,99.34210291766637,100.0,False,0.647887323943662,71,16,0.8524634868094983,1.499259716233713,0.970919150275112
carlsen,Carlsen,LFL,2026,unknown,top,Galions,99.2902353770603,100.0,False,0.647887323943662,71,20,0.7555646521581714,1.0469948844798742,0.927619507355271
harpoon,HARPOON,LFL,2026,unknown,bot,Galions,99.17044759312752,100.0,False,0.647887323943662,71,20,0.7898196625394807,0.2355050049070175,1.3252429364966534
toffe,Toffe,LFL,2026,unknown,mid,TLN Pirates,98.37296791346327,99.77628635346755,False,0.5606060606060606,66,16,0.4552967628642705,1.578500285338645,0.366517552797672
stefan,Stefan,LFL,2026,unknown,jng,TLN Pirates,97.98448096250578,99.78118161925602,False,0.5606060606060606,66,17,0.6400290393473546,-0.1051339500659284,-0.7617117871481197
thomas,Thomas,LFL,2026,unknown,sup,TLN Pirates,97.68526601247451,99.77777777777777,False,0.5606060606060606,66,15,-0.1770625373853928,-0.9945886774925988,-0.8170847058148055
zicssi,Zicssi,LFL,2026,unknown,jng,Solary,97.52244413018532,99.56236323851203,False,0.7636363636363637,55,15,1.599168943870966,1.534462261749755,1.186268206331856
axelent,Axelent,LFL,2026,unknown,bot,TLN Pirates,97.255958933825,99.78070175438597,False,0.5606060606060606,66,16,0.0218539272164646,-0.3170711296881547,0.11894759119738
spooder,Spooder,LFL,2026,unknown,top,TLN Pirates,96.38852363013444,99.77728285077951,False,0.5606060606060606,66,15,-0.7508458665573847,-0.491452035122303,-0.1990775470716116
aetinoth,Aetinoth,LFL,2026,unknown,bot,Solary,96.15034276357169,99.56140350877193,False,0.7592592592592593,54,16,0.5917235368318918,-0.2902927040747545,1.0826127997742727
piero,Piero,LFL,2026,unknown,sup,Solary,96.04770894792223,99.55555555555556,False,0.7592592592592593,54,18,0.4036509552981473,0.3856993981566349,0.8184196017269548
kryze,Kryze,LFL,2026,unknown,top,Solary,95.82060569006867,99.55456570155901,False,0.7636363636363637,55,15,0.8204451204579889,1.1848439846737264,1.1118411513197155
jool,Jool,LFL,2026,unknown,mid,Solary,95.80364491504825,99.55257270693512,False,0.7636363636363637,55,16,-0.480744534873962,-0.3485203334369713,0.2194182682154775
spooky,SPOOKY,LFL,2026,unknown,jng,Skillcamp,89.80657462949655,99.34354485776805,False,0.5294117647058824,51,17,0.5016234953130803,0.1411889536056819,0.7717791853910708
irrelevant,Irrelevant,PRM,2026,Spring,top,Berlin International Gaming,88.61387776941217,99.33184855233853,False,0.6304347826086957,46,18,1.4359405379150645,-1.5299221371612894,0.9537923512472836
nafkelah,Nafkelah,LFL,2026,unknown,mid,Skillcamp,88.2697994222737,99.32885906040269,False,0.5294117647058824,51,11,0.5814123037138037,0.1011459479457401,-0.1008847229738864
reeker,Reeker,PRM,2026,Spring,mid,Berlin International Gaming,86.52346280074453,99.10514541387025,False,0.6304347826086957,46,18,0.8733727884023593,-1.1248539794470815,1.0640552127448109
yeti,Yeti,LFL,2026,unknown,top,Skillcamp,86.31963515354182,99.10913140311804,False,0.5294117647058824,51,13,-0.5405835747067729,-0.4785092777040241,-0.2655122400845133
kamiloo,Kamiloo,LFL,2026,unknown,mid,Karmine Corp Blue,83.09708736911297,98.88143176733782,False,0.5581395348837209,43,15,1.434872151300458,-1.2166608656954576,1.323151048422634
shelfmade,Shelfmade,PRM,2026,Spring,top,G2 NORD,83.08342388326125,98.88641425389754,False,0.6590909090909091,44,18,-0.0748929935041594,0.4649815715896551,1.1243452966710017
steeelback,Steeelback,LFL,2026,unknown,sup,Skillcamp,82.85491059656523,99.33333333333333,False,0.5294117647058824,51,13,-0.9741615643094476,-1.1691453428585517,-0.7602169076858836
rin,Rin,PRM,2026,Spring,bot,G2 NORD,81.77472937652638,99.3421052631579,False,0.6590909090909091,44,16,0.9042935891150984,-0.018619972875037,0.8951331695685019
patrik,Patrik,PRM,2026,Spring,bot,Berlin International Gaming,79.80366762608124,99.12280701754386,False,0.6304347826086957,46,11,0.224269103235508,-0.6937190487941907,0.2162966057231921
toasty,Toasty,PRM,2026,Spring,mid,G2 NORD,79.7559510737746,98.65771812080537,False,0.6590909090909091,44,16,-0.1711613761466356,-0.3760377535758575,-0.1975667928356282
tockimo,Tockimo,PRM,2026,Spring,sup,G2 NORD,79.6147631631111,99.11111111111111,False,0.6590909090909091,44,17,0.1598875934727469,-1.0619219123899082,-0.4010574872543682
markoon,Markoon,PRM,2026,Spring,jng,G2 NORD,77.10649161177139,99.12472647702407,False,0.6590909090909091,44,13,0.5272172027140942,1.251477661094911,0.6669573235615804
kaiser,Kaiser,PRM,2026,Spring,sup,Berlin International Gaming,76.34019940900373,98.88888888888889,False,0.6190476190476191,42,13,1.227220433894988,0.8007518423968338,0.7501279723252459
tao,Tao,LFL,2026,unknown,top,Karmine Corp Blue,75.44569649363945,98.66369710467706,False,0.5581395348837209,43,12,-0.6350628348741658,-0.4104620598780975,-0.4252446431233067
potent,Potent,LFL,2026,unknown,top,Vitality.Bee,74.72375148432204,98.44097995545657,False,0.4186046511627907,43,17,0.1070903816040458,0.5931911501226598,0.6442778524665103
prime,Prime,LFL,2026,unknown,sup,Karmine Corp Blue,74.17195380050192,98.66666666666667,False,0.5581395348837209,43,14,0.2361318413236653,-1.6525216591319936,-0.1272991224847038
czajek,Czajek,LFL,2026,unknown,mid,Vitality.Bee,70.57770937875722,98.43400447427292,False,0.4186046511627907,43,16,-0.0112965108211352,0.5898768516818467,0.5584748709513165
slowq,SlowQ,LFL,2025,Summer,mid,Karmine Corp Blue,69.74759869455227,98.2102908277405,True,0.6388888888888888,36,11,0.6772895046762395,0.892156040297211,0.8526100037688281
3xa,3XA,LFL,2025,Summer,bot,Karmine Corp Blue,68.71380310864168,98.90350877192982,False,0.6388888888888888,36,15,1.110183064760853,1.798639215118385,1.165322229382768
yukino,Yukino,LFL,2026,unknown,jng,Karmine Corp Blue,68.65707607470924,98.90590809628009,False,0.5581395348837209,43,9,0.3751208028492189,0.587730412960434,1.0880231408531764
parus,Parus,LFL,2024,Spring,sup,Team BDS Academy,67.79830603909242,98.44444444444444,True,0.76,25,16,2.303845841692878,0.1021796863214402,0.9540593157303549
dekap,Dekap,LFL,2026,unknown,sup,Vitality.Bee,63.05777447655706,98.22222222222223,False,0.4186046511627907,43,14,-0.4090733752910396,0.6548275180975192,0.3355251736365187
limit,LIMIT,PRM,2025,Spring,sup,Berlin International Gaming,61.725206150019154,98.0,False,0.6451612903225806,31,14,1.8308009501760265,-1.1445817979887023,1.5797990351923827
shift,Shift,LFL,2026,unknown,jng,Joblife,60.5086327695425,98.6870897155361,False,0.4146341463414634,41,14,0.4182349831705381,-0.2691009570407515,-0.0775764539303952
jnx,JNX,LFL,2025,Summer,top,Vitality.Bee,59.5913826866793,98.21826280623608,False,0.5142857142857142,35,15,1.0844906014309248,1.0855744418211108,0.6743582935057981
jnx,JNX,PRM,2026,Spring,top,Eintracht Spandau,59.460007629922075,97.9955456570156,False,0.6666666666666666,33,16,0.729768884779721,1.391769042741597,0.6699846741142291
maynter,Maynter,LFL,2025,Summer,top,Karmine Corp Blue,59.30345041057319,97.7728285077951,True,0.6388888888888888,36,13,-0.3789516659059911,0.0872741263495308,0.8608870355136613
dajor,Dajor,PRM,2025,Spring,mid,Berlin International Gaming,57.618338274599346,97.98657718120806,False,0.6451612903225806,31,13,0.8979482954995792,0.8836527214039278,0.980636219066548
powerofevil,PowerOfEvil,PRM,2026,Spring,mid,Eintracht Spandau,57.60926946331305,97.76286353467562,False,0.6666666666666666,33,14,1.1750223336943115,1.3187565597696034,0.6183546337958807
zicssi,Zicssi,LFL,2025,Summer,jng,Gentle Mates,57.419640661363424,98.46827133479212,False,0.6,35,13,0.1336022571150172,-0.4756608216597361,0.8490666675831373
parus,Parus,LFL,2024,Summer,sup,Team BDS Academy,56.54986611682935,97.77777777777777,True,0.7931034482758621,29,11,1.6827994501417416,0.1075774674851556,1.315764402212397
jopa,Jopa,LFL,2025,Summer,bot,Vitality.Bee,56.07794725739809,98.68421052631578,True,0.5142857142857142,35,13,1.139138120859729,0.05883185578724,0.6883538439892164
xerxe,Xerxe,LFL,2025,Summer,jng,Galions,56.02467276274202,98.24945295404814,False,0.7241379310344828,29,12,2.2858103999579,1.4288882293713334,1.6871002693374308
yukino,Yukino,LFL,2025,Summer,jng,Karmine Corp Blue,55.73273767355086,98.03063457330416,True,0.6388888888888888,36,12,0.2758547645293596,0.6034357254610856,0.4180909595067871
seaz,seaz,PRM,2026,Spring,sup,Eintracht Spandau,55.373878430461644,97.55555555555556,False,0.6666666666666666,33,12,-0.087773123307185,-0.8719584946147838,0.4219053886686659
piero,Piero,LFL,2025,Summer,sup,Karmine Corp Blue,55.12134436867275,97.33333333333334,False,0.6388888888888888,36,12,-0.0511307482442337,-1.244063518450253,0.2354417113866428
comp,Comp,LFL,2025,Summer,bot,Gentle Mates,54.79818558139746,98.46491228070175,False,0.6,35,15,0.4584764443350088,1.6302466587519144,1.4906670225557035
fornoreason,Fornoreason,PRM,2026,Spring,top,Unicorns of Love Sexy Edition,54.26831509995116,97.55011135857461,False,0.4857142857142857,35,19,-0.2531528276087073,0.872532059201094,-1.1405385725748654
dawciu,Dawciu,LFL,2026,unknown,jng,Vitality.Bee,53.83640104689433,97.81181619256017,False,0.4186046511627907,43,12,-0.835487821194783,-0.8067731692354204,-0.2964418369170828
jnx,JNX,LFL,2024,Summer,top,Team BDS Academy,52.805749385003296,97.32739420935413,False,0.7931034482758621,29,13,2.516288090242201,1.4047811429975223,1.0700097198274774
empyros,Empyros,LFL,2025,Summer,top,Gentle Mates,52.401970158920385,97.10467706013362,True,0.6,35,13,-0.1310944851201526,1.1168969542024738,0.6092887419332542
szygenda,Szygenda,LFL,2025,Spring,top,BK ROG Esports,51.646845554220555,96.88195991091314,False,0.6764705882352942,34,11,0.9898287975996912,0.3051885691330042,2.1681396853201425
aytekn,Aytekn,TCL,2026,Spring,top,PCIFIC Esports,51.33095720623959,96.65924276169265,False,0.5806451612903226,31,17,1.520509679525197,1.4482717531590994,1.282372745998776
rabble,Rabble,PRM,2025,Spring,jng,Kaufland Hangry Knights,50.678109145077066,97.59299781181619,False,0.5714285714285714,35,12,0.6883417407233624,0.0721120046697611,0.3001342022837578
rhilech,Rhilech,LFL,2025,Spring,jng,BK ROG Esports,50.50528698103251,97.3741794310722,True,0.6764705882352942,34,14,0.6621016976731379,1.9118460770049324,1.2625254992264183
serin,Serin,LFL,2025,Summer,mid,Galions,50.50101783944232,97.53914988814317,True,0.7241379310344828,29,13,1.2928206730112803,1.219071850801257,1.204563948540423
reeker,Reeker,LFL,2024,Summer,mid,Team BDS Academy,49.94904455070508,97.31543624161074,True,0.7931034482758621,29,13,1.496866008408725,0.0965619633731139,1.3118213097277167
dekap,Dekap,LFL,2025,Summer,sup,Vitality.Bee,49.58586084268909,97.11111111111111,False,0.5142857142857142,35,13,0.3310358751484895,0.5713550513088186,0.0981166843975264
thayger,Thayger,LVP SL,2024,Summer,jng,Barça eSports,49.1182617406174,97.15536105032822,True,0.6,30,7,1.1459855680774618,1.2975317979199823,-0.0588225872172083
random,Random,PRM,2025,Spring,mid,Kaufland Hangry Knights,49.08928964813011,97.0917225950783,False,0.5714285714285714,35,14,1.0247299063181283,0.7250310183885263,0.7858073826877374
leb,Leb,PRM,2025,Spring,jng,Berlin International Gaming,49.06540771446172,96.93654266958424,False,0.6451612903225806,31,12,0.5678368892252913,0.6296338016088644,0.5955200789316667
vetheo,Vetheo,LFL,2025,Summer,mid,Vitality.Bee,48.50760560379285,96.86800894854586,False,0.5142857142857142,35,16,-0.1524753689452352,1.5588984309151612,1.22619475206398
toonge,ToongE,TCL,2025,Spring,bot,BoostGate Esports,48.238868713802376,98.24561403508771,False,0.6923076923076923,26,10,2.120232215363422,-0.5779045244198615,0.8559740124687457
jeskla,Jeskla,PRM,2025,Spring,bot,Kaufland Hangry Knights,47.68442917368064,98.02631578947368,False,0.5714285714285714,35,10,-0.0298306518478821,-1.2813890786073177,0.9184645186866076
xagog,Xagog,PRM,2025,Spring,jng,ROSSMANN Centaurs,47.427975465702175,96.71772428884027,False,0.4848484848484848,33,15,0.8313585001924235,-0.33737939089392,0.1358859452398625
harpoon,HARPOON,LFL,2025,Summer,bot,Galions,46.63185382223862,97.80701754385966,False,0.7241379310344828,29,13,0.9292781761518264,-0.3472584706853974,0.1573964350577689
visdom,Visdom,PRM,2025,Spring,sup,Kaufland Hangry Knights,46.07243984358209,96.88888888888889,False,0.5714285714285714,35,11,-0.1490326551597144,0.007772291521841,0.6554549964888975
eika,Eika,LFL,2025,Summer,mid,Gentle Mates,46.01852495237278,96.64429530201343,False,0.6,35,14,-1.6707943489279178,-1.141762738254242,-1.340589878982393
zoelys,Zoelys,LFL,2025,Summer,sup,Galions,45.93441675810334,96.66666666666667,False,0.7241379310344828,29,10,0.7379184476376318,-0.5129368178200205,1.515428344400058
zest,Zest,TCL,2024,Summer,top,Dark Passage,45.29145126439792,96.43652561247215,False,0.5757575757575758,33,10,1.5742879526530198,0.7930333001792886,1.264684711535787
denvoksne,DenVoksne,PRM,2026,Spring,bot,Unicorns of Love Sexy Edition,45.22846134791886,97.58771929824562,False,0.4857142857142857,35,13,0.7371876598764739,1.241303918648688,0.0076081272276167
wildenbruch,Wildenbruch,PRM,2026,Spring,sup,E WIE EINFACH E-SPORTS,45.158636472670786,96.44444444444444,False,0.5666666666666667,30,11,0.7172197484703398,0.9192941041043092,1.1820721854086906
jackspektra,Jackspektra,LVP SL,2024,Spring,bot,Team Heretics Academy,44.96773922328968,97.36842105263158,False,0.7307692307692307,26,9,1.6517085859927605,1.0752904934357947,1.584387273057239
xagog,Xagog,PRM,2026,Spring,jng,Eintracht Spandau,44.92698274667979,96.49890590809628,False,0.6666666666666666,33,11,-0.123080567696224,-0.8273388114192592,-0.1370722949652534
rin,Rin,LVP SL,2024,Summer,bot,Ramboot Club,44.25916765411276,97.14912280701753,False,0.6428571428571429,28,7,1.0122775015943206,1.3266008949224175,0.1055722093894704
skewmond,SkewMond,LFL,2024,Summer,jng,Team BDS Academy,44.05918030828692,96.2800875273523,True,0.7931034482758621,29,11,1.6833275465908053,1.2011982351083732,1.5102080806471008
frost,Frost,LFL2,2025,Winter,jng,Project Conquerors,43.071650626326196,96.06126914660832,False,0.6551724137931034,29,13,1.8594821504735275,1.3565440554285335,0.5961418568590552
shelfmade,Shelfmade,PRM,2025,Spring,top,Berlin International Gaming,41.429918944803376,96.21380846325167,False,0.6451612903225806,31,13,1.5098112137287694,-0.7306987693331265,1.7622754506806328
syzyfek,Syzyfek,PRM,2025,Spring,bot,ROSSMANN Centaurs,41.32824001271885,96.9298245614035,False,0.4848484848484848,33,13,1.2391747058381846,-0.2400089352241304,-0.1926450063295526
booshi,Booshi,LFL,2025,Spring,bot,BK ROG Esports,41.067556809707476,96.71052631578947,False,0.6764705882352942,34,8,-0.5477953590941289,-1.3328398834509303,-1.3486097684650633
caliste,Caliste,LFL,2024,Summer,bot,Karmine Corp Blue,40.6782574235801,96.49122807017544,True,0.76,25,12,2.0161115924654296,1.306839265824397,1.490158894785709
venour,Venour,PRM,2025,Spring,top,Kaufland Hangry Knights,40.67200701987753,95.99109131403118,False,0.5714285714285714,35,11,-0.1018822514432162,0.684009586591907,0.7599923474787488
chef,CHEF,TCL,2024,Summer,jng,Dark Passage,39.975221468052716,95.84245076586433,False,0.5757575757575758,33,8,1.247638550855091,1.1748003994059832,-0.3682007656872308
omon,OMON,LFL,2025,Spring,mid,BK ROG Esports,39.68615865287498,96.42058165548099,False,0.6764705882352942,34,14,-0.162619900002499,-1.1374112841269288,0.6478145994556109
bean,Bean,PRM,2025,Spring,bot,Berlin International Gaming,39.476946049639054,96.27192982456141,False,0.6451612903225806,31,12,1.338584252209178,0.6849412449089449,1.6127263558670348
targamas,Targamas,LFL,2026,unknown,sup,French Flair,39.149946463768515,96.22222222222221,False,0.68,25,11,1.0245578436817395,0.0787827460509435,0.9834593173956634
afroboi,Afroboi,PRM,2026,Spring,jng,E WIE EINFACH E-SPORTS,38.857491767961555,95.62363238512035,False,0.5666666666666667,30,12,0.6969466670246803,1.0570377990136153,0.4014159627060076
riippp,Riippp,LFL,2026,unknown,sup,ZYB Esport,38.63478910867727,96.0,False,0.3428571428571428,35,11,0.907734327530025,0.9899682992162986,-0.2682210185671647
royalkanin,RoyalKanin,PRM,2026,Spring,mid,Unicorns of Love Sexy Edition,38.41729851789293,96.19686800894854,False,0.4857142857142857,35,17,-1.2675156138846106,-0.3030528954107111,0.3502986450323098
ragner,Ragner,LFL,2025,Summer,top,Galions,38.004247806590726,95.7683741648107,False,0.7241379310344828,29,14,-0.3300090338206388,-0.796996254946862,-0.8142032441925902
jezu,Jezu,LFL,2026,unknown,bot,ZYB Esport,37.34263064717235,96.05263157894737,False,0.3513513513513513,37,14,-0.0912331712847023,-0.0802818685393003,0.0500996792794633
keduii,Keduii,LFL,2024,Summer,bot,Team BDS Academy,37.34147763611474,95.83333333333334,True,0.7931034482758621,29,11,-0.3356114583177124,-0.1204460267640043,0.5503745973176265
lurox,Lurox,LFL,2025,Summer,jng,Vitality.Bee,37.335943562143754,95.40481400437638,False,0.5142857142857142,35,12,-1.1353920796131691,0.2861564105830634,-0.2267954696954348
fleshy,Fleshy,LFL,2024,Spring,sup,Karmine Corp Blue,37.26410217378201,95.77777777777777,True,0.6551724137931034,29,12,0.4498968159899939,1.386171194708154,0.7470527274351795
afriibi,Afriibi,NLC,2026,Summer,bot,Ruddy Corporation,37.2099627216466,95.6140350877193,False,0.85,20,11,3.072713049917048,0.8112641925629102,2.837287061197248
patch,Patch,TCL,2025,Spring,sup,BoostGate Esports,36.83633529922291,95.55555555555556,False,0.6923076923076923,26,10,1.0153794616823206,-1.7518982870608295,1.0431147603805804
habubu,Habubu,PRM,2026,Spring,jng,Berlin International Gaming,36.58913612217452,95.18599562363238,False,0.6666666666666666,27,11,0.7274983901454638,1.4949289430181971,1.0739091567984078
carlsen,Carlsen,LVP SL,2024,Summer,top,Team Heretics Academy,36.483201897529526,95.54565701559021,True,0.7307692307692307,26,11,1.6453913098249269,2.5107025818991,2.120315149789706
113,113,TCL,2026,Spring,jng,Misa Esports,35.795299052397155,94.9671772428884,False,0.9523809523809524,21,12,1.7601730552576802,1.8404251475884783,2.067967586427246
nattynatt,NattyNatt,LFL,2026,unknown,jng,French Flair,35.76982786044899,94.74835886214443,False,0.68,25,13,0.4783900243299658,1.4957880925136016,1.454847299683465
keduii,Keduii,PRM,2026,Spring,bot,Eintracht Spandau,35.64494025822786,95.39473684210526,False,0.8,25,8,1.538179522569462,1.204985764119037,1.1297234468726387
caliste,Caliste,LFL,2024,Spring,bot,Karmine Corp Blue,35.60203241079735,95.17543859649122,True,0.6551724137931034,29,12,0.3413335228772375,0.9741205617355094,0.2792851371592224
fireascept,FireAscept,TCL,2026,Spring,mid,PCIFIC Esports,35.53544838828054,95.9731543624161,False,0.5806451612903226,31,14,-0.5797391529000034,0.1277526140737198,-0.4452687887577035
carry,Carry,TCL,2026,Summer,sup,Bushido Wildcats,35.090050486149906,95.33333333333334,False,0.7391304347826086,23,13,2.001005185939416,1.4453055928877807,1.875137978147864
exofeng,Exofeng,LFL,2026,unknown,bot,Skillcamp,34.95492914340076,94.95614035087719,False,0.6785714285714286,28,12,0.6377054294202882,0.1303673525096149,0.3817042477696949
kuroneel,Kuroneel,LFL2,2025,Winter,mid,Project Conquerors,34.85850788953965,95.74944071588367,False,0.6551724137931034,29,15,0.0616863104179612,-0.1091444112683697,-0.8994217626659746
backlund,Backlund,TCL,2024,Summer,mid,Dark Passage,34.844486525031456,95.52572706935123,False,0.5757575757575758,33,9,0.4776671098571573,0.38910639142261,0.613888171738523
carry,Carry,TCL,2024,Winter,sup,BoostGate Esports,33.78186552154904,95.11111111111111,False,0.6538461538461539,26,13,1.6343418552222075,0.8237112869693297,2.003222557358432
farfetch,Farfetch,LVP SL,2024,Spring,sup,Guasones,33.49929873911927,94.88888888888889,False,0.5483870967741935,31,11,0.7832273762927531,-0.3091756833395037,-0.3382105283523041
spooky,SPOOKY,LFL2,2025,Spring,jng,Team Valiant,33.2011868426547,94.52954048140045,False,0.7037037037037037,27,11,1.0348853310257782,0.5099301514280955,1.5936326896152606
wildenbruch,Wildenbruch,PRM,2025,Spring,sup,ROSSMANN Centaurs,33.132837941880226,94.66666666666667,False,0.4848484848484848,33,13,0.5809180459077666,-0.3917040144759324,-0.3030385649423374
xns,XnS,TCL,2025,Spring,jng,BoostGate Esports,32.995660469813714,94.31072210065645,False,0.6923076923076923,26,13,2.2354864994209884,1.4931079694893208,1.83797044576481
ruep,Ruep,TCL,2024,Summer,bot,Dark Passage,32.81748211522259,94.73684210526315,False,0.5757575757575758,33,9,0.7159372990203771,-0.0173967137091132,0.6228871883738452
aetinoth,Aetinoth,LVP SL,2024,Spring,bot,GIANTX iTero,32.78535122839364,94.51754385964912,False,0.5625,32,12,0.47850998637634,-0.3822747757881506,0.3500015947583851
avarice,Avarice,LFL2,2025,Winter,bot,Project Conquerors,32.71266823671748,94.2982456140351,False,0.6551724137931034,29,11,1.2046807808637932,0.4558648339056093,-0.9495721159867244
relative,Relative,PRM,2026,Spring,mid,E WIE EINFACH E-SPORTS,32.478506514993484,95.30201342281879,False,0.5666666666666667,30,13,-0.3483470696832333,-0.1967607388973935,-0.1264012627887826
jnx,JNX,LFL,2024,Spring,top,Team BDS Academy,32.475215032773704,95.32293986636972,True,0.76,25,13,1.5134380714164917,2.346909963400119,0.8784521464287175
batuuu,Batuuu,TCL,2025,Winter,sup,Misa Esports,32.06788424593083,94.44444444444444,False,0.6153846153846154,26,10,1.8893246500831264,1.6876711014414083,0.8078089028917745
legolas,Legolas,LVP SL,2024,Summer,bot,Barça eSports,31.82881730020647,94.07894736842105,False,0.6,30,9,1.2095794875909165,0.9267589688859575,0.5418285025028439
saken,SAKEN,LFL,2026,unknown,mid,French Flair,31.818551168612764,95.07829977628636,False,0.68,25,11,1.2610023333334253,1.0575692828355394,1.0760088040510551
white,White,PRM,2026,Spring,jng,Unicorns of Love Sexy Edition,31.5849023976706,94.09190371991247,False,0.4857142857142857,35,11,-0.5721336736320257,0.0956038592389161,-0.6828149552096889
stend,Stend,LFL,2024,Summer,sup,Vitality.Bee,31.51227420403224,94.22222222222221,True,0.6,30,11,1.2084297085944566,-0.0674371458178279,0.3573556341759736
thayger,Thayger,LVP SL,2025,Spring,jng,Barça eSports,31.241261402438468,93.8730853391685,True,0.6451612903225806,31,11,0.6008708960737565,1.2299992420074386,0.5652939602642028
vladi,Vladi,LFL,2024,Spring,mid,Karmine Corp Blue,31.062884193008244,94.85458612975391,True,0.6551724137931034,29,13,-0.2932340116112771,0.991096922305109,-0.1390232833835959
doss,Doss,LFL,2025,Spring,sup,BK ROG Esports,30.996579596807557,94.0,False,0.6764705882352942,34,10,-1.0736827365135888,-0.1604118451059978,-0.5080806058538775
sajator,SAJATOR,PRM,2026,Spring,mid,TeamOrangeGaming,30.86322078148518,94.63087248322147,False,0.6086956521739131,23,13,1.528378250890948,1.636813045691172,1.3133782670118948
noz2k,Noz2k,PRM,2026,Spring,bot,E WIE EINFACH E-SPORTS,30.795688344060352,93.85964912280701,False,0.5666666666666667,30,10,0.4062333135587395,-0.3991967445192377,0.7614968646643356
nafkelah,Nafkelah,LFL2,2025,Spring,mid,Team Valiant,30.566481203203878,94.40715883668904,False,0.7037037037037037,27,11,1.5006837846884766,0.1039382548638405,1.2956658114089543
sajator,SAJATOR,LVP SL,2024,Summer,mid,Barça eSports,30.355172551282017,94.1834451901566,False,0.6,30,12,1.3160490737102046,-0.3931315096495668,1.4256307558829395
daglas,Daglas,LFL,2024,Summer,jng,Vitality.Bee,30.321358256008928,93.6542669584245,False,0.6,30,14,0.4141835707763857,0.559460207297418,0.3277834284989959
113,113,LFL,2024,Summer,jng,Karmine Corp Blue,30.286682671312825,93.43544857768052,True,0.76,25,10,1.5231880225750627,-0.2333150007686491,0.998563251901692
zest,Zest,TCL,2025,Summer,top,Bushido Wildcats,30.048813364102532,95.10022271714922,False,0.6666666666666666,27,12,1.490583839235672,0.9497201063220068,1.2812190659742757
vizicsacsi,Vizicsacsi,PRM,2026,Spring,top,E WIE EINFACH E-SPORTS,29.983278769426185,94.87750556792874,False,0.5666666666666667,30,10,-0.0171775372316074,-1.2218853897206414,-0.2328097633069175
skewmond,SkewMond,LFL,2024,Spring,jng,Team BDS Academy,29.744835078423414,93.21663019693655,True,0.76,25,11,0.6298711784221014,0.380543761729999,0.4093428598086042
jactroll,Jactroll,TCL,2024,Winter,sup,Papara SuperMassive,29.66732876174487,93.77777777777779,False,0.6153846153846154,26,10,0.8999618531143939,-1.2539464086898724,0.0152792404767373
whiteknight,WhiteKnight,LVP SL,2024,Summer,top,Barça eSports,29.657429426818982,94.65478841870824,False,0.6,30,9,-0.6294295747888109,-0.812816246333117,-0.7179520579887948
ruep,Ruep,TCL,2024,Winter,bot,BoostGate Esports,29.54187000403794,93.64035087719299,False,0.6538461538461539,26,9,1.5632742909750406,-0.1365142737821353,1.1718117977118043
abbedagge,Abbedagge,LFL,2024,Summer,mid,Karmine Corp Blue,29.373068128324363,93.95973154362416,True,0.76,25,8,1.0946622580115832,0.1077317108632922,1.1979838815841928
ibo,iBo,LVP SL,2024,Summer,top,Ramboot Club,29.31847755071687,94.43207126948775,False,0.6333333333333333,30,9,-0.2880045831523252,-0.2972879068375921,0.7421796879327663
gori,Gori,TCL,2025,Spring,mid,ULF Esports,29.278832658819386,93.73601789709173,False,0.5714285714285714,28,13,1.81386233624207,0.4238748882586245,0.4813719249351243
sertuss,Sertuss,LVP SL,2024,Summer,mid,Team Heretics Academy,29.11105020930388,93.51230425055928,False,0.7307692307692307,26,8,-0.63387988830692,0.1235241082216699,0.845298375557889
fleshy,Fleshy,LFL,2024,Summer,sup,Karmine Corp Blue,28.96760682038672,93.55555555555556,True,0.76,25,7,1.3601198772280878,0.3523607774728732,1.6085415169631812
nille,Nille,LFL2,2025,Spring,top,Team Valiant,28.751991607088733,94.20935412026726,False,0.7037037037037037,27,9,0.3058252687036583,-0.0684158690539776,0.3756881943221959
dajor,Dajor,LFL,2026,unknown,mid,Ici Japon Corp. Esport,28.355566767043207,93.28859060402685,False,0.3870967741935484,31,12,0.6183221112332996,0.3014247633336346,0.1226299756760633
oscure,Oscure,LVP SL,2024,Summer,sup,Barça eSports,28.284169288239386,93.33333333333333,False,0.6,30,5,0.494544408309476,-1.1584007642130063,-2.014258570755564
jool,Jool,TCL,2025,Spring,mid,BoostGate Esports,28.26734584245414,93.0648769574944,False,0.6923076923076923,26,13,0.058588107429015,-2.1389618125287693,0.729627303966337
jopa,Jopa,LFL,2024,Summer,bot,Vitality.Bee,28.15269844137937,93.42105263157895,True,0.6,30,15,0.9452377961189128,-0.0760209823828775,0.7535370157666534
vertigo,Vertigo,LFL,2026,unknown,top,Joblife,28.050924200336873,93.98663697104676,False,0.4516129032258064,31,13,0.1988728592417655,1.5511293942299929,0.4323700020647689
osman123,Osman123,TCL,2026,Summer,jng,Bushido Wildcats,27.99559503260828,92.99781181619255,False,0.7391304347826086,23,13,0.6829209518930627,-0.0559055197526299,0.4220303794706071
th3antonio,Th3Antonio,LVP SL,2024,Spring,top,GIANTX iTero,27.94346296029425,93.76391982182628,True,0.5625,32,13,0.2375605030510749,-0.9040462425970288,-1.2705945256266749
reeker,Reeker,LFL,2024,Spring,mid,Team BDS Academy,27.895258987786164,92.84116331096197,True,0.76,25,13,0.760286356130367,-0.8021411990294334,1.7891977126108634
stalken,Stalken,TCL,2026,Spring,jng,PCIFIC Esports,27.741608187508092,92.77899343544857,False,0.5806451612903226,31,13,0.0357870755604681,1.1089235684538068,0.4638111800421393
jinjo,jinjo,NLC,2024,Spring,bot,Lionscreed,27.68999374625561,93.2017543859649,False,0.7272727272727273,22,13,1.1312014205518746,1.2273513313075164,0.9634323030822242
abagnale,Abagnale,LFL2,2025,Winter,sup,Project Conquerors,27.496080486996615,93.11111111111111,False,0.6551724137931034,29,12,0.9595582490698692,0.2465277566853414,-0.6673679505508948
yakkey,Yakkey,LFL,2026,unknown,bot,Vitality.Bee,27.268775287202384,92.98245614035088,False,0.4838709677419355,31,15,-0.8018556332248611,0.8486334520038199,0.1763819594872887
naak nako,Naak Nako,LFL,2024,Summer,top,Vitality.Bee,27.139018971815297,93.54120267260579,True,0.6,30,12,-0.0204977824302057,0.218253750682106,-0.6016193501055612
ragner,Ragner,TCL,2026,Spring,top,Misa Esports,26.70207700683464,93.31848552338529,False,0.9523809523809524,21,12,0.0383898136913749,1.3007626864589463,1.2475385164453543
nice guy ben,Nice Guy Ben,PRM,2025,Spring,top,ROSSMANN Centaurs,26.4914019458733,93.0957683741648,False,0.4848484848484848,33,16,-0.9628630604905776,0.988176588244282,-0.8886836848883828
lilipp,Lilipp,PRM,2026,Spring,sup,TeamOrangeGaming,26.46052780216051,92.88888888888889,False,0.6086956521739131,23,12,1.1742041604332805,1.5422892052844623,1.8374874944461252
leb,Leb,LVP SL,2024,Summer,jng,Ramboot Club,26.241841110687115,92.5601750547046,False,0.6333333333333333,30,9,-0.3229788739244824,0.8753462690456129,1.2269095438340885
erdote,Erdote,LFL,2025,Summer,sup,Gentle Mates,26.098745605487174,92.66666666666666,False,0.6,35,11,-0.7884940354044341,0.3605968190086732,1.263550358452897
xkenzuke,xKenzuke,LFL2,2025,Winter,mid,Esprit Shōnen,26.058603600343044,92.61744966442953,False,0.6666666666666666,24,14,1.311500999988038,1.7914591688813997,0.7719422926616791
twohoyrz,twohoyrz,LVP SL,2024,Summer,mid,Ramboot Club,26.011465457824656,92.39373601789708,False,0.6333333333333333,30,8,-0.9783099909062652,0.2148351032330214,-0.9698897585690196
czekolad,Czekolad,LVP SL,2025,Spring,mid,Barça eSports,25.948446843671995,92.17002237136465,False,0.6451612903225806,31,11,0.7090095569059826,-0.7856577843314896,-0.0614158502198107
beplush,Beplush,TCL,2026,Spring,sup,PCIFIC Esports,25.921069859431473,92.44444444444444,False,0.5806451612903226,31,13,-0.9046462763502008,0.3377360722468812,0.4567214177054325
nawa,Nawa,TCL,2026,Spring,bot,PCIFIC Esports,25.827512934787567,92.76315789473685,False,0.5806451612903226,31,12,-0.5806710515027087,0.5367898101628727,0.4636911947352976
carry,Carry,TCL,2026,Spring,sup,Misa Esports,25.721003201632392,92.22222222222223,False,0.9411764705882352,17,10,0.5773842647172224,-0.104639189171022,1.6898285090304157
keduii,Keduii,LFL,2024,Spring,bot,Team BDS Academy,25.706379775743688,92.54385964912281,True,0.76,25,11,0.3813976438540379,1.036589345618324,0.8872709491090321
zorenous,zorenous,PRM,2026,Spring,top,TeamOrangeGaming,25.54267782576771,92.87305122494432,False,0.6086956521739131,23,14,0.8676913184653673,0.8935190975870084,1.1455826108073457
syzyfek,Syzyfek,LVP SL,2024,Spring,bot,Guasones,25.447086537892616,92.32456140350878,False,0.5483870967741935,31,11,0.747049673070193,1.0008629976823062,-0.1762405803127223
feisty,Feisty,LVP SL,2024,Spring,mid,GIANTX iTero,25.263441742954708,91.94630872483222,False,0.5625,32,6,0.533505629690005,0.8691590703851622,1.3206912137359814
3xa,3XA,LFL,2026,unknown,bot,French Flair,25.235308822073698,92.10526315789474,False,0.68,25,10,-0.1304907701682969,1.2129353930941935,0.3977505021890751
legolas,Legolas,LVP SL,2025,Spring,bot,Barça eSports,25.171261004068867,91.8859649122807,False,0.6451612903225806,31,11,-0.1958364923209818,0.4203048757885128,0.1397847131572508
thayger,Thayger,LVP SL,2024,Spring,jng,Guasones,25.154519746694167,92.34135667396062,True,0.5483870967741935,31,10,-0.4801988214829631,0.6719002433010208,-0.4242241875242615
nattynatt,NattyNatt,NLC,2024,Spring,jng,Ruddy Corporation,25.129617982935372,92.12253829321662,False,0.5833333333333334,24,10,1.6898099852745905,1.6770392665930525,1.4722877273241266
seaz,seaz,LVP SL,2024,Spring,sup,GIANTX iTero,24.875989572307322,92.0,False,0.5625,32,12,0.1428267582612441,-0.1724619926162927,0.4747689496949608
xico,Xico,LVP SL,2024,Spring,mid,Guasones,24.839068770431876,91.72259507829978,False,0.5483870967741935,31,10,1.24375411911896,0.0248734817134298,-1.078167376216962
armut,Armut,TCL,2024,Winter,top,Papara SuperMassive,24.62665940973024,92.65033407572383,False,0.6153846153846154,26,11,1.1710917372091736,1.153210787920901,1.2207995871913142
badlulu,Badlulu,LVP SL,2024,Spring,top,Case Esports,24.397690413905263,92.42761692650335,False,0.6296296296296297,27,9,0.0883658760347611,1.451487087201617,-0.6578859614347088
spooder,Spooder,LVP SL,2024,Spring,top,Guasones,24.319723077824264,92.20489977728286,False,0.5483870967741935,31,9,0.7436567650239371,-1.0725949628415603,0.1483108440186753
taegyeong,Taegyeong,TCL,2024,Winter,top,BoostGate Esports,24.00550797242546,91.98218262806236,False,0.6538461538461539,26,10,0.5492703060372698,-0.3827191386195411,0.1003080324866118
whiteknight,WhiteKnight,LVP SL,2025,Spring,top,Barça eSports,23.907728216114847,91.75946547884188,False,0.6451612903225806,31,11,-0.5571215310636282,-0.7779957627653693,-0.4362549602121434
nuq,NuQ,TCL,2025,Spring,top,BoostGate Esports,23.763202723657987,91.53674832962137,False,0.6923076923076923,26,16,0.2780778754436835,-1.3657497993076992,-0.6015899210204901
chasy,Chasy,TCL,2025,Spring,top,ULF Esports,23.498491282197833,91.31403118040089,False,0.5714285714285714,28,13,0.1768332314914989,-0.4155750963886173,0.9662844322229568
mishi,Mishi,NLC,2026,Summer,bot,Verdant,23.4859480333175,91.66666666666666,False,0.7391304347826086,23,13,0.9421909665831972,-0.1082058711937004,0.0979465407631943
juhan,Juhan,LVP SL,2024,Spring,jng,GIANTX iTero,23.46739437516586,91.90371991247265,True,0.6818181818181818,22,6,1.3821444295927454,0.4756155057284779,0.7866351627004728
adam,Adam,LFL,2026,unknown,top,French Flair,23.310278791810564,91.0913140311804,False,0.68,25,12,0.9176034838417816,1.3770574093774473,1.821759175666979
czajek,Czajek,LFL,2024,Summer,mid,Vitality.Bee,23.244318473932452,91.49888143176734,True,0.6,30,12,0.0439518560835217,-0.4314332347391619,-1.5397603941311797
ruep,Ruep,TCL,2026,Summer,bot,Bushido Wildcats,23.133952803064368,91.44736842105263,False,0.7391304347826086,23,12,1.260551450608481,0.2340008992153212,0.8972237495882821
fleshy,Fleshy,LFL,2025,Spring,sup,Vitality.Bee,23.133456726004233,91.77777777777779,True,0.5555555555555556,27,9,1.7177783614698738,1.915151893096219,1.2873578459415589
peach,Peach,TCL,2025,Summer,jng,Bushido Wildcats,23.044134134560075,91.68490153172867,False,0.6666666666666666,27,11,0.1823020239975751,1.3577109376819307,0.375854007351118
whiteinn,whiteinn,LVP SL,2025,Spring,sup,Barça eSports,23.041917579078603,91.55555555555556,False,0.6451612903225806,31,10,0.3579211104683394,-0.3843552806955962,-1.234657619844449
scorth,Scorth,TCL,2025,Summer,bot,Bushido Wildcats,22.881871675836468,91.22807017543859,False,0.6666666666666666,27,11,0.8269587643445188,0.6801979142516206,0.0435395159056185
fiesta,FIESTA,TCL,2025,Winter,mid,Papara SuperMassive,22.869422669018515,91.2751677852349,True,0.5555555555555556,27,14,1.2252390395038408,-0.4391501249324333,1.9090282804305945
kireas,Kireas,TCL,2025,Spring,jng,ULF Esports,22.68625748509497,91.46608315098467,False,0.5714285714285714,28,12,-0.1540124007783843,-0.0819824201160002,-0.1450154839818077
armut,Armut,TCL,2024,Summer,top,Papara SuperMassive,22.59372199973835,90.8685968819599,False,0.782608695652174,23,10,1.373901757735796,1.2352639205872804,1.5338359177136751
twiizt,Twiizt,PRM,2024,Summer,sup,FC Schalke 04 Esports,22.5830782581966,91.33333333333333,False,0.6666666666666666,18,10,2.558135040181248,-0.1290337384777447,1.4363013966809297
abbedagge,Abbedagge,PRM,2026,Spring,mid,Kaufland Hangry Knights,22.492281086575698,91.05145413870245,False,0.4193548387096774,31,11,-0.721983126461781,0.3580017997828787,-0.3311478605211285
whiteinn,whiteinn,LVP SL,2024,Spring,sup,Team Heretics Academy,22.4558710053062,91.11111111111111,False,0.7307692307692307,26,11,0.2995120531221251,2.06983071044442,1.116017504072554
guggu,Guggu,NLC,2026,Summer,sup,Verdant,22.327230014151382,90.88888888888889,False,0.7391304347826086,23,12,1.0405161227294233,0.0152311362253466,0.1268043582351322
koldo,Koldo,LVP SL,2024,Summer,jng,UCAM Esports,22.23771949700161,91.2472647702407,False,0.5357142857142857,28,10,0.0539526333712116,-0.6143570251894147,-0.479495860985023
maynter,Maynter,LFL,2024,Summer,top,Karmine Corp Blue,22.046858357854774,90.64587973273942,True,0.76,25,10,-0.318744776402537,-1.470988948704652,0.2609797897226918
legolas,Legolas,LVP SL,2025,Winter,bot,Barça eSports,21.84394477501011,91.00877192982456,False,0.5172413793103449,29,13,0.6520484028290909,0.6438099528142538,0.0765917325544635
xay,Xay,LFL2,2025,Summer,bot,IziDream,21.791089217913868,90.78947368421053,False,0.6,25,12,0.0887853791306879,-1.565410105642204,0.6503336182480328
czekolad,Czekolad,LVP SL,2025,Winter,mid,Barça eSports,21.75202032834144,90.82774049217002,False,0.5172413793103449,29,11,1.377981724835647,0.4832712949336026,0.6436332177639562
maynter,Maynter,LFL,2024,Spring,top,Karmine Corp Blue,21.676599654158764,90.42316258351893,False,0.6551724137931034,29,9,-1.24215079299139,-0.9984968692694004,-0.0103373299532982
sayn,Sayn,NLC,2026,Summer,mid,Verdant,21.658410371754428,90.60402684563759,False,0.7391304347826086,23,9,1.791316350583379,1.7733892434835918,1.7344624127198895
lyncas,Lyncas,LFL,2024,Spring,jng,Karmine Corp Blue,21.65433654114289,91.02844638949672,True,0.6551724137931034,29,12,-0.2622754919463823,0.3966229335223727,0.8379366748439955
gakgos,Gakgos,LFL2,2025,Winter,top,Project Conquerors,21.61985107627904,90.20044543429844,False,0.6551724137931034,29,12,0.5617384724549133,0.6600288142179414,0.9421211166400958
vetheo,Vetheo,LFL,2025,Spring,mid,Vitality.Bee,21.36202252226116,90.38031319910515,False,0.5555555555555556,27,14,0.6015803097871297,1.3962402729083874,0.610136519581403
phantasm,Phantasm,PRM,2025,Spring,mid,CGN Esports,21.101987120438174,90.1565995525727,False,0.6666666666666666,21,9,1.7371060453214535,-1.1635058133313778,-0.0218342371354855
xkenzuke,xKenzuke,LFL2,2025,Summer,mid,Esprit Shōnen,21.05294458725521,89.93288590604027,False,0.6666666666666666,21,13,0.8773449723023442,0.4152902875473921,-0.659214400447316
looki,Looki,LFL,2026,unknown,bot,Karmine Corp Blue,21.040800071155303,90.5701754385965,False,0.6086956521739131,23,13,1.4237082597746291,-0.3171692128764722,0.4289399618992466
tockimo,Tockimo,PRM,2026,Summer,sup,G2 NORD,21.01247358328501,90.66666666666666,False,0.7368421052631579,19,9,1.6416296657494427,-1.5004927157670072,1.6642197612156535
piero,Piero,PRM,2024,unknown,sup,Unicorns of Love Sexy Edition,20.926073151509133,90.44444444444444,False,0.6666666666666666,21,9,0.7614695259502511,-0.2215807323284703,1.9145974157950327
lindgarde,Lindgarde,NLC,2024,Summer,bot,Venomcrest Esports,20.876269496788026,90.35087719298247,False,0.6538461538461539,26,11,1.3317728102857531,0.8403995730816756,1.897179242884702
potent,Potent,LFL2,2025,Spring,top,Esprit Shōnen,20.876102454587517,89.97772828507794,False,0.7272727272727273,22,13,1.1181412123043295,1.635200021525136,1.2491449766457918
farfetch,Farfetch,TCL,2025,Summer,sup,ULF Esports,20.773049654083962,90.22222222222223,False,0.64,25,12,1.1634433805198428,-0.969806665746981,-0.7721309228035446
callme,Callme,TCL,2025,Winter,mid,Misa Esports,20.758680363495152,89.70917225950782,False,0.6153846153846154,26,12,1.1190873990629142,-0.5553792099899884,0.1739063986299881
ivory,Ivory,TCL,2025,Winter,mid,Eternal Fire,20.7377360066333,89.48545861297539,False,0.7272727272727273,22,8,0.9051520131829892,0.213837303182397,0.6927707440565721
manaty,Manaty,LFL,2026,unknown,jng,ZYB Esport,20.72254613097502,90.80962800875274,False,0.3214285714285714,28,11,0.903797042553536,0.1427883647230895,-0.2417179412682571
badlulu,Badlulu,LFL,2026,unknown,top,Ici Japon Corp. Esport,20.51842895807868,89.75501113585747,False,0.3870967741935484,31,9,0.1418295098283926,0.8104925115650565,0.7100738328761338
alix,alix,NLC,2024,Summer,mid,Ruddy Corporation,20.42726506443855,89.26174496644296,False,0.6956521739130435,23,7,0.6751350208741836,-0.0101787965470418,0.3745900686583688
xerxe,Xerxe,LFL,2025,Spring,jng,Galions,20.3408406492067,90.59080962800876,False,0.5416666666666666,24,11,1.1384819208785129,1.2178018795391337,0.749434134233885
steeelback,Steeelback,LFL2,2025,Spring,sup,Team Valiant,20.27390688388521,90.0,False,0.7037037037037037,27,10,-0.6881274399823729,-1.387325953499545,1.6346983279448069
batuuu,Batuuu,TCL,2025,Summer,sup,Misa Esports,20.22587528679567,89.77777777777777,False,0.6956521739130435,23,9,1.2505890372475428,-0.2239036414970471,1.4233824704441305
velja,Velja,NLC,2025,Spring,jng,Los Ratones,20.18087064437492,90.37199124726477,True,0.9,20,12,1.757373148997002,2.1694740850302106,1.04856394055749
piero,Piero,PRM,2024,Spring,sup,Unicorns of Love Sexy Edition,20.17801044429943,89.55555555555556,False,0.6666666666666666,18,11,1.1932252559045808,-0.3160921136910037,0.6589377403163023
fiesta,FIESTA,TCL,2024,Summer,mid,Papara SuperMassive,20.1180713490485,89.03803131991052,False,0.782608695652174,23,8,1.9224122612735173,0.6256433611042717,1.6625039364700318
fireascept,FireAscept,TCL,2026,Summer,mid,PCIFIC Esports,20.036421237170792,88.81431767337807,False,0.6363636363636364,22,13,0.7577605215057893,0.9010702851430396,0.5089826940168892
nisqy,Nisqy,LFL,2026,unknown,mid,ZYB Esport,19.908092575554733,88.59060402684564,False,0.3571428571428571,28,16,-0.2131712834155744,-0.8189350472520617,-0.6453459911157575
ruep,Ruep,TCL,2026,Spring,bot,Misa Esports,19.882163626558878,90.13157894736842,False,0.9411764705882352,17,8,0.5826531460704356,0.7334764166032199,1.268689037102563
fierce,FIERCE,NLC,2024,Summer,mid,Venomcrest Esports,19.77887838568268,88.36689038031321,False,0.6538461538461539,26,8,0.4544201139443333,1.636014572447945,0.7211478013490005
badlulu,Badlulu,LVP SL,2025,Spring,top,GIANTX iTero,19.543573473287434,89.53229398663697,False,0.75,20,9,1.5573735625554468,1.2502178026151665,0.7173754926735694
samd,SamD,LFL,2024,Spring,bot,BK ROG Esports,19.54130030567908,89.91228070175438,True,0.5454545454545454,22,8,1.5829447616044874,0.9455104761744556,1.73153006337115
patch,Patch,TCL,2024,Summer,sup,Dark Passage,19.52816000136044,89.33333333333333,False,0.5757575757575758,33,6,-0.5840484692144499,-0.0513274870751351,0.5590056007153764
skeanz,Skeanz,TCL,2025,Winter,jng,Papara SuperMassive,19.51977711975185,90.15317286652079,True,0.5555555555555556,27,12,1.441953526050911,0.4969530921821681,0.2983282283825591
jezu,Jezu,LFL,2024,Summer,bot,Team GO,19.511898614173838,89.69298245614034,False,0.5,28,13,-0.0886743673723996,0.7189057960589811,0.5983047741513444
camana,Camana,TCL,2026,Summer,mid,Bushido Wildcats,19.451148328919572,88.14317673378076,False,0.7391304347826086,23,11,1.0502382565511963,0.0638054080558205,0.6280437665573279
vetheo,Vetheo,TCL,2026,Summer,mid,SU Esports,19.434194133108793,87.91946308724832,False,0.5416666666666666,24,17,0.9201595390107864,1.7856571133327153,1.607215758944291
stend,Stend,LFL,2024,Spring,sup,Vitality.Bee,19.423402221414115,89.11111111111111,True,0.5416666666666666,24,11,0.6093007581330021,-0.3170990125480869,0.5306459847054583
rhuckz,Rhuckz,LVP SL,2024,Spring,sup,Case Esports,19.39722744970581,88.88888888888889,False,0.6296296296296297,27,7,0.2185430357783694,-0.7754838498801948,-0.2028380888385401
szygenda,Szygenda,LFL,2025,Summer,top,BK ROG Esports,19.361992907667172,89.30957683741649,False,0.4137931034482758,29,10,0.1338603410468244,1.4062470385567325,0.9731957774519784
kaiser,Kaiser,LVP SL,2025,Winter,sup,Team Heretics Academy,19.353538658004453,88.66666666666667,False,0.8,20,6,1.7698324105831034,-0.3191337404630293,1.0434371338005344
zoelys,Zoelys,LFL,2025,Spring,sup,Galions,19.281300068537462,88.44444444444444,False,0.5416666666666666,24,10,1.8135755341613748,-0.5637884170301759,0.0161898953835968
dajor,Dajor,PRM,2025,Winter,mid,Berlin International Gaming,19.09785197412821,87.69574944071589,False,0.875,16,8,1.5837170920133032,1.2160941127570093,1.4055122383123413
dndn,DnDn,TCL,2025,Winter,top,Eternal Fire,18.99617970987543,89.086859688196,True,0.7272727272727273,22,8,0.332554505212399,1.1470723279680113,0.2360260122994508
neon,Neon,PRM,2024,Spring,bot,SK Gaming Prime,18.98287847963062,89.47368421052632,False,0.7222222222222222,18,8,2.185247449704585,0.6272710576129996,1.2887144485462734
vertigo,Vertigo,LFL,2025,Spring,top,Vitality.Bee,18.912712521520174,88.8641425389755,False,0.5555555555555556,27,10,-0.0010097592643036,1.450181879546926,-0.2619781042813302
ragner,Ragner,LFL,2024,Spring,top,Gentle Mates,18.889350774392195,88.64142538975501,False,0.5172413793103449,29,16,-0.3059808633561393,0.6571538539461248,0.7110669993781863
chasy,Chasy,TCL,2025,Summer,top,ULF Esports,18.848075053370728,88.41870824053451,False,0.5925925925925926,27,12,0.4422279098526421,0.2668177100923524,-0.1643251879854572
whiteinn,whiteinn,LVP SL,2024,Summer,sup,Team Heretics Academy,18.84128011820765,88.22222222222223,False,0.7307692307692307,26,6,0.3451028559783446,0.2992225237970387,1.362354516436431
harpoon,HARPOON,LFL2,2025,Spring,bot,Esprit Shōnen,18.823012414814993,89.25438596491229,False,0.7272727272727273,22,11,1.6994260732441662,1.6725242040162602,1.5224352670258667
xerxe,Xerxe,LVP SL,2024,Summer,jng,Team Heretics Academy,18.781754309832227,89.93435448577681,False,0.7307692307692307,26,11,0.0261341510786413,1.2931135989784388,1.2485834827550713
lilipp,Lilipp,PRM,2025,Spring,sup,Eintracht Spandau,18.770338415944178,88.0,False,0.3809523809523809,21,13,1.6377679156008051,2.242493544830109,0.519626334268557
royalkanin,RoyalKanin,PRM,2025,Spring,mid,ROSSMANN Centaurs,18.76042043910334,87.47203579418344,False,0.4848484848484848,33,13,-1.1860584983141385,-0.4021581890767112,0.1982822983603575
agurin,Agurin,PRM,2025,Spring,jng,CGN Esports,18.724490116896515,89.71553610503283,False,0.6666666666666666,21,9,1.686699226560164,1.132325819721951,0.9322109896857086
carry,Carry,TCL,2024,Summer,sup,Papara SuperMassive,18.700414747475573,87.77777777777777,False,0.782608695652174,23,7,0.0658745438237477,-0.8544024052044171,0.9400047356520944
honor,HONOR,LFL2,2024,Summer,sup,Joblife,18.69862100372047,87.55555555555556,False,0.7222222222222222,18,6,2.1956041292687773,1.0719640656817724,1.67591207542184
toonge,ToongE,TCL,2025,Summer,bot,Misa Esports,18.631965931915985,89.03508771929825,False,0.6956521739130435,23,10,1.112707243936032,0.2780239260781537,1.6715402534411956
sayn,Sayn,LFL2,2025,Summer,mid,IziDream,18.593974727843705,87.24832214765101,False,0.6,25,7,0.934959509535149,1.2498063634079095,1.4567122246294495
baus,Baus,NLC,2025,Spring,top,Los Ratones,18.5664914670443,88.19599109131403,True,0.9,20,11,1.3936418496542504,1.219938924169889,1.0340422761849104
nakyung,Nakyung,TCL,2024,Winter,mid,BoostGate Esports,18.522303683508866,87.02460850111858,False,0.6538461538461539,26,10,-0.0381128144012551,-0.2941719675895479,0.8194123824639985
lilipp,Lilipp,PRM,2024,unknown,sup,Eintracht Spandau,18.50373037494825,87.33333333333333,False,0.6,20,13,1.5275252116850528,0.8447232117953656,-0.7597699400409175
samd,SamD,LFL,2024,Summer,bot,BK ROG Esports,18.34220908178234,88.81578947368422,True,0.5416666666666666,24,7,-0.0701932302732384,1.4875952523652651,0.6021164061298943
way,Way,TCL,2026,Kickoff,sup,Misa Esports,18.30751221640784,87.1111111111111,True,0.9333333333333332,15,11,0.6707430109210926,0.0115011709031251,1.5312867521813476
thayger,Thayger,LVP SL,2025,Winter,jng,Barça eSports,18.264424986912015,89.49671772428884,True,0.5172413793103449,29,12,0.492199911231367,0.3002769648508127,0.234646045429182
chef,CHEF,TCL,2024,Winter,jng,BoostGate Esports,18.19046131738452,89.27789934354486,False,0.6538461538461539,26,8,-0.1987257644581548,-0.4768624840731232,-0.2139244481173395
leon,Leon,LFL2,2025,Winter,sup,Esprit Shōnen,18.097853208379966,86.8888888888889,False,0.6666666666666666,24,11,0.8490769595596047,-0.7023112953473627,0.9711440765383286
white,White,LFL,2024,Spring,jng,Gentle Mates,18.083337393434963,89.05908096280088,False,0.5172413793103449,29,9,-0.6414947604575371,-1.7794195431055746,-0.9062641336563452
banderas,Banderas,NLC,2024,Spring,top,Lionscreed,18.03502345706963,87.97327394209354,False,0.7272727272727273,22,10,1.012974943964653,-0.2750172771846157,0.6080039033572102
nemesis,Nemesis,NLC,2025,Spring,mid,Los Ratones,17.954722396825282,86.80089485458613,True,0.9,20,12,0.7208828346519698,2.3658130375299904,1.2499888264383503
mafro,Mafro,LFL2,2025,Summer,jng,IziDream,17.9199663253919,88.8402625820569,False,0.6,25,9,0.3366589910658619,-0.7860258912589526,0.9880867178184208
bao,BAO,TCL,2025,Winter,bot,Papara SuperMassive,17.827362028968228,88.59649122807018,False,0.5555555555555556,27,11,0.4963560147769419,-0.8472063053722302,0.1201903627473312
soldier,Soldier,LFL2,2025,Spring,bot,Team Valiant,17.79710330339045,88.37719298245614,False,0.7037037037037037,27,11,-0.2850152579770841,0.1720213157317009,1.291669751801295
yukino,Yukino,LFL,2025,Spring,jng,Karmine Corp Blue,17.673897679196088,88.62144420131291,True,0.52,25,9,1.1825892061202683,-0.4866274673616428,0.5553561729757088
skeanz,Skeanz,TCL,2024,Winter,jng,Papara SuperMassive,17.53140179601077,88.40262582056893,True,0.6153846153846154,26,11,1.722874648198372,0.8969103491421688,1.48959143348015
mihile,Mihile,TCL,2025,Winter,top,Misa Esports,17.452751282136337,87.75055679287304,False,0.6153846153846154,26,10,1.1842545820614054,1.454146418096413,1.5743364719835975
jopa,Jopa,LFL,2025,Spring,bot,Vitality.Bee,17.402616308519463,88.1578947368421,True,0.5555555555555556,27,10,0.6934155922728701,0.7746946630819918,-0.6261676093285645
patch,Patch,TCL,2026,Summer,sup,SU Esports,17.358609172980543,86.66666666666667,False,0.5416666666666666,24,10,-0.1421568436558521,-0.1846961681988891,0.0052166149915926
mihile,Mihile,TCL,2025,Summer,top,Misa Esports,17.140572267448466,87.52783964365256,False,0.6956521739130435,23,13,0.4597856446034582,0.3828641979041761,0.8894723609929784
potent,Potent,LFL2,2025,Winter,top,Esprit Shōnen,17.056683502783937,87.30512249443207,False,0.6666666666666666,24,9,0.7895134235898472,0.336635070347938,0.3786416535734194
eika,Eika,LFL,2024,Spring,mid,Gentle Mates,17.05532877414269,86.57718120805369,False,0.5172413793103449,29,9,-0.5464753498649458,-0.3156828038030398,-0.4914720020622885
send0o,Send0o,PRM,2025,Spring,top,CGN Esports,17.047977972953944,87.08240534521158,False,0.6666666666666666,21,9,0.8243789543558364,-1.3397177412658838,-1.290809104623996
serin,Serin,LFL,2025,Spring,mid,Galions,17.027006942238593,86.35346756152126,True,0.5416666666666666,24,13,1.156715976550908,0.2031069252006051,0.5707158158761467
leny,Leny,NLC,2024,Summer,top,Venomcrest Esports,16.87599467753305,86.8596881959911,False,0.6538461538461539,26,12,0.5993475642002782,-0.0512682801416863,0.6594782269922016
czekolad,Czekolad,LFL,2024,Spring,mid,BK ROG Esports,16.83074355845147,86.12975391498881,False,0.5454545454545454,22,9,2.046115936087111,-0.7261723526334523,1.22365702573733
mihile,Mihile,TCL,2025,Spring,top,Misa Esports,16.74694090842845,86.63697104677061,False,0.6363636363636364,22,10,1.7285440443767146,0.342895502693373,1.2530183345313255
jackspektra,Jackspektra,LVP SL,2024,Summer,bot,Team Heretics Academy,16.71104711491224,87.93859649122807,False,0.7307692307692307,26,9,0.3555735730494081,0.5050511229113995,2.239114537290781
whiteinn,whiteinn,LFL,2026,unknown,sup,Ici Japon Corp. Esport,16.685514410568686,86.44444444444444,False,0.3870967741935484,31,10,-0.0936364894398926,0.134157129087496,0.2153868939427981
xkenzuke,xKenzuke,LFL2,2025,Spring,mid,Esprit Shōnen,16.682330850096882,85.90604026845638,False,0.7272727272727273,22,11,0.8869022539283953,0.7477247004264467,0.7349927872039957
fun k3y,Fun K3y,PRM,2024,Summer,bot,Eintracht Spandau,16.647483427376702,87.71929824561403,False,0.6666666666666666,18,7,2.313812422530448,1.350848066130543,1.7838352491405922
nan0,Nan0,NLC,2026,Summer,mid,Ruddy Corporation,16.580974473541804,85.68232662192393,False,0.85,20,13,0.7016524462677537,2.0829376840771623,1.1750141891547532
twiizt,Twiizt,PRM,2026,Spring,sup,Unicorns of Love Sexy Edition,16.454150611723943,86.22222222222223,False,0.46875,32,12,-1.2184190280574478,-1.2078886561340163,0.062798345423177
armut,Armut,TCL,2025,Winter,top,Papara SuperMassive,16.44296442104551,86.41425389755011,False,0.5555555555555556,27,10,1.155755751206187,0.7949189372075441,0.181243651933656
deadly,Deadly,LFL2,2024,unknown,bot,Ici Japon Corp. Esport,16.424066700065822,87.5,False,0.8181818181818182,22,11,0.3574599481417824,0.71353912535814,0.3899294410175203
kireas,Kireas,TCL,2024,Winter,jng,Dark Passage,16.327246232693252,88.18380743982495,False,0.5652173913043478,23,7,0.636231354133587,0.554117246876901,0.2727450788940703
rekkles,Rekkles,NLC,2025,Spring,sup,Los Ratones,16.30765898939708,86.0,True,0.9,20,10,1.231147275599123,2.2250536490195856,1.7012112597502038
tempt,Tempt,NLC,2024,Spring,mid,Lionscreed,16.269577404046604,85.4586129753915,False,0.7272727272727273,22,13,0.2176870387529612,0.8965881322518815,1.1471792277594752
j3rkie,J3rkie,NLC,2026,Summer,sup,Ruddy Corporation,16.250992676306872,85.77777777777777,False,0.85,20,12,0.132433497588949,-0.785268657419122,1.269208980445606
ferret,Ferret,LVP SL,2025,Summer,jng,GIANTX iTero,16.207452902556213,87.96498905908096,False,0.8888888888888888,18,7,-0.1238010875887806,0.0044824038087743,0.7332963253413955
illlima,IlllIma,TCL,2026,Summer,top,SU Esports,16.155258350575547,86.19153674832963,False,0.5416666666666666,24,12,0.7567189232088629,0.4170730603787754,1.5203472632746764
deadly,Deadly,LFL2,2024,Summer,bot,Ici Japon Corp. Esport,16.085104146518862,87.28070175438597,False,0.8333333333333334,18,9,0.8749444934114265,1.1657230817603337,0.903639686182457
slowq,SlowQ,LFL,2025,Spring,mid,Karmine Corp Blue,16.03986893311943,85.23489932885906,True,0.52,25,11,0.0670164445186822,0.7001260737986444,0.5177782147478132
carlsen,Carlsen,LVP SL,2024,Spring,top,Team Heretics Academy,15.867828831640834,85.96881959910914,True,0.7307692307692307,26,10,-1.2003579941441749,0.8924085727799201,-0.1617991390752124
soldier,Soldier,LFL,2026,unknown,bot,Ici Japon Corp. Esport,15.844368824745054,87.06140350877193,False,0.3870967741935484,31,12,-1.0917256632017234,-0.5606200826887159,0.3090590357113174
built,Built,NLC,2024,Summer,top,Ruddy Corporation,15.796973858974383,85.74610244988864,False,0.6956521739130435,23,10,0.61223775010472,-0.6109310381786457,-0.0941484505211723
aetinoth,Aetinoth,LVP SL,2025,Spring,bot,GIANTX iTero,15.788227771525554,86.8421052631579,False,0.75,20,9,0.4167521136927271,0.9474900179332002,0.1168849525475554
mireu,Mireu,TCL,2024,Winter,mid,Beşiktaş Esports,15.758719640918638,85.01118568232661,False,0.6818181818181818,22,11,1.9837086866615985,1.3144994305100015,1.0082241671497962
callme,Callme,TCL,2025,Summer,mid,Misa Esports,15.757953708617913,84.78747203579418,False,0.6956521739130435,23,9,0.5576153997008424,0.3356336757540859,0.8729500272872873
smurfe,Smurfe,PRM,2025,Spring,top,TeamOrangeGaming,15.73267757323801,85.52338530066815,False,0.52,25,12,0.5171473814423583,0.7409691180163379,1.0097683703014222
kaori,Kaori,TCL,2025,Summer,bot,ULF Esports,15.614300186416108,86.62280701754386,False,0.5925925925925926,27,11,0.3523820929384534,0.4686402550081414,-0.8772834354079753
doss,Doss,LFL,2025,Summer,sup,BK ROG Esports,15.59513497128289,85.55555555555556,False,0.4137931034482758,29,11,-0.2718225264654975,1.0614828424529283,0.6641804890062409
ruep,Ruep,TCL,2025,Winter,bot,Eternal Fire,15.592482618845768,86.40350877192982,False,0.7272727272727273,22,9,1.3642422006305988,-0.9818546448290584,0.7126103083751891
leb,Leb,PRM,2025,Winter,jng,Berlin International Gaming,15.532882770526063,87.74617067833698,False,0.875,16,9,1.402888093629009,1.1281186746907723,1.2580879378276193
harpoon,HARPOON,LFL2,2025,Winter,bot,Esprit Shōnen,15.518682892941376,86.18421052631578,False,0.6666666666666666,24,12,0.4474253456847767,0.8443704615327207,1.2966343965901408
nata,Nata,NLC,2024,Summer,bot,Ruddy Corporation,15.507140356250165,85.96491228070175,False,0.6956521739130435,23,12,0.4622782023741496,0.1726458517377975,0.3578258376315584
secrett,Secrett,TCL,2026,Spring,mid,SU Esports,15.44937118026606,84.56375838926175,False,0.56,25,10,0.9100814368093352,0.836782202961238,1.1546043892987108
densi,Densi,PRM,2026,Spring,jng,Kaufland Hangry Knights,15.41612209735706,87.527352297593,False,0.4642857142857143,28,12,-0.5163288361118694,-0.9869867984093716,0.1924740552598896
luana,Luana,TCL,2024,Winter,top,Dark Passage,15.399806263463454,85.30066815144765,False,0.5652173913043478,23,10,0.0162232115755728,-0.4578559371788662,-0.066280787186458
daglas,Daglas,LVP SL,2025,Winter,jng,Team Heretics Academy,15.363777274382755,87.30853391684902,False,0.8,20,12,0.904782871513484,2.0365959680761505,1.3427173532853849
reeker,Reeker,PRM,2026,Summer,mid,Berlin International Gaming,15.213446602130873,84.3400447427293,False,0.7,20,8,1.4153269030436717,-0.1809419680547422,0.7414342428687223
yohan,Yohan,NLC,2024,Spring,jng,Lionscreed,15.209048368498197,87.08971553610503,False,0.7272727272727273,22,11,0.5494225514296461,0.5020020722378679,1.0949489723889676
omon,OMON,LFL,2025,Summer,mid,BK ROG Esports,15.167969566270653,84.11633109619687,False,0.4137931034482758,29,11,-0.1734416049928868,-0.1195595395514328,-0.6072931027328338
feisty,Feisty,LVP SL,2025,Summer,mid,GIANTX iTero,15.167818113501873,83.89261744966443,False,0.8888888888888888,18,8,1.2125723134055522,0.306347269423005,1.6999491257297803
robocop,Robocop,NLC,2026,Summer,top,Ruddy Corporation,15.167192078389485,85.07795100222717,False,0.85,20,8,0.2972580746435759,1.0717669428381231,1.3370225836721448
denvoksne,DenVoksne,LVP SL,2024,Spring,bot,Case Esports,15.129662133716959,85.74561403508771,False,0.6296296296296297,27,9,-0.2598626241880173,1.5148413950949935,0.485426794434256
random,Random,LVP SL,2024,Summer,mid,Movistar KOI,15.114207206347427,83.66890380313198,False,0.6086956521739131,23,8,1.706882922776069,1.2050006389338948,-0.0187174950056983
typhoon,Typhoon,TCL,2025,Spring,jng,Misa Esports,15.039904719180845,86.87089715536105,False,0.6363636363636364,22,9,0.528567993740684,-0.6893787908684339,-0.3993135379236759
stalken,Stalken,TCL,2026,Summer,jng,PCIFIC Esports,15.033256867018668,86.65207877461707,False,0.6363636363636364,22,11,-0.0911291873005211,1.534183544855385,1.0951165102504692
lot,Lot,LFL,2024,Summer,top,Team GO,15.025708245198558,84.85523385300668,True,0.5,28,10,0.4688188087653228,0.5876226354666941,1.2598928908482532
mxe,Mxe,TCL,2025,Spring,sup,ULF Esports,15.012676917694792,85.33333333333334,False,0.5714285714285714,28,9,-0.2789575553859026,0.805300377028541,-1.0472088686761354
unf0rgiven,UNF0RGIVEN,TCL,2024,Summer,bot,Papara SuperMassive,14.949675252224917,85.52631578947368,False,0.782608695652174,23,9,0.4579234644706912,1.742526410162125,0.6224226586601346
patrik,Patrik,PRM,2026,Summer,bot,Berlin International Gaming,14.882557927531348,85.30701754385966,False,0.7,20,11,1.1926976958832884,-1.846299419905435,-0.5637296341294151
zanzarah,Zanzarah,TCL,2025,Winter,jng,Misa Esports,14.879744586856269,86.43326039387308,False,0.6153846153846154,26,11,-0.3008481883984675,-0.7424535477017831,-0.0435803657465777
bobista,bobista,NLC,2026,Summer,top,Verdant,14.82859044448437,84.63251670378618,False,0.7391304347826086,23,10,0.218056000384678,1.3305392508342544,0.8280497376591104
zicssi,Zicssi,LFL,2025,Spring,jng,Gentle Mates,14.78234100564529,86.2144420131291,False,0.4166666666666667,24,12,0.7042754700600703,-0.140941281797909,1.129878134185292
avra,Avra,LFL2,2025,Summer,bot,Esprit Shōnen,14.70727371310065,85.08771929824562,False,0.6666666666666666,21,13,0.8423275640238732,-1.0417352472595762,0.1248852342566791
hoon,Hoon,TCL,2024,Winter,top,Beşiktaş Esports,14.696307640602335,84.4097995545657,False,0.6818181818181818,22,10,1.2645696343322377,1.1367429697913596,1.558781493047198
boukada,Boukada,LFL,2024,Summer,jng,Team GO,14.649083239704217,85.99562363238512,True,0.5,28,9,-0.7045563182469612,-1.6158493201198325,-1.0461039044483411
gori,Gori,TCL,2025,Summer,mid,ULF Esports,14.580594468235445,83.44519015659955,False,0.5925925925925926,27,10,0.8778708055110557,0.8258217377156458,0.9263585610181592
czajek,Czajek,LFL,2024,Spring,mid,Vitality.Bee,14.579177186738141,83.22147651006712,True,0.5416666666666666,24,12,-0.0624807928923838,-0.1964881520148241,0.1418591080921873
xerxe,Xerxe,LVP SL,2024,Spring,jng,Team Heretics Academy,14.571732986331911,85.77680525164114,False,0.7307692307692307,26,13,-0.3433005178357655,0.1077360672899471,0.9255613911785096
bao,BAO,LFL,2024,Spring,bot,Gentle Mates,14.545297472613836,84.86842105263158,False,0.5172413793103449,29,13,0.1886990170539469,0.2841962897374738,-0.031876467887425
kamilius,kamilius,LFL,2024,Spring,sup,Gentle Mates,14.516626732383408,85.11111111111111,False,0.5172413793103449,29,12,-0.4888008256426582,-1.073970087561673,0.216208322034595
113,113,LFL,2024,Spring,jng,BK ROG Esports,14.432538018752696,85.55798687089715,True,0.5454545454545454,22,11,1.9273198080648075,-0.2735735724170979,1.2738246800481892
black,Black,TCL,2024,Winter,bot,Dark Passage,14.404511196611175,84.64912280701753,False,0.5652173913043478,23,13,0.6128862558718156,0.1794983445750441,-0.826320433240771
alix,alix,NLC,2024,Spring,mid,Ruddy Corporation,14.393862151021125,82.99776286353467,False,0.5833333333333334,24,9,0.732402574067243,-0.6774115276691384,0.4767806559794554
sayn,Sayn,LFL2,2025,Winter,mid,IziDream,14.360764069301524,82.77404921700223,False,0.5416666666666666,24,9,1.1917391558976955,0.9569014231371078,0.715976660318304
carry,Carry,TCL,2025,Winter,sup,Papara SuperMassive,14.293743416563103,84.88888888888889,False,0.5555555555555556,27,11,0.7404797913975717,0.1606969325004714,-0.4982212788597346
dajor,Dajor,LFL,2024,Summer,mid,Team GO,14.230117707143489,82.5503355704698,False,0.5,28,9,-0.4400735832495898,1.107713796058911,-0.2644280055233146
shelfmade,Shelfmade,PRM,2026,Summer,top,G2 NORD,14.134114714768367,84.18708240534521,False,0.7368421052631579,19,9,0.7490312567689004,1.7342909272916702,1.853741988106306
markoon,Markoon,PRM,2026,Summer,jng,G2 NORD,14.099464875281411,85.33916849015317,False,0.7368421052631579,19,11,0.8496150742467572,1.8086286926000643,1.5495835476696274
lekcyc,Lekcyc,LFL2,2025,Summer,sup,IziDream,13.974088090477998,84.66666666666667,False,0.6,25,10,0.15178029823866,0.0203139229647338,1.0113752030128589
kaori,Kaori,TCL,2024,Winter,bot,Beşiktaş Esports,13.912937688856367,84.4298245614035,False,0.6818181818181818,22,9,0.9674070165933686,-0.8967619396060553,0.2322842551688853
kofte,Kofte,TCL,2025,Summer,mid,Bushido Wildcats,13.876364136920255,82.32662192393735,False,0.6666666666666666,27,11,0.0067406177048943,-0.5086205001072835,0.3221213630596748
ryuk,Ryuk,PRM,2026,Spring,bot,TeamOrangeGaming,13.830269691312841,84.21052631578947,False,0.6086956521739131,23,13,0.6020876303736038,0.4256245422349189,0.8796542033680022
aytekn,Aytekn,TCL,2026,Summer,top,Bushido Wildcats,13.796473272546125,83.96436525612472,False,0.7391304347826086,23,10,-0.3004477353787125,0.0270031756943539,0.0821406411045574
lucky,Lucky,PRM,2024,Spring,sup,NNO Prime,13.602533592957593,84.44444444444444,False,0.7222222222222222,18,11,1.105532001629563,-0.2203225128113328,0.2208086316725144
djoko,Djoko,LFL2,2024,Summer,jng,MHSC Esport,13.548044354954811,85.12035010940919,False,0.7647058823529411,17,10,1.930696536528274,1.8908205430239535,1.8167333709756743
luger,Luger,TCL,2024,Winter,bot,Papara SuperMassive,13.5299606411875,83.99122807017544,False,0.6153846153846154,26,7,0.015320806924653,0.2875442071465098,0.4624594990816478
potent,Potent,LFL2,2025,Summer,top,Esprit Shōnen,13.519329119826025,83.74164810690424,False,0.6666666666666666,21,11,0.4553293632670899,-0.2896762449120078,1.914635917488959
rin,Rin,LVP SL,2025,Spring,bot,Team Heretics Academy,13.466299619654714,83.77192982456141,False,0.6190476190476191,21,9,1.248166846733797,1.4885240521898029,1.7534082486444733
lilipp,Lilipp,PRM,2024,Summer,sup,Eintracht Spandau,13.451946717272223,84.22222222222221,False,0.6666666666666666,18,11,0.5526664489648544,0.0389987612895759,0.886831960367759
irrelevant,Irrelevant,PRM,2026,Summer,top,Berlin International Gaming,13.431229755723157,83.51893095768375,False,0.7,20,11,1.53174255033982,-0.6092917114503951,0.8566296170638228
skeanz,Skeanz,TCL,2024,Summer,jng,Papara SuperMassive,13.424401283638757,84.9015317286652,True,0.782608695652174,23,10,0.1346548026781751,-0.0646584714986231,0.5649465615113145
six10,Six10,PRM,2025,Spring,mid,TeamOrangeGaming,13.383307478589002,82.10290827740492,False,0.52,25,10,-0.3539907160032798,1.7523302748929714,1.932858435661566
vespa,Vespa,TCL,2026,Spring,bot,SU Esports,13.35820743853823,83.55263157894737,False,0.56,25,13,0.3975279702929235,0.0083630014294851,0.0968804720269261
acd,ACD,LVP SL,2024,Spring,top,UCAM Esports,13.204779045010762,83.29621380846325,False,0.5,22,11,0.8815124393567787,-0.5454309855343253,-0.615951035202476
badlulu,Badlulu,LVP SL,2025,Summer,top,GIANTX iTero,13.19797882490403,83.07349665924276,False,0.8888888888888888,18,8,1.3416073754066846,1.4812559885148535,0.8350232722941862
maxi,MAXI,LVP SL,2024,Spring,jng,Case Esports,13.179549694842304,84.68271334792122,False,0.6296296296296297,27,11,0.1063451422732152,-0.0789415676101393,-0.2358576962953776
javier,Javier,LVP SL,2024,Spring,mid,Case Esports,13.176607776535418,81.87919463087249,False,0.6296296296296297,27,11,-0.6568102850452521,-1.113078383402907,-0.3840654517183723
comp,Comp,LFL,2026,unknown,bot,Joblife,13.151098597866243,83.33333333333334,False,0.4285714285714285,28,13,-0.7256958141352073,1.1005167941305225,0.6289732511372148
omon,OMON,LFL2,2024,unknown,mid,Ici Japon Corp. Esport,13.081406975570605,81.65548098434004,False,0.8181818181818182,22,11,1.0601716776311378,0.2645811080352621,0.544465614898913
obstinatus,Obstinatus,LVP SL,2024,Summer,sup,UCAM Esports,13.065662229067579,84.0,False,0.5357142857142857,28,8,-0.2055200759337465,0.0084225541843078,1.123226162309222
ilevi,iLEVI,LVP SL,2025,Summer,sup,UCAM Esports,13.053597488596736,83.77777777777777,False,0.6086956521739131,23,9,0.9645788067935418,1.942859837435428,0.7150286298140254
lofti,Lofti,NLC,2025,unknown,mid,Lund Esports Organization,13.045562791200634,81.4317673378076,False,0.7647058823529411,17,11,1.0346899200953092,-0.92629012185134,0.6771705864821632
paixdia,Paixdia,TCL,2024,Winter,sup,Beşiktaş Esports,13.027379739792769,83.55555555555556,False,0.6818181818181818,22,12,0.3489731038904758,0.5588664816736657,-0.4350043408859093
kenal,Kenal,LVP SL,2024,Summer,bot,UCAM Esports,13.009913730832062,83.1140350877193,False,0.5357142857142857,28,10,0.3897618299015442,-0.4920020790284044,0.4148181275166872
feisty,Feisty,LVP SL,2025,Spring,mid,GIANTX iTero,12.98095079603999,81.20805369127517,False,0.75,20,9,1.7443534810563055,-0.2898674125439093,1.88103248113288
powerofevil,PowerOfEvil,PRM,2026,Summer,mid,Eintracht Spandau,12.851227914787025,80.98434004474274,False,0.55,20,9,1.3739964920604075,0.894045675721745,0.8986380657391527
omon,OMON,LFL2,2024,Summer,mid,Ici Japon Corp. Esport,12.795575570197437,80.76062639821029,False,0.8333333333333334,18,12,1.632296662677944,0.4086916391687385,0.4608182948340725
alaric,Alaric,NLC,2024,Summer,sup,Ruddy Corporation,12.757287310314014,83.33333333333334,False,0.6956521739130435,23,6,0.3060991560858976,-0.3284243187921036,0.4350052006068923
anonymouss,Anonymouss,NLC,2026,Summer,jng,Ruddy Corporation,12.756855102080427,84.46389496717724,False,0.85,20,9,0.4682113693605931,0.9992497205652928,2.121827171312654
monkas,monkaS,TCL,2025,Summer,sup,Bushido Wildcats,12.72959287676053,83.11111111111111,False,0.6666666666666666,27,9,0.007510705690635,0.4261178353822809,0.3714207554840196
blue,Blue,TCL,2024,Winter,mid,Papara SuperMassive,12.633919195939065,80.53691275167785,False,0.6153846153846154,26,10,-0.4910773583407775,0.4869303643902105,0.0544722753302907
mafro,Mafro,NLC,2026,Summer,jng,Verdant,12.604120668632362,84.24507658643327,False,0.7391304347826086,23,10,0.9673675961926362,0.6143526390372832,1.2208732447094004
jokaa,jokaa,PRM,2026,Summer,jng,ROSSMANN Centaurs,12.583061176380003,84.02625820568927,False,0.5454545454545454,22,12,-0.1734077068484765,0.175874380538673,-0.162264045348272
typhoon,Typhoon,TCL,2025,Winter,jng,BoostGate Esports,12.552170315306086,83.80743982494529,False,0.5714285714285714,21,11,1.2599278283109343,1.2830933577204438,2.284988903167399
grave,Grave,TCL,2025,Spring,bot,ULF Esports,12.539249841891648,82.89473684210526,False,0.5714285714285714,28,11,-0.578492706752597,1.2257646031199816,-0.923555311433589
xns,XnS,TCL,2024,Summer,jng,BoostGate Esports,12.516944048554443,83.58862144420132,False,0.5217391304347826,23,7,1.5248747602891843,0.8049255730331815,0.5656597422784041
farfetch,Farfetch,TCL,2025,Winter,sup,Eternal Fire,12.510131518404858,82.88888888888889,False,0.7272727272727273,22,9,0.0486510451837166,-0.5837265837390528,1.0692295115610937
kofte,Kofte,TCL,2026,Spring,mid,Misa Esports,12.475639706200578,80.31319910514542,False,0.9411764705882352,17,10,-0.5565006346752657,1.165044165124584,1.9364330552452864
bayonetta,Bayonetta,TCL,2026,Summer,top,PCIFIC Esports,12.417017409696548,82.85077951002228,False,0.6363636363636364,22,16,-0.7712752258950749,0.6755557766049493,0.6253977464291371
kituruken,Kituruken,NLC,2024,Summer,jng,Ruddy Corporation,12.39083761042357,83.36980306345733,False,0.6956521739130435,23,6,1.1537401148101212,1.9639995016012104,1.6340779751433774
zwyroo,Zwyroo,LVP SL,2024,Spring,mid,Team Heretics Academy,12.347558377928998,80.08948545861297,True,0.8125,16,6,0.6876104035914877,1.4182303012233763,1.4001259017457623
aetinoth,Aetinoth,LVP SL,2025,Summer,bot,GIANTX iTero,12.337581300610765,82.67543859649122,False,0.8888888888888888,18,8,0.1357833485507687,-0.796296916268206,0.3262503403157574
patkicaa,PatkicaA,LFL2,2024,Summer,top,Ici Japon Corp. Esport,12.29706329046976,82.62806236080178,False,0.8333333333333334,18,9,0.7188277885982293,-0.0468864774047537,0.8535783277505026
rames,RAMES,TCL,2026,Summer,jng,SU Esports,12.259826964623127,83.15098468271334,False,0.5416666666666666,24,12,-0.0331353772487362,0.8532699923790188,0.6065876795627749
ruep,Ruep,TCL,2025,Summer,bot,Beşiktaş Esports,12.131565231144165,82.45614035087719,False,0.6363636363636364,22,10,0.7292949331827712,0.5870840181525518,0.6470894233005132
theocacs,Theocacs,LFL,2025,Summer,jng,Ici Japon Corp. Esport,12.07040199805958,82.93216630196937,False,0.5,22,8,-0.0350922621327541,-1.0469452465948252,-1.0623657534968802
toasty,Toasty,PRM,2026,Summer,mid,G2 NORD,11.959042519123434,79.86577181208054,False,0.7368421052631579,19,13,0.6466980438809881,0.973929371009626,1.0697949282704808
callme,Callme,TCL,2025,Spring,mid,Misa Esports,11.951601390029571,79.64205816554811,False,0.6363636363636364,22,8,0.3958670309075455,-1.0788264379815096,0.0673317303401618
neon,Neon,TCL,2025,Spring,bot,Misa Esports,11.949321819816305,82.23684210526315,False,0.6363636363636364,22,11,0.6471590256195668,-0.7690916774196797,0.240744090246717
infoneral,Infoneral,PRM,2025,Spring,sup,TeamOrangeGaming,11.92273043130125,82.66666666666667,False,0.52,25,10,-0.8881581258877296,-1.286818484167122,-0.1217386632634335
mietek,Mietek,NLC,2025,Winter,top,Bulldog Esports,11.919564670540913,82.40534521158129,False,0.5,24,8,1.5978045172957676,0.0811874749863279,-0.3478792119206879
kaiser,Kaiser,LVP SL,2025,Summer,sup,Team Heretics Academy,11.870120349171334,82.44444444444444,False,0.5652173913043478,23,10,0.6001565676593195,-0.048702106153966,0.4859142666237445
closer,Closer,TCL,2025,Summer,jng,Misa Esports,11.863836460458256,82.71334792122538,False,0.6956521739130435,23,11,-0.3399758168515279,0.6147525567271799,0.7421287816532541
kaymin,Kaymin,NLC,2025,Winter,mid,Bulldog Esports,11.858755645978988,79.41834451901566,False,0.5,24,13,0.8910701661734273,-1.4767305027860926,-0.4396435164964302
denvoksne,DenVoksne,PRM,2026,Summer,bot,Unicorns of Love Sexy Edition,11.84951753284361,82.01754385964912,False,0.7368421052631579,19,12,1.1385080887497796,0.9057589547841364,-0.2189342578973953
marky,Marky,LVP SL,2024,Summer,top,Movistar KOI,11.720957343104695,82.18262806236079,False,0.6086956521739131,23,9,0.4946698708476896,0.666020885497638,1.0151405133584364
booshi,Booshi,LFL,2025,Summer,bot,BK ROG Esports,11.713572734860952,81.7982456140351,False,0.4137931034482758,29,12,-1.2150851506404112,-1.0793603474932334,-1.0160627872465178
rin,Rin,LVP SL,2025,Summer,bot,Team Heretics Academy,11.65444501358888,81.57894736842105,False,0.5652173913043478,23,10,0.4779109934345482,0.8149943562680911,1.086078587351244
mxe,Mxe,LVP SL,2024,Summer,sup,Ramboot Club,11.647774137308414,82.22222222222221,False,0.6428571428571429,28,5,-0.7692688590747442,0.2535367834099521,-0.05772056980504
sinmivak,Sinmivak,LVP SL,2024,Summer,top,UCAM Esports,11.517735778732053,81.9599109131403,False,0.5357142857142857,28,13,-0.6847556715213227,-0.8532365697426277,0.1375622534473787
built,Built,NLC,2024,Spring,top,Ruddy Corporation,11.512496592147011,81.73719376391982,False,0.5833333333333334,24,14,-0.6708387073946559,-0.9726641564576464,-1.024229602831268
howling,Howling,LFL,2025,Summer,top,Ici Japon Corp. Esport,11.484203649247943,81.51447661469933,False,0.5,22,9,1.160603391470408,0.6955075754574815,0.3420875513848609
marky,Marky,LVP SL,2024,Spring,top,Movistar KOI,11.45594998243034,81.29175946547885,False,0.4782608695652174,23,10,1.1690374387082505,0.6390925865021464,1.4770241830619264
crownie,Crownie,NLC,2025,Spring,bot,Los Ratones,11.421716450436,81.35964912280701,True,0.9,20,8,0.305446180063139,1.746056240349919,1.3068786585187524
rin,Rin,LVP SL,2025,Winter,bot,Team Heretics Academy,11.411683591860026,81.14035087719299,False,0.8,20,8,1.2894524819346105,1.6362025061360683,1.0718171092795163
joinze,Joinze,LFL2,2025,Winter,jng,IziDream,11.410748696453698,82.4945295404814,False,0.5416666666666666,24,12,0.2040410787146637,0.2024795509220266,0.2081507143368414
kurama,Kurama,TCL,2026,Spring,jng,Bushido Wildcats,11.390829942495143,82.27571115973743,False,0.4347826086956521,23,12,0.883072927912345,-0.7126870967742114,0.4277402063112698
osman123,Osman123,TCL,2025,Winter,jng,Eternal Fire,11.35364598280264,82.05689277899344,False,0.7272727272727273,22,8,-0.4803871061750471,1.1384459792065955,0.2616297529405332
habubu,Habubu,PRM,2026,Summer,jng,Berlin International Gaming,11.316152396750232,81.83807439824945,False,0.7,20,8,0.8308040921927023,0.688244447077821,1.228893216329652
xns,XnS,LFL,2025,Summer,jng,BK ROG Esports,11.298629989767559,81.61925601750546,False,0.4137931034482758,29,15,-0.0669397388107257,1.5596466400167148,-0.2539385819426477
whiteinn,whiteinn,LVP SL,2025,Winter,sup,Barça eSports,11.262195793676195,82.0,False,0.5172413793103449,29,11,-1.348472295032202,-1.5415853729774365,0.014561752835538
kaiser,Kaiser,PRM,2026,Summer,sup,Berlin International Gaming,11.246522917685905,81.77777777777779,False,0.7,20,10,1.3962069226781668,-0.4155712309046864,1.4261042425553725
mishi,Mishi,NLC,2026,Winter,bot,Verdant,11.233310188121264,80.92105263157895,False,0.8333333333333334,18,7,0.7533559588815167,0.3995171136282009,0.9449845697983926
prime,Prime,LFL,2024,Summer,sup,Team GO,11.084418355201544,81.55555555555556,True,0.5,28,9,-0.5005236951011923,-0.493948447580486,0.3963802782652394
sajator,SAJATOR,LVP SL,2025,Winter,mid,Team Heretics Academy,11.044224759441672,79.19463087248322,False,0.8,20,10,0.8648804708187865,-1.671223614096835,0.595417656542826
rames,RAMES,TCL,2026,Spring,jng,SU Esports,11.040168804060887,81.4004376367615,False,0.56,25,8,0.4435470512601758,0.1298115207654769,-0.0556663354881208
howling,Howling,LFL,2024,Summer,top,BK ROG Esports,10.998706316441826,81.06904231625836,False,0.5416666666666666,24,9,0.21397611340116,-0.0219856032291332,0.5508194402258759
treatz,Treatz,NLC,2025,Winter,sup,NORD Esports,10.935415304875807,81.33333333333333,False,0.55,20,9,1.2588909013162974,-0.519175805895982,-0.1803542140453694
hazel,Hazel,LFL,2026,unknown,bot,Karmine Corp Blue,10.911927633071869,80.7017543859649,False,0.5,20,8,1.1959109655805251,0.108609337640303,0.1830263432251746
noway,NoWay,NLC,2025,Winter,mid,NORD Esports,10.878794181264135,78.97091722595079,False,0.55,20,10,1.0337636465039837,0.4688049880586693,-0.4087561767420603
rin,Rin,PRM,2026,Summer,bot,G2 NORD,10.8346648486549,80.48245614035088,False,0.7368421052631579,19,11,-0.2828058484458326,0.2934896319150512,1.5693869083819536
samd,SamD,LFL,2025,Spring,bot,Ici Japon Corp. Esport,10.807370319009173,80.26315789473685,True,0.5263157894736842,19,10,1.4842141461484288,1.5223279644446976,1.7316777111004076
takeset,TakeSet,LFL,2025,Summer,bot,Solary,10.803266878721999,80.04385964912281,False,0.4545454545454545,22,8,0.8690777271925402,-0.3266997700980482,0.2755629581429558
vzz,Vzz,PRM,2025,Spring,bot,TeamOrangeGaming,10.716691756165266,79.82456140350878,False,0.52,25,11,-0.1875379389399436,1.0585451094854397,0.9243143791185926
rustysniper,RustySniper,NLC,2025,unknown,bot,Lund Esports Organization,10.699152542755897,79.60526315789474,False,0.7647058823529411,17,9,1.5161656525788247,1.040403244645728,1.0397394242174305
baca,Baca,LVP SL,2024,Summer,mid,UCAM Esports,10.681000296495105,78.74720357941834,False,0.5357142857142857,28,9,-0.7155280092500181,-0.2344972991693185,-0.045527370425583
croniik,CRoNiiK,LFL2,2025,Spring,jng,Esprit Shōnen,10.66777384562477,81.1816192560175,False,0.7272727272727273,22,11,-0.1982781321916316,0.381131801312336,0.4504875996230832
bluerzor,bluerzor,LVP SL,2025,Summer,jng,UCAM Esports,10.663995551057157,80.96280087527352,False,0.6086956521739131,23,10,0.3911536935454636,0.5362762790398844,0.0012685349021272
rhilech,Rhilech,LFL,2024,Summer,jng,BK ROG Esports,10.659166051666757,80.74398249452955,True,0.5416666666666666,24,9,0.1054667874718414,0.3748035529711074,-0.0450074923519746
ferret,Ferret,TCL,2024,Summer,jng,FUT Esports,10.655610731172475,80.52516411378556,False,0.5,22,8,0.1797793234438863,0.3058540964542932,0.5460018869528047
hadess,Hadess,LFL2,2024,Summer,jng,Ici Japon Corp. Esport,10.58111319592372,80.30634573304157,False,0.8333333333333334,18,8,0.007306573521637,0.9650159265225686,0.5886404595688114
jeyrus,Jeyrus,TCL,2026,Spring,bot,Bushido Wildcats,10.566071311872468,79.3859649122807,False,0.4347826086956521,23,11,1.212505185905772,1.15292887968791,1.0840660168145164
ragner,Ragner,LFL,2025,Spring,top,Galions,10.549723050435318,80.84632516703786,False,0.5416666666666666,24,11,-0.5706397157528726,-0.5732022036463619,-0.9410204387832216
kasing,Kasing,NLC,2024,Spring,sup,Lionscreed,10.514499688041754,81.11111111111111,False,0.7272727272727273,22,12,-0.5702389404519965,1.1742472416270973,0.752403126862743
vertigo,Vertigo,TCL,2025,Summer,top,Beşiktaş Esports,10.497181657349206,80.62360801781738,False,0.6363636363636364,22,11,-0.0285676717894882,1.403743865996073,0.7057659148624239
shlatan,Shlatan,PRM,2024,Spring,jng,NNO Prime,10.477053395251957,80.0875273522976,False,0.7222222222222222,18,7,0.8064978935371929,-0.5100368071939677,0.44495654662235
c0st0m,c0st0m,PRM,2026,Summer,mid,ROSSMANN Centaurs,10.454663316040577,78.52348993288591,False,0.5454545454545454,22,13,0.2988437400478479,-0.8754661695807171,-0.708035314492682
theocacs,Theocacs,NLC,2024,Summer,jng,Venomcrest Esports,10.447284176026866,79.86870897155362,False,0.6538461538461539,26,7,-0.4398456948811299,-0.7024842003478295,-0.8665681675765456
devn,Devn,NLC,2025,Summer,bot,Verdant,10.419784089559133,79.16666666666666,False,0.7142857142857143,21,10,0.8226854851865293,0.3665647796742918,0.0827693107838121
lurox,Lurox,LFL,2025,Spring,jng,Vitality.Bee,10.345636360605024,79.64989059080962,False,0.5555555555555556,27,10,-0.8517640642994958,0.2862987708279677,-0.3744228105817829
denvoksne,DenVoksne,PRM,2025,Spring,bot,Unicorns of Love Sexy Edition,10.293663178150448,78.94736842105263,False,0.4545454545454545,22,10,0.7843902754386456,0.9576176205789872,-0.1891231865335435
raïto,Raïto,LFL2,2024,Summer,sup,Ici Japon Corp. Esport,10.249438543893982,80.88888888888889,False,0.8333333333333334,18,7,-0.113766457447474,-1.1571832016864472,-1.1274149511590408
typhoon,Typhoon,TCL,2026,Summer,jng,Dark Passage,10.23626793594353,79.43107221006565,False,0.5238095238095238,21,13,0.4044468475579069,0.4842863218331962,0.5578053085296407
toonge,ToongE,TCL,2025,Winter,bot,BoostGate Esports,10.225682357280874,78.72807017543859,False,0.5714285714285714,21,9,0.7770871512070864,-0.9575722519935012,0.3595229273879207
white,White,PRM,2026,Summer,jng,Unicorns of Love Sexy Edition,10.223332998890086,79.21225382932167,False,0.7368421052631579,19,6,0.3270502269281376,0.3660914461631285,-0.4975901986665348
serin,Serin,PRM,2024,Spring,mid,NNO Prime,10.14023963569128,78.29977628635348,False,0.7222222222222222,18,6,1.7562334431974425,0.3772897762696711,0.356916736846231
jezu,Jezu,LFL,2025,Spring,bot,Galions,10.113957189464342,78.50877192982456,False,0.5416666666666666,24,9,0.168882340307503,-0.7239976082178526,1.0537035580839895
deadly,Deadly,LFL,2025,Summer,bot,Joblife,10.10989004082545,78.28947368421053,False,0.391304347826087,23,11,-0.7308988429357367,-0.079117577403954,-1.0800855109390086
maxi,MAXI,LVP SL,2024,Summer,jng,Movistar KOI,10.106129504439718,78.99343544857767,False,0.6086956521739131,23,10,1.4277318965421069,0.4119089157536692,0.6521597983612214
xagog,Xagog,PRM,2026,Summer,jng,Eintracht Spandau,10.093433273777123,78.7746170678337,False,0.55,20,11,1.303229780405301,-0.5206640090607507,0.4531103031015392
3xa,3XA,LFL,2025,Spring,bot,Karmine Corp Blue,10.021452516847713,78.0701754385965,False,0.52,25,10,0.2982179134934729,0.9438593997740786,0.601743315335542
vizicsacsi,Vizicsacsi,PRM,2026,Summer,top,E WIE EINFACH E-SPORTS,10.00232310370518,80.40089086859689,False,0.5,24,10,-0.4977572446650054,-1.0149736518818435,-0.0566506537885684
lynx,Lynx,TCL,2026,Summer,mid,Dark Passage,9.991082497831655,78.07606263982103,False,0.5,22,11,0.2941219161823986,-0.299267797270087,0.0565080610872039
afroboi,Afroboi,PRM,2025,Spring,jng,E WIE EINFACH E-SPORTS,9.982728339179145,78.55579868708972,False,0.44,25,14,-0.5900317848377993,0.8265789760540448,0.7742191459937549
whiteknight,WhiteKnight,LVP SL,2025,Winter,top,Barça eSports,9.95639545807162,80.17817371937639,False,0.5172413793103449,29,13,-1.2365592387754876,-1.1706457535693224,0.1083139652003956
decay,Decay,LFL,2025,Spring,mid,Solary,9.936607081299117,77.85234899328859,False,0.5263157894736842,19,8,0.8377900009464757,0.850537007515509,0.4556964576135743
piero,Piero,LFL,2025,Spring,sup,Karmine Corp Blue,9.894729887166461,80.66666666666666,False,0.52,25,11,-0.2572919352099079,-0.1335866262513439,0.9989298379599572
lilipp,Lilipp,PRM,2024,Spring,sup,Eintracht Spandau,9.886245061911293,80.44444444444444,False,0.6111111111111112,18,10,0.7328587519310115,1.4467024783872933,0.1073873433224821
3xa,3XA,LFL,2025,Flash In,bot,Karmine Corp Blue,9.865536465835453,77.85087719298247,False,0.7222222222222222,18,11,0.7563242253998133,0.2212960536765803,0.9746877710252424
raïto,Raïto,LFL2,2024,unknown,sup,Ici Japon Corp. Esport,9.844662923244304,80.22222222222221,False,0.8181818181818182,22,8,-0.0622647096035581,0.2278304401961096,-0.0774238365026006
patkicaa,PatkicaA,LFL2,2025,Winter,top,IziDream,9.784406250427175,79.9554565701559,False,0.5416666666666666,24,11,-0.1787145023167602,-0.9994148526378124,-0.8342296456800425
nuq,NuQ,TCL,2025,Winter,top,BoostGate Esports,9.784383881914275,79.73273942093542,False,0.5714285714285714,21,11,0.430356647152306,-1.2651675046846125,0.6026218222085371
ferret,Ferret,LVP SL,2025,Spring,jng,GIANTX iTero,9.763662418807263,78.33698030634574,False,0.75,20,8,-0.5606801257521474,-0.3297199949097324,-0.1570075970073812
grave,Grave,TCL,2026,Summer,bot,Dark Passage,9.735654243742205,77.63157894736842,False,0.5,22,13,0.9646986440863392,0.1411484065269414,0.4185446400971102
silkysmath,silkysmath,NLC,2024,Spring,bot,Ruddy Corporation,9.719899670811474,77.41228070175438,False,0.5833333333333334,24,4,0.3242919061905229,0.4061651601717947,0.4928537015052625
croniik,CRoNiiK,LFL2,2025,Summer,jng,Esprit Shōnen,9.719271008848876,78.11816192560175,False,0.6666666666666666,21,8,0.9962771578193118,0.4423865627382202,-0.0157335941605966
hazel,Hazel,PRM,2026,Summer,bot,ROSSMANN Centaurs,9.663065617334043,77.19298245614034,False,0.5454545454545454,22,12,1.0455151890184105,1.4467768985942997,0.5417545434717105
obstinatus,Obstinatus,LVP SL,2024,Spring,sup,UCAM Esports,9.63520196484812,80.0,False,0.5,22,10,0.0742423685390821,-0.6195810800487016,-0.2998630290459194
croniik,CRoNiiK,LFL2,2025,Winter,jng,Esprit Shōnen,9.635065879944841,77.89934354485777,False,0.6666666666666666,24,8,-0.2689979620974174,0.304758882412403,0.6743109957642774
simpli,Simpli,PRM,2024,Summer,mid,FC Schalke 04 Esports,9.607947473479294,77.62863534675614,False,0.6666666666666666,18,10,1.3862670368204564,-0.5117354287260673,0.2937086363862191
tracyn,Tracyn,LVP SL,2025,Winter,top,Team Heretics Academy,9.606076051149683,79.51002227171492,True,0.8,20,11,0.6802226651075661,0.85788431752088,1.4733283346926924
belit,belit,NLC,2026,Summer,jng,Deer Gaming,9.468677635072657,77.68052516411379,False,0.6111111111111112,18,12,1.008814694846656,0.1131765337175707,0.0294706297142758
click,Click,LVP SL,2025,Spring,sup,LUA Gaming,9.407630004498776,79.77777777777779,False,0.4210526315789473,19,10,2.1563522998591904,1.7385230009927155,1.2944038152421549
sumi,Sumi,NLC,2024,unknown,mid,UniQ Esports Club,9.396316571296898,77.40492170022371,False,0.5454545454545454,22,11,1.3589473764574205,0.3255726197591938,-0.3869364966424742
decay,Decay,LFL,2025,Summer,mid,Solary,9.351087571819818,77.18120805369128,False,0.4545454545454545,22,10,0.898369726559095,0.1208432444954238,1.140686536663846
tracyn,Tracyn,PRM,2024,Spring,top,Austrian Force willhaben,9.333902661402574,79.28730512249443,False,0.6666666666666666,18,7,2.546638111804636,1.9641837630745052,1.4445520526197362
hirit,HiRit,TCL,2024,Summer,top,FUT Esports,9.325009239989743,79.06458797327394,False,0.5,22,10,0.3963661867719326,0.6565658211228366,0.3675537045365431
fornoreason,Fornoreason,PRM,2026,Summer,top,Unicorns of Love Sexy Edition,9.31476316947667,78.84187082405344,False,0.7368421052631579,19,10,0.182170291099557,1.1542532938190513,0.033146374965301
noz2k,Noz2k,PRM,2025,Spring,bot,E WIE EINFACH E-SPORTS,9.260539164614604,76.97368421052632,False,0.44,25,11,0.137125823239641,-0.2165494879920564,-0.8537040698609579
starscreen,StarScreen,TCL,2026,Kickoff,top,Bushido Wildcats,9.235556436088018,78.61915367483296,False,0.631578947368421,19,10,1.330950075883389,-0.2793579731205918,0.4815947022078397
hype,Hype,TCL,2026,Kickoff,bot,Misa Esports,9.223662389574637,76.75438596491229,True,0.9333333333333332,15,8,1.358672176461248,1.813964888965412,1.6492871344039823
chef,CHEF,TCL,2025,Summer,jng,Beşiktaş Esports,9.218079787501175,77.4617067833698,False,0.6363636363636364,22,10,-0.1729075150546844,0.0791094465131896,0.3031691503865705
spooky,SPOOKY,LFL2,2025,Winter,jng,Team Valiant,9.194100515777293,77.24288840262582,False,0.5789473684210527,19,9,0.7973954022412452,1.0558658693257612,1.3329555982374284
daglas,Daglas,LVP SL,2025,Spring,jng,Team Heretics Academy,9.145100459620258,77.02407002188184,False,0.6190476190476191,21,9,0.6431702273317738,1.319547036904926,0.6301614786047901
markoon,Markoon,LFL,2025,Flash In,jng,Solary,9.143622631468821,76.80525164113786,False,0.4761904761904761,21,16,0.6078067893910026,0.7426620291232479,0.2444730670477869
maynter,Maynter,LFL,2025,Spring,top,Karmine Corp Blue,9.141791880689947,78.39643652561247,True,0.52,25,12,-0.5051702552015978,-0.4716664985466225,0.8079796626131771
potent,Potent,LFL2,2024,Summer,top,Joblife,9.12131103773383,78.17371937639199,False,0.7222222222222222,18,8,0.477510098923643,-0.4896284799958608,0.7377150634283157
guggu,Guggu,NLC,2026,Winter,sup,Verdant,9.1054115717368,79.55555555555556,False,0.8333333333333334,18,10,0.4371764003698806,-1.1244489329931506,0.5192309622559804
slowq,SlowQ,TCL,2026,Kickoff,mid,Misa Esports,9.089822668708761,76.95749440715883,True,0.9333333333333332,15,10,1.0374615475313498,1.7991156530209518,0.9516227407521318
shiganari,Shiganari,PRM,2024,Spring,bot,NNO Prime,9.083628463888022,76.53508771929825,False,0.7222222222222222,18,6,0.0859215818072994,-0.3122099898041224,0.2859743129217518
velja,Velja,NLC,2025,Winter,jng,Los Ratones,9.055440882495988,76.58643326039387,True,0.9333333333333332,15,7,1.0432389011104022,1.0888910258437978,1.214488594072795
simpy,Simpy,NLC,2024,Summer,sup,Venomcrest Esports,9.043511510390642,79.33333333333333,False,0.6538461538461539,26,7,-0.5940999433114139,-0.0588431432432619,-0.0027275207367216
crownie,Crownie,NLC,2025,Winter,bot,Los Ratones,9.014210325026015,76.31578947368422,True,0.9333333333333332,15,8,-0.1982879628418022,2.5612444400287706,1.561834831750821
slowq,SlowQ,LFL,2025,Flash In,mid,Karmine Corp Blue,8.972730094949437,76.7337807606264,True,0.7222222222222222,18,12,0.1951234552568126,0.1994973808088138,-0.0606381910370625
hunt,Hunt,NLC,2024,Summer,mid,NORD Esports,8.969488886504577,76.51006711409396,False,0.5909090909090909,22,7,0.3691222583028875,0.7318830995135891,0.7212710152095357
113,113,PRM,2026,Spring,jng,Berlin International Gaming,8.902518607435871,76.36761487964989,False,0.5789473684210527,19,12,1.398962956567111,0.4597849902713868,1.3304488010107325
kaiser,Kaiser,LVP SL,2025,Spring,sup,Team Heretics Academy,8.888101552863406,79.11111111111111,False,0.6190476190476191,21,9,0.2487182874935106,0.2519615951715077,1.1648967568740187
nuq,NuQ,NLC,2026,Summer,top,Bulldog Esports,8.862658778920201,77.9510022271715,False,0.4736842105263157,19,13,2.1429346708188017,-0.5503565594629715,1.580619095740436
mafro,Mafro,NLC,2026,Winter,jng,Verdant,8.85304834848252,76.14879649890591,False,0.8333333333333334,18,8,1.365634612566605,0.9329288743298548,1.644687195493152
hadess,Hadess,LFL2,2024,unknown,jng,Ici Japon Corp. Esport,8.84077133871533,75.92997811816193,False,0.8181818181818182,22,8,-0.7488902620631284,0.0327981552236483,0.0303889281523354
twiizt,Twiizt,PRM,2026,Summer,sup,Unicorns of Love Sexy Edition,8.816434083455269,78.88888888888889,False,0.7368421052631579,19,8,0.0924487984944073,-0.691197628691106,-0.5635662226167053
time,Time,LVP SL,2025,Winter,jng,Veni Vidi Vici,8.784272168864867,75.71115973741794,False,0.55,20,10,1.8019391878787387,1.2962059150146985,0.6236635973911809
leks,Leks,TCL,2026,Spring,top,SU Esports,8.752554716193629,77.728285077951,False,0.56,25,10,-1.1821516507120713,-0.5559254197807617,-0.2280958935809097
lurox,Lurox,PRM,2024,unknown,jng,Unicorns of Love Sexy Edition,8.74817173850893,75.49234135667396,False,0.6666666666666666,21,10,-0.5469018597178092,0.3855587609402701,-0.0989105374901049
ragner,Ragner,TCL,2026,Kickoff,top,Misa Esports,8.745884259790133,77.50556792873051,False,0.9333333333333332,15,9,0.905413824633712,1.0946368820147303,1.1900557792270283
seneca,Seneca,TCL,2026,Spring,sup,SU Esports,8.724155900261488,78.66666666666666,False,0.56,25,10,-0.0892654203827203,-1.0664077988596214,-0.2710794269785639
shiganari,Shiganari,LFL2,2025,Winter,bot,IziDream,8.715818991253327,76.09649122807018,False,0.5416666666666666,24,11,-0.6524439575767259,-0.1541563532719043,0.8722313995058685
woldjo,Woldjo,PRM,2026,Spring,jng,TeamOrangeGaming,8.653362320147037,75.27352297592998,False,0.6086956521739131,23,9,-1.356225840824894,0.0232168748306498,0.6014114307468928
scorth,Scorth,TCL,2026,Summer,bot,PCIFIC Esports,8.640027216121064,75.87719298245614,False,0.6363636363636364,22,11,-0.3163068535451832,0.7415491015751722,0.1090226779779927
umut,Umut,TCL,2024,Winter,mid,Dark Passage,8.603875451318563,76.28635346756153,False,0.5652173913043478,23,9,-0.7075197247040682,-0.2168159506842012,-0.3613377948505771
aetinoth,Aetinoth,LVP SL,2025,Winter,bot,GIANTX iTero,8.603236998984078,75.6578947368421,False,0.55,20,11,0.3117289792880573,0.079201132190662,0.8473663321486883
axelent,Axelent,LFL2,2024,Summer,bot,MHSC Esport,8.5966083920024,75.43859649122807,False,0.7647058823529411,17,6,0.7809634954685002,0.1098235163969584,0.4932500750178381
lens,Lens,TCL,2025,Winter,bot,Misa Esports,8.593316658028424,75.21929824561403,False,0.6666666666666666,21,7,-0.1817783499904392,-0.8434342716870415,0.3573461420835568
patch,Patch,TCL,2025,Winter,sup,BoostGate Esports,8.543928042166032,78.44444444444446,False,0.5714285714285714,21,8,0.095369627951435,-1.7242823154279252,0.7819580473149373
selfmade,Selfmade,LFL,2024,Spring,jng,Vitality.Bee,8.54150208227105,75.054704595186,False,0.5416666666666666,24,10,-0.244234113998415,0.9724418280338784,1.1821023212839668
royalkanin,RoyalKanin,PRM,2026,Summer,mid,Unicorns of Love Sexy Edition,8.536404963136155,76.0626398210291,False,0.7368421052631579,19,9,-0.533056546287054,-0.6554269723564031,-0.5895610919306901
d4nka,D4nKa,NLC,2025,Summer,jng,Verdant,8.521638140369303,74.83588621444201,False,0.7142857142857143,21,8,1.1965265845622093,0.3641342203953764,0.4633223035936303
tracyn,Tracyn,LVP SL,2025,Spring,top,Team Heretics Academy,8.50724531841958,77.28285077951003,True,0.6190476190476191,21,13,0.7426641222521871,1.0994404303252143,1.9014467229023049
marky,Marky,LVP SL,2025,Spring,top,LUA Gaming,8.497871507095025,77.06013363028953,False,0.4210526315789473,19,10,0.8272160282195288,0.8305033338247072,1.1527725691965969
sertuss,Sertuss,LFL,2025,Summer,mid,Ici Japon Corp. Esport,8.490512510419094,75.83892617449665,False,0.5,22,11,-0.1352789050764362,0.054901985638517,-0.5820627907762995
marlon,marlon,LVP SL,2024,Spring,sup,Movistar KOI,8.485451480564368,78.22222222222223,False,0.4782608695652174,23,10,0.8084289042956823,-0.7590369607190656,0.0558246513456498
rabble,Rabble,PRM,2024,Summer,jng,SK Gaming Prime,8.484900661318914,74.61706783369803,False,0.6666666666666666,18,7,1.6407998670350876,1.5538929334483278,1.285047907180008
beplush,Beplush,TCL,2026,Summer,sup,Dark Passage,8.479515198035417,78.0,False,0.5,22,14,0.2141224660624433,0.4165552406152887,0.1808525282807829
baut,Baut,TCL,2025,Spring,sup,BBL Dark Passage,8.471031604440423,77.77777777777779,False,0.5,22,10,0.2583934356939544,1.75933639592858,1.4701605828744633
xkenzuke,xKenzuke,LFL2,2024,Summer,mid,Joblife,8.461223772509523,75.6152125279642,False,0.7222222222222222,18,7,0.7543721673927282,0.9331357731928432,1.0833703064881992
escik,ESCIK,LVP SL,2025,Summer,mid,UCAM Esports,8.439017985917353,75.39149888143176,False,0.6086956521739131,23,9,1.0145748585506935,0.8142860355012865,0.7060492052635841
buchi,Buchi,NLC,2024,Summer,top,DMG Esports,8.438749652914963,76.83741648106904,False,0.5555555555555556,18,7,1.671727894352323,1.0916064768323757,0.6550000262399122
diplex,Diplex,PRM,2024,Spring,mid,SK Gaming Prime,8.43811051433947,75.16778523489933,False,0.7222222222222222,18,8,0.3682669788476072,0.7430756864321987,1.0945080387319974
jool,Jool,TCL,2025,Winter,mid,BoostGate Esports,8.412783683599336,74.9440715883669,False,0.5714285714285714,21,11,-0.3541620584778009,-1.5697185550965072,0.1783312050438879
frost,Frost,LFL2,2025,Summer,jng,Project Conquerors,8.38212042353597,74.39824945295405,False,0.55,20,10,1.5062346281593435,0.6036185108575958,0.0698856860588526
nille,Nille,NLC,2024,Spring,top,NORD Esports,8.371683999712902,76.61469933184856,False,0.5,22,11,0.3945868000690065,0.1393692379480275,0.4899985635517319
patkicaa,PatkicaA,LFL2,2025,Summer,top,IziDream,8.320636959087604,76.39198218262806,False,0.6,25,12,-1.239069265339057,-1.5481305764375113,-0.1145675224288606
howling,Howling,LFL,2024,Spring,top,BK ROG Esports,8.31512474311779,76.16926503340757,False,0.5454545454545454,22,8,-0.4039654869919022,-0.7495249209291576,1.0964391352156824
pomo,Pomo,NLC,2024,unknown,mid,BlueWhites,8.307965761922754,74.72035794183445,False,0.4,25,15,0.3953882403372268,0.6602578591488318,-0.3530387602194351
czekolad,Czekolad,LFL,2026,unknown,mid,Joblife,8.289489362370553,74.49664429530202,False,0.4285714285714285,28,7,-1.187911355210672,0.01145386770061,-0.5496008946421398
rames,RAMES,LFL,2025,Summer,jng,Joblife,8.240640842256605,74.17943107221006,False,0.391304347826087,23,9,-0.1160941209932485,-0.2752407942276024,0.0797420726064398
leny,Leny,LFL,2025,Summer,top,Joblife,8.237106865153793,75.94654788418708,False,0.391304347826087,23,11,0.0391713715251172,-1.3191413116770818,-0.5896066055188584
tockimo,Tockimo,PRM,2025,Spring,sup,E WIE EINFACH E-SPORTS,8.223277325557037,77.55555555555556,False,0.44,25,9,-0.567049395123543,-0.8203447521869532,-0.9927283570752092
lospa,Lospa,LVP SL,2025,Summer,sup,GIANTX iTero,8.219567322233495,77.33333333333333,True,0.8888888888888888,18,8,-0.0025406167387635,-0.8859835187239331,1.3931848737162416
innaxe,Innaxe,NLC,2025,Spring,bot,NORD Esports,8.21715312173095,75.0,False,0.6470588235294118,17,6,1.3708976203121743,-0.815991580412824,0.1727386376205905
pangjin,Pangjin,LFL,2025,Summer,bot,Ici Japon Corp. Esport,8.2136104504004,74.78070175438597,False,0.5,22,10,-0.5379187554518663,-0.1452556410668738,0.4757978556014898
unf0rgiven,UNF0RGIVEN,PRM,2026,Spring,bot,Kaufland Hangry Knights,8.20374387141439,74.56140350877193,False,0.5,22,12,0.1177638908612277,1.6936008642649178,0.6696212809783849
fabfabulous,fabFabulous,TCL,2026,Summer,top,Dark Passage,8.201604024483514,75.7238307349666,False,0.5,22,14,-0.5144905566499888,-0.6929775528596364,-0.9779003265245764
leb,Leb,LVP SL,2024,Spring,jng,Ramboot Club,8.197735422144437,73.96061269146608,False,0.5,18,9,1.3364961183192885,1.589796230800228,1.8977326533249803
steeelback,Steeelback,LFL2,2025,Winter,sup,Team Valiant,8.157922515763943,77.11111111111111,False,0.5789473684210527,19,9,-0.4837088326557959,-1.364523798622789,0.8196434912435163
cimpo,Cimpo,TCL,2026,Summer,bot,SU Esports,8.152779536238718,74.3421052631579,False,0.55,20,11,0.4141787031826639,0.595699113583251,1.0392315846222504
wildenbruch,Wildenbruch,PRM,2026,Summer,sup,E WIE EINFACH E-SPORTS,8.13801453668493,76.88888888888889,False,0.5,24,9,-0.7033767033255016,1.070618574047393,0.4299290321293639
fade,Fade,TCL,2026,Spring,mid,Ozarox Esports,8.13584378609717,74.27293064876957,False,0.5,20,14,0.1115905828887458,0.7490185245882759,-0.184634155069521
czekolad,Czekolad,LFL,2024,Summer,mid,BK ROG Esports,8.122138511162053,74.04921700223713,False,0.5416666666666666,24,8,0.7255293808177025,-0.6071234069999845,0.6076250769155969
lospa,Lospa,LVP SL,2025,Winter,sup,GIANTX iTero,8.107369160910697,76.66666666666667,True,0.55,20,11,-0.4284268221344458,-0.4192509580404894,0.8333887436445857
hungrypanda,HungryPanda,LFL,2026,unknown,sup,Joblife,8.094268151026476,76.44444444444444,False,0.5263157894736842,19,11,-0.3541679930813141,0.0917213441356892,-0.7591734679772353
baus,Baus,NLC,2025,Winter,top,Los Ratones,8.06867435721635,75.50111358574611,True,0.9333333333333332,15,8,0.8355710526057903,2.0438742529905887,1.7131046430757773
exofeng,Exofeng,NLC,2025,Winter,bot,Bulldog Esports,8.055369197687199,74.12280701754386,False,0.5,24,9,0.6503774563476638,-0.7233273224090283,-0.8194603273494326
elramir,Elramir,TCL,2026,Kickoff,jng,Bushido Wildcats,8.048977895575918,73.7417943107221,False,0.631578947368421,19,9,0.1574856961578704,-0.0765172305176812,0.4799185535526174
patkicaa,PatkicaA,LFL2,2024,unknown,top,Ici Japon Corp. Esport,8.038307610271053,75.27839643652561,False,0.8181818181818182,22,6,-0.3283486933899708,-1.2274710498544783,-1.4244204547983603
shelfmade,Shelfmade,PRM,2024,Summer,top,Unicorns of Love Sexy Edition,8.03220726227828,75.05567928730513,False,0.6470588235294118,17,7,0.6756261325070421,0.0184648475006121,0.7941324486501637
osman123,Osman123,TCL,2024,Winter,jng,Beşiktaş Esports,8.023243352734424,73.52297592997812,False,0.6818181818181818,22,6,-0.8603468144925017,-1.2855455267426013,-0.7492389685680197
rekkles,Rekkles,NLC,2025,Winter,sup,Los Ratones,8.000329272954746,76.22222222222223,True,0.9333333333333332,15,9,0.0254052057419831,2.6055497168126065,2.164031806904026
bobista,bobista,NLC,2026,Winter,top,Verdant,7.99192643128466,74.83296213808464,False,0.8333333333333334,18,9,0.6110355480266645,1.648204118264597,1.2349771472744666
naak nako,Naak Nako,LFL,2024,Spring,top,Vitality.Bee,7.989420524387899,74.61024498886414,True,0.5416666666666666,24,10,-0.5745031241700554,0.2561938291528768,-0.091986836534232
rabble,Rabble,PRM,2024,Spring,jng,SK Gaming Prime,7.963255935751117,73.30415754923413,False,0.7222222222222222,18,13,0.9625051955494952,0.8752497970288614,1.1353746592533105
andariel,ANDARIEL,LVP SL,2025,Summer,bot,UCAM Esports,7.948556426730185,73.90350877192982,False,0.6086956521739131,23,9,1.0803930591075157,-0.8776361769589406,-0.366914850358725
toland,TolanD,PRM,2024,unknown,mid,Unicorns of Love Sexy Edition,7.918232431636452,73.8255033557047,False,0.6666666666666666,21,9,-0.4108789489397963,1.628229866635144,0.497094009593342
ersin,Ersin,TCL,2026,Spring,top,Bushido Wildcats,7.910334374643485,74.38752783964365,False,0.4347826086956521,23,10,-1.336344843594506,-0.5971018715725104,-0.6113436739400185
afroboi,Afroboi,PRM,2026,Summer,jng,E WIE EINFACH E-SPORTS,7.885061622923257,73.08533916849015,False,0.5,24,11,-0.3442020785903275,1.1438675458817174,0.9649987464652842
ronaldo,Ronaldo,NLC,2026,Summer,mid,Bulldog Esports,7.8646964721318975,73.60178970917227,False,0.4736842105263157,19,12,0.956418775003122,1.1781789031491714,1.3412279393835955
slt,SLT,NLC,2025,Summer,top,Verdant,7.849493949795475,74.16481069042317,False,0.7142857142857143,21,10,1.012956187214614,0.731691818513015,1.1609439134047812
daglas,Daglas,LVP SL,2025,Summer,jng,Team Heretics Academy,7.845053162731501,72.86652078774617,False,0.5652173913043478,23,9,0.2442395292871705,1.531511375818463,1.2936138933319463
kuroneel,Kuroneel,LFL2,2025,Spring,mid,Project Conquerors,7.8425047408691935,73.37807606263982,False,0.5454545454545454,22,11,0.5118671187521333,0.607959791036832,-0.2685997954295537
prime,Prime,LFL,2025,Summer,sup,Ici Japon Corp. Esport,7.825106319094003,76.0,True,0.5,22,8,-0.0740589642949183,0.1844053515491888,0.0694903869679956
relative,Relative,PRM,2026,Summer,mid,E WIE EINFACH E-SPORTS,7.824297708587411,73.15436241610739,False,0.5,24,10,-1.2274681030464691,1.06002358948114,-0.25427052402339
leon,Leon,LFL2,2025,Spring,sup,Esprit Shōnen,7.808936387853606,75.77777777777777,False,0.7272727272727273,22,9,0.2908234979952137,-0.8001500779456787,-0.1150686858379196
vizicsacsi,Vizicsacsi,NLC,2025,Spring,top,NORD Esports,7.804384881752695,73.94209354120267,False,0.6470588235294118,17,12,0.2977081005544195,0.5116827362698695,1.964911152364773
nille,Nille,LFL2,2025,Winter,top,Team Valiant,7.804124343771733,73.71937639198218,False,0.5789473684210527,19,9,0.3622355642946055,0.5479467546333997,1.133651973603915
simpli,Simpli,PRM,2025,Spring,mid,Unicorns of Love Sexy Edition,7.781993238094283,72.93064876957494,False,0.4545454545454545,22,11,-0.1213185494623672,0.0103077569985585,-0.3577371867046852
hatsu,Hatsu,NLC,2024,unknown,top,UniQ Esports Club,7.777498069613678,73.4966592427617,False,0.5454545454545454,22,11,-0.3793325944434668,1.1845218273154554,-0.9611142612145896
xerxe,Xerxe,LFL,2025,Flash In,jng,Galions,7.749690731736559,72.64770240700219,False,0.625,16,9,0.458773819435435,0.4594060320358432,1.8494315617448216
eika,Eika,LFL,2025,Spring,mid,Gentle Mates,7.656148781661236,72.7069351230425,False,0.4166666666666667,24,11,-1.82962464196104,0.4771948333680504,-1.4524363324324097
frost,Frost,LFL2,2025,Spring,jng,Project Conquerors,7.651221125885124,72.42888402625822,False,0.5454545454545454,22,11,0.3916376114639133,1.2538545091755025,-0.5154797633495007
kibah,kibah,TCL,2024,Winter,sup,FUT Esports,7.650114625333969,75.55555555555556,False,0.4736842105263157,19,10,0.2300669290636199,-1.0434044440707158,-0.8586338313720355
113,113,TCL,2026,Kickoff,jng,Misa Esports,7.635295272166075,72.21006564551422,False,0.9333333333333332,15,7,0.4413881250630491,0.578860140270634,0.1322528148009041
xns,XnS,TCL,2026,Kickoff,jng,SU Esports,7.626894343694065,71.99124726477024,False,0.45,20,16,0.723489777987411,1.2586186564583235,0.9184416576262407
bonnie,Bonnie,TCL,2026,Kickoff,jng,S2G Esports,7.617180693658216,71.77242888402627,False,0.6,20,8,0.3489249591709393,1.0783646168341294,0.591951363491646
noname,NoName,NLC,2025,Winter,jng,Verdant,7.5934887181552755,71.55361050328227,False,0.4736842105263157,19,7,1.0574243036777349,0.4656385399256762,0.988913636611214
xmatty,xMatty,PRM,2024,unknown,bot,Unicorns of Love Sexy Edition,7.579326436797709,73.68421052631578,False,0.6666666666666666,21,7,0.6441876178711389,1.0514372589749688,1.2150951760769224
noz2k,Noz2k,PRM,2025,Winter,bot,E WIE EINFACH E-SPORTS,7.560560052009767,73.46491228070175,False,0.5909090909090909,22,11,-0.2000923411243922,-0.4103487075057421,0.683658531256299
limit,LIMIT,PRM,2025,Summer,sup,Berlin International Gaming,7.5527623036003355,75.33333333333333,False,0.9,10,7,1.3187834344490297,-1.0862515195086322,0.4966282887503969
cboi,Cboi,PRM,2025,Spring,jng,TeamOrangeGaming,7.551485230915588,71.33479212253829,False,0.52,25,11,-1.0639135669697253,0.0563071895737436,0.521475961140283
limit,LIMIT,PRM,2024,Spring,sup,SK Gaming Prime,7.551340190538486,75.1111111111111,False,0.7222222222222222,18,10,0.1582443087459433,0.3001126394120889,1.1025803838104389
lucky,Lucky,PRM,2024,unknown,sup,NNO Prime,7.548021706457394,74.8888888888889,False,0.5,18,10,1.2413138068905272,1.1670456376790912,0.3988371669703432
sinmivak,Sinmivak,LVP SL,2025,Summer,top,UCAM Esports,7.545234666982169,73.2739420935412,False,0.6086956521739131,23,11,-0.1872386980508659,-0.1800733348314727,0.0577550376598043
kamiloo,Kamiloo,LFL2,2024,unknown,mid,IziDream,7.524651902475068,72.48322147651007,True,0.5714285714285714,21,9,0.2228388619989575,0.8815021031700291,0.380483406497042
woolite,Woolite,PRM,2024,Spring,bot,Austrian Force willhaben,7.510428337817151,73.24561403508771,False,0.6666666666666666,18,6,0.6587068541014492,-1.0568234335676872,-0.6663787104004303
empyros,Empyros,LFL,2025,Spring,top,Gentle Mates,7.477653311040541,73.05122494432071,True,0.4166666666666667,24,12,-0.8991280115130484,1.032669701830167,-0.502947176095033
noz2k,Noz2k,PRM,2026,Summer,bot,E WIE EINFACH E-SPORTS,7.470971471260637,73.02631578947368,False,0.4736842105263157,19,9,0.0922434774069813,-0.0891621613578485,-0.0780667693566039
namex,Namex,NLC,2024,Summer,bot,DMG Esports,7.427588183087032,72.80701754385966,False,0.5263157894736842,19,9,-0.5934875653254145,-2.036820457887906,-0.6553134198780441
monkas,monkaS,TCL,2026,Summer,sup,PCIFIC Esports,7.416793512471795,74.66666666666667,False,0.6363636363636364,22,9,-0.5848093063630131,1.0640091496539916,0.4181817487422649
kenal,Kenal,TCL,2026,Kickoff,bot,Bushido Wildcats,7.412465850608766,72.58771929824562,False,0.631578947368421,19,11,0.816562976248406,-0.2598873822869455,0.8464729727617119
cast,Cast,NLC,2025,unknown,jng,Lund Esports Organization,7.37146881028721,71.11597374179432,False,0.7647058823529411,17,6,0.4432414628151836,-0.8262660770227164,1.5037219083230848
hantera,Hantera,LFL,2024,Spring,sup,BK ROG Esports,7.3626586946289345,74.44444444444444,False,0.5454545454545454,22,9,-0.274940184321804,-1.1913835843430625,-0.2175647621972459
twiizt,Twiizt,PRM,2024,Spring,sup,FC Schalke 04 Esports,7.356837178830164,74.22222222222223,False,0.5,18,12,0.3401941746940934,-0.0997078680304405,-0.1123664028557053
avarice,Avarice,LFL2,2025,Summer,bot,Project Conquerors,7.351855169257772,72.36842105263158,False,0.55,20,9,0.7962171010830369,0.1080271625305223,0.0165811340471394
prime,Prime,LFL,2025,Spring,sup,Ici Japon Corp. Esport,7.3389134970705125,74.0,True,0.5263157894736842,19,9,0.2462508854325512,-0.6078898507013253,0.8277946068122083
lilipp,Lilipp,PRM,2025,Winter,sup,Eintracht Spandau,7.3301033912745535,73.77777777777777,False,0.4,10,7,2.6547663678779623,1.8957688011233564,1.6606644077621373
rayito,Rayito,LVP SL,2025,Winter,bot,Veni Vidi Vici,7.318853620649911,72.14912280701753,False,0.55,20,9,0.5522547296259631,0.1151836124003667,-0.4923707271606457
piwek,Piwek,LFL2,2024,unknown,bot,IziDream,7.303950267527245,71.9298245614035,False,0.5714285714285714,21,10,1.2534734695338974,1.0138548699068175,1.7163387570145372
batuuu,Batuuu,TCL,2025,Spring,sup,Misa Esports,7.297381216976229,73.55555555555556,False,0.6363636363636364,22,9,0.5619853416213382,-0.3482904770516203,-0.2389908454427
fornoreason,Fornoreason,PRM,2025,Spring,top,Unicorns of Love Sexy Edition,7.248702502081433,72.82850779510022,False,0.4545454545454545,22,8,-0.6293359701903614,0.6609564045378533,-0.6359327741077413
sacre,Sacre,PRM,2024,Summer,top,FC Schalke 04 Esports,7.215292249767138,72.60579064587974,False,0.6666666666666666,18,10,1.3119938745824735,-0.364356847858284,0.1125378032660883
adi1,adi1,PRM,2024,Spring,jng,Austrian Force willhaben,7.206655069227419,70.89715536105032,False,0.6666666666666666,18,12,0.0652817475618521,0.3883570412079054,0.304666527997204
ferret,Ferret,LVP SL,2025,Winter,jng,GIANTX iTero,7.2056203325902555,70.67833698030634,False,0.55,20,8,-0.3872353416746436,-0.3943378221867868,0.6832998571246147
typhoon,Typhoon,TCL,2025,Summer,jng,ULF Esports,7.18999055255359,70.45951859956236,False,0.5714285714285714,21,14,-0.0766526471109382,0.0888085474416981,-0.2698062325050538
guggu,Guggu,NLC,2026,Spring,sup,Verdant,7.174465643832151,73.33333333333333,False,0.9166666666666666,12,8,1.9338687884231536,0.1305735507007804,1.5457620120945923
noname,NoName,NLC,2026,Spring,jng,Verdant,7.136023842344795,70.24070021881839,False,0.9166666666666666,12,7,1.8356396871092588,1.5792451170347996,1.678996197989858
ronaldo,Ronaldo,NLC,2025,Winter,mid,Verdant,7.111380592373279,72.25950782997764,False,0.4444444444444444,18,10,1.3726450912901638,0.8203558720785395,1.6091965586081178
boukada,Boukada,LFL,2025,Flash In,jng,Karmine Corp Blue,7.069833273244032,70.02188183807439,True,0.7222222222222222,18,10,0.2720408311973007,-0.0705834543179637,0.5228771590219694
markoon,Markoon,LFL,2025,Summer,jng,Solary,7.02468057279515,69.80306345733041,False,0.4545454545454545,22,9,0.1264674573643529,0.2069762986395975,0.9423340360055262
erdote,Erdote,LFL,2025,Spring,sup,Gentle Mates,7.009899003779566,73.11111111111111,False,0.4166666666666667,24,9,-0.392365851955074,-0.39899927760594,-1.0813841819262937
nightslayer,NightSlayer,PRM,2025,Spring,top,Austrian Force willhaben,6.986986744531494,72.38307349665925,False,0.375,24,11,0.4596923616944364,-0.5106415028446469,-0.3357882829740398
lurox,Lurox,PRM,2024,Spring,jng,Unicorns of Love Sexy Edition,6.974072955154685,69.58424507658644,False,0.6666666666666666,18,8,0.5667534977311491,1.7195175011494386,1.095291796788983
egetz,Egetz,NLC,2024,unknown,sup,BlueWhites,6.969723091237919,72.88888888888889,False,0.4,25,11,2.0940555415627533,2.557958302121571,0.9021513460996712
iwanan,iwanan,TCL,2026,Spring,mid,BoostGate Esports,6.965619626156724,72.03579418344519,False,0.3809523809523809,21,13,1.7873286388245335,0.272839457457851,0.2518894911774106
jezu,Jezu,LFL,2025,Flash In,bot,Galions,6.953811566416235,71.71052631578947,False,0.625,16,10,0.2813722197518832,0.0359987824931942,-0.0376104476939563
irrelevant,Irrelevant,PRM,2026,Winter,top,Berlin International Gaming,6.946989417502884,72.16035634743875,False,0.7333333333333333,15,8,2.0170159731381365,-0.1882855187866593,2.006032391599684
escik,ESCIK,PRM,2024,Summer,mid,Austrian Force willhaben,6.900547344942687,71.81208053691275,False,0.6111111111111112,18,7,-0.0963492185163789,-0.1775524718817376,0.049128799685376
tockimo,Tockimo,PRM,2025,Winter,sup,E WIE EINFACH E-SPORTS,6.896915343025459,72.66666666666667,False,0.5909090909090909,22,10,0.265844998352609,-1.251541867659804,-0.2052848584449425
mishi,Mishi,NLC,2026,Spring,bot,Verdant,6.864633969922068,71.49122807017544,False,0.9166666666666666,12,6,1.8804181436529317,0.9643894271549448,1.7545445193229443
mask,Mask,TCL,2025,Summer,mid,Papara SuperMassive,6.844147455687924,71.58836689038031,False,0.4444444444444444,18,8,1.7946798228574017,1.3515965791291242,0.4090776766470667
thomas,Thomas,LVP SL,2025,Summer,sup,Movistar KOI Fénix,6.8427531591396225,72.44444444444444,False,0.5,18,7,0.6107556214594786,-1.7952245343369737,-0.5284124780415296
diplex,Diplex,LFL,2025,Summer,mid,Joblife,6.837946826653808,71.36465324384787,False,0.391304347826087,23,10,-0.7857478582903772,-1.524828371274771,-0.331715139623467
random,Random,LVP SL,2024,Spring,mid,Movistar KOI,6.7844192074124035,71.14093959731544,False,0.4782608695652174,23,11,1.209918365363733,0.8743639693878598,-0.0468207755481214
warszi,Warszi,NLC,2024,Spring,mid,NORD Esports,6.744414529428491,70.917225950783,False,0.5,22,9,-0.0651787166778437,-0.1045659786704314,0.338333016083058
takeset,TakeSet,LFL,2025,Flash In,bot,Solary,6.737532809657047,71.27192982456141,False,0.4761904761904761,21,11,-0.4006323542851544,0.1843241107978477,0.3075516690306453
deadly,Deadly,LFL,2026,unknown,bot,Skillcamp,6.72208134987072,71.05263157894737,False,0.3478260869565217,23,8,0.0060780417711972,0.4707157021502051,0.5620657045646126
vaynedeta,Vaynedeta,PRM,2025,Spring,bot,Austrian Force willhaben,6.719809937903964,70.83333333333334,False,0.375,24,10,1.003969817856963,0.4928339151232406,0.5073728773793219
jnx,JNX,PRM,2026,Summer,top,Eintracht Spandau,6.713550627394536,71.93763919821826,False,0.55,20,13,0.0258748151311695,0.4215251690701179,-0.3423458781245026
shy carry,Shy Carry,LVP SL,2024,Summer,bot,Movistar KOI,6.709304631091893,70.6140350877193,False,0.6086956521739131,23,9,-0.9300644442003356,-0.1442906690080043,-0.501081908496051
zaremba,Zaremba,LFL2,2024,Summer,sup,MHSC Esport,6.702825706968486,72.22222222222221,False,0.7647058823529411,17,5,0.8048006127165874,0.1844056387335699,0.8100185388619396
powerofevil,PowerOfEvil,PRM,2024,Summer,mid,Eintracht Spandau,6.66019713560778,70.69351230425056,False,0.6666666666666666,18,10,0.6242962458140704,1.1222329024679765,1.9389026648394612
kuroneel,Kuroneel,LFL2,2025,Summer,mid,Project Conquerors,6.648097960663548,70.46979865771812,False,0.55,20,12,0.5615738216790407,0.1814042937349443,-0.2548430721348823
fun k3y,Fun K3y,PRM,2024,unknown,bot,Eintracht Spandau,6.629647361873624,70.39473684210526,False,0.6,20,8,0.2816433183060041,0.0880650975541791,0.0587341067205544
patch,Patch,TCL,2025,Summer,sup,Beşiktaş Esports,6.621319471963491,72.0,False,0.6363636363636364,22,8,-0.4630123250368019,1.5231563789695417,0.8054438957001113
kryze,Kryze,LFL,2025,Summer,top,Solary,6.615451720121316,71.71492204899778,False,0.4545454545454545,22,8,0.731854696621918,-0.7933187124735152,0.6126418931506539
highway,Highway,LFL2,2025,Spring,sup,Zerance,6.612371110500488,71.77777777777777,False,0.4210526315789473,19,9,1.1618219071315763,0.2155843274736406,0.2207263898620764
serin,Serin,LFL,2025,Flash In,mid,Galions,6.60832675499585,70.24608501118567,True,0.625,16,11,1.5598884599524407,0.999037268630799,0.2026832373567604
nan0,Nan0,PRM,2025,Spring,mid,Austrian Force willhaben,6.588438614799881,70.02237136465325,False,0.375,24,11,0.3216931393517953,-0.2613590788957658,-1.607627056875276
nille,Nille,NLC,2024,Summer,top,NORD Esports,6.584527434335985,71.49220489977728,False,0.5909090909090909,22,11,-0.3050169749614074,0.4808922505843389,0.4538439059798347
habubu,Habubu,PRM,2026,Winter,jng,Berlin International Gaming,6.578167992396505,69.36542669584244,False,0.7333333333333333,15,8,0.9247629669768812,1.288401671393767,1.7957428977791772
powerofevil,PowerOfEvil,PRM,2026,Winter,mid,Eintracht Spandau,6.545140579750954,69.79865771812081,False,0.5625,16,10,1.7447422850883256,0.919469328862683,1.0314489085214664
jankos,Jankos,NLC,2025,Spring,jng,NORD Esports,6.505069658958322,69.14660831509846,False,0.6470588235294118,17,11,-0.0749390836195453,0.9561749617598668,0.4101512460217072
jopa,Jopa,LFL,2024,Spring,bot,Vitality.Bee,6.45873343567063,70.17543859649122,False,0.5416666666666666,24,11,-0.2192962886412375,-0.1897244887557873,0.5439690836903283
simpli,Simpli,NLC,2026,Summer,mid,Arctic Pandas,6.4587179986008545,69.57494407158836,False,0.5263157894736842,19,12,0.3773055689585664,0.1441604494452297,0.3793247080790128
shelfmade,Shelfmade,PRM,2025,Winter,top,Berlin International Gaming,6.452846649298831,71.26948775055679,False,0.875,16,8,0.2288750312256871,-0.4965174812882369,1.46363183117991
santorin,Santorin,NLC,2025,Winter,jng,NORD Esports,6.426382602277771,68.9277899343545,False,0.55,20,10,0.754857804711482,0.883335151763695,0.5105576873050182
infoneral,Infoneral,PRM,2026,Summer,sup,ROSSMANN Centaurs,6.409944936968039,71.55555555555554,False,0.5454545454545454,22,11,-1.1485518341690268,-0.6098700435138867,-0.3295500828028137
avarice,Avarice,LFL2,2025,Spring,bot,Project Conquerors,6.396368515859082,69.95614035087719,False,0.5454545454545454,22,11,0.4855941300134634,0.0139788011650189,-1.0635281471764393
tracyn,Tracyn,PRM,2024,Summer,top,Austrian Force willhaben,6.372502526272411,71.0467706013363,False,0.6111111111111112,18,9,1.0367318666349723,1.562941487394398,1.472478997190867
maynter,Maynter,LFL,2025,Flash In,top,Karmine Corp Blue,6.368654529084816,70.8240534521158,True,0.7222222222222222,18,8,0.7247451732393553,-0.4522609177467027,0.9746567170740836
seelame,Seelame,LFL2,2024,Summer,bot,Joblife,6.351484140086404,69.73684210526315,False,0.7222222222222222,18,10,-0.7331810837302469,-0.5748107796491297,-0.6143426825637069
sotsy,Sotsy,LVP SL,2024,Summer,top,LUA Gaming,6.33906821076671,70.60133630289532,False,0.3888888888888889,18,12,0.8615580843486664,-0.0736673915571414,-0.4470324094476152
zicssi,Zicssi,LFL,2024,Summer,jng,GameWard,6.305208187879105,68.7089715536105,False,0.4090909090909091,22,7,-0.6487808343804511,0.5307581979355415,0.5716747620379176
lekcyc,Lekcyc,LFL2,2025,Winter,sup,IziDream,6.296236061624698,71.33333333333334,False,0.5416666666666666,24,8,-0.7250382762362478,0.2866169243038742,0.6650530402404079
bolulu,Bolulu,TCL,2024,Summer,mid,FUT Esports,6.295778725045433,69.35123042505593,False,0.5,22,11,-0.1637306781464625,-1.2054264527695713,-0.3387070309130232
samd,SamD,LFL,2025,Flash In,bot,Ici Japon Corp. Esport,6.2936594800095165,69.51754385964912,True,0.5,20,8,1.488795244311212,1.2531976859794305,1.01710032830345
powerofevil,PowerOfEvil,PRM,2024,Spring,mid,Eintracht Spandau,6.2908778090781245,69.12751677852349,False,0.6111111111111112,18,8,1.1809937262633403,0.4133897218111941,0.5443701211460023
peco,Peco,PRM,2024,Summer,bot,FC Schalke 04 Esports,6.283926769739365,69.2982456140351,False,0.6666666666666666,18,7,-0.0273581094879836,0.1793658724892805,0.2673383902596492
xkenzuke,xKenzuke,LFL,2026,unknown,mid,Esprit Shōnen,6.2669168265325075,68.90380313199105,False,0.25,24,14,-0.3596043067167881,-0.5908517955421281,-0.2199072142255453
white,White,PRM,2025,Spring,jng,Unicorns of Love Sexy Edition,6.265129770066899,68.49015317286651,False,0.4545454545454545,22,10,-1.204690776878152,-0.7846715346148896,-0.6510644257811745
dajor,Dajor,PRM,2025,Finals,mid,Berlin International Gaming,6.259848786565031,68.68008948545862,False,0.6666666666666666,9,9,1.4552905025594811,0.2545705043924451,-0.0360640763550443
leb,Leb,PRM,2025,Summer,jng,Berlin International Gaming,6.251912344565698,68.27133479212254,False,0.9,10,7,1.5382193568131624,2.182145559164524,1.3935535946464526
lurox,Lurox,PRM,2024,Summer,jng,Unicorns of Love Sexy Edition,6.217002457494393,68.05251641137856,False,0.6111111111111112,18,9,-0.4663145545521385,1.119971102903812,0.50019831843745
powerofevil,PowerOfEvil,PRM,2024,unknown,mid,Eintracht Spandau,6.21182753863588,68.45637583892618,False,0.6,20,8,0.4858972249753224,0.3683346278736755,1.703399226925184
howling,Howling,LFL,2025,Spring,top,Ici Japon Corp. Esport,6.132507742561806,70.37861915367483,False,0.5263157894736842,19,8,-0.0352135908987496,0.3993635684547895,-0.1475871150101553
fun k3y,Fun K3y,PRM,2026,Summer,bot,Eintracht Spandau,6.1316598112392064,69.07894736842105,False,0.55,20,9,-1.5946428966780373,-0.1965491560848703,0.140157848538743
grave,Grave,TCL,2024,Summer,bot,BoostGate Esports,6.130487977532463,68.85964912280701,False,0.5217391304347826,23,8,0.2063332252640668,-0.3852493652683099,-0.0012335465491956
ecstassy,ECSTASSY,NLC,2024,Summer,bot,NORD Esports,6.11385587480018,68.64035087719299,False,0.5909090909090909,22,8,-0.0866913571965208,0.370434912450653,0.6201240228775582
vizicsacsi,Vizicsacsi,NLC,2025,Winter,top,NORD Esports,6.096956944185487,70.15590200445433,False,0.55,20,10,0.0272929427765178,-0.3513079961613553,-0.3292521445606551
myrtus,Myrtus,LFL,2024,Spring,sup,Solary,6.084835615971659,71.11111111111111,False,0.4444444444444444,18,8,0.4298704208067458,1.3591857380484509,0.9764975423381138
adi1,adi1,PRM,2024,Summer,jng,Austrian Force willhaben,6.070290521113477,67.83369803063457,False,0.6111111111111112,18,9,0.7847462028670282,0.3805589483199094,0.0284166894916046
piwek,Piwek,LFL2,2024,Summer,bot,IziDream,6.0656735141625076,68.42105263157895,False,0.5294117647058824,17,9,1.2477493083990905,1.0870387862827098,1.1222170374522529
dionelux,Dionelux,TCL,2026,Spring,top,BoostGate Esports,6.064442168833306,69.93318485523386,False,0.3809523809523809,21,12,0.3543605534319151,0.316820728122656,0.4823872020843135
sertuss,Sertuss,LFL,2025,Spring,mid,Ici Japon Corp. Esport,6.055639496462746,68.23266219239373,False,0.5263157894736842,19,9,-0.1660459846146641,0.4478748231008182,0.7763626539835808
scuffed,Scuffed,NLC,2026,Summer,mid,Deer Gaming,6.040434004607974,68.0089485458613,False,0.6111111111111112,18,12,-0.1213925945937694,-0.2830722933508883,-1.2667492129964764
jezu,Jezu,LFL,2024,Spring,bot,Team GO,6.035744292326582,68.2017543859649,False,0.4285714285714285,21,10,0.9110956699759132,0.6712738907958111,0.2308082238751371
seaz,seaz,PRM,2026,Summer,sup,Eintracht Spandau,6.033550260387418,70.88888888888889,False,0.55,20,7,-0.8221961098028634,-0.3435403248490956,-0.0510356225606571
fredspaghet,FredSpaghet,NLC,2026,Spring,sup,Ruddy Corporation,6.024213670132045,70.66666666666667,False,0.5,20,11,0.0497247372097857,-0.6608971439647916,0.5954272395520237
lucky,Lucky,PRM,2025,Spring,sup,CGN Esports,6.010706276749158,70.44444444444444,False,0.6666666666666666,21,12,-0.2453598219830578,0.9616535944623092,-0.6387075021492101
decay,Decay,LFL,2024,Spring,mid,Solary,6.008388308194182,67.78523489932886,False,0.4444444444444444,18,8,0.7301136404200402,1.555652941992045,0.4859147899047764
shy carry,Shy Carry,LVP SL,2024,Spring,bot,Movistar KOI,6.004892230245402,67.98245614035088,False,0.4782608695652174,23,7,0.1149447600441505,-0.9949241313496504,0.4356172759669022
nille,Nille,NLC,2026,Winter,top,Arctic Pandas,6.001560768186353,69.71046770601336,False,0.7333333333333333,15,10,1.592383675722134,0.1727967387966887,0.8004982233654853
ibo,iBo,LVP SL,2024,Spring,top,Ramboot Club,5.989568395428002,69.48775055679288,False,0.5,18,9,-0.1231107180781453,0.2486288246913665,1.9063479719455887
tracyn,Tracyn,LVP SL,2025,Summer,top,Team Heretics Academy,5.985191955028598,69.26503340757239,True,0.5652173913043478,23,7,0.4617245468001415,1.5310099546177331,1.203309038998878
kofte,Kofte,TCL,2026,Kickoff,mid,S2G Esports,5.975807033544835,67.56152125279642,False,0.6,20,11,-0.6946497461713415,-1.3588806855397988,0.5629603349160724
velja,Velja,NLC,2025,Summer,jng,Los Ratones,5.9751943316543805,67.6148796498906,True,0.9285714285714286,14,7,0.6066694569823329,1.8169755037678883,0.6181452183386477
fade,Fade,TCL,2024,Summer,mid,BoostGate Esports,5.973082111735918,67.33780760626398,False,0.5217391304347826,23,8,-1.088064315877523,0.4928283542884498,-0.6711238618316697
saintsamson,SaintSamson,NLC,2024,unknown,top,Garden Gaming,5.971243182382173,69.04231625835189,False,0.5,16,11,1.72300000434338,0.0053823326379406,0.5638539478244164
dndn,DnDn,TCL,2026,Kickoff,top,S2G Esports,5.9604140957218466,68.8195991091314,False,0.6,20,8,-0.1276639369028668,1.3740763869963906,0.7358789172291789
miniduke,Miniduke,LVP SL,2025,Winter,mid,Veni Vidi Vici,5.957368577008428,67.11409395973155,False,0.55,20,10,-1.2849622099333566,0.2885364676945987,-0.490759567811621
bonnie,Bonnie,TCL,2025,Spring,jng,BBL Dark Passage,5.950371134112805,67.39606126914661,False,0.5,22,11,-0.4235627773979074,1.5151677823604497,1.053884040832482
abbedagge,Abbedagge,PRM,2026,Summer,mid,Kaufland Hangry Knights,5.944778531400341,66.8903803131991,False,0.45,20,10,-0.5090577320849033,-0.3388343330877325,-0.8011207169805603
sparz,Sparz,TCL,2024,Winter,sup,Dark Passage,5.94091103476053,70.22222222222221,False,0.5652173913043478,23,10,-1.327544752009159,-0.884955395374794,-0.543917757254797
toland,TolanD,PRM,2024,Summer,mid,Unicorns of Love Sexy Edition,5.93920383267907,66.66666666666666,False,0.6111111111111112,18,7,-0.5647333570581534,1.7868944590562414,-0.1447259947410356
boltox,Boltox,NLC,2026,Summer,sup,Arctic Pandas,5.9368021306340095,70.0,False,0.5263157894736842,19,13,-0.6372074338315014,1.349590706024386,0.7379721706462041
zwyroo,Zwyroo,NLC,2025,Summer,mid,NORD Esports,5.902945652562837,66.44295302013423,False,0.625,16,9,1.1121425293427172,0.3030655259836711,1.2199650200396417
nille,Nille,NLC,2026,Summer,top,Arctic Pandas,5.898046083198346,68.59688195991092,False,0.5263157894736842,19,12,-0.4928965099068755,1.3744873379186853,0.94996427927936
sencux,Sencux,NLC,2025,Summer,mid,Verdant,5.894172385994885,66.2192393736018,False,0.7142857142857143,21,11,0.0593529570255052,0.9400745585570354,0.5503944718483867
sn1lle,Sn1lle,LVP SL,2024,Summer,jng,LUA Gaming,5.8789226797454095,67.17724288840262,False,0.4117647058823529,17,11,1.3168196079724506,0.0616223037559627,-1.3740610674004046
baus,Baus,NLC,2025,Summer,top,Los Ratones,5.869292597502399,68.37416481069042,True,0.9285714285714286,14,7,0.3709019398370132,1.709248018769031,0.2069595062874484
scorth,Scorth,TCL,2024,Summer,bot,FUT Esports,5.869002177226525,67.76315789473685,False,0.5,22,9,0.5424162486458045,-0.1174246265355571,-0.2468360874866277
lulas,Lulas,NLC,2025,Winter,jng,Bulldog Esports,5.86070414050799,66.95842450765865,False,0.5,24,9,-0.8675340095916358,-1.629145435115628,-1.651527387706378
boda,Boda,PRM,2026,Summer,top,Kaufland Hangry Knights,5.854674906918573,68.15144766146993,False,0.45,20,14,0.6073899020544006,0.3945009731221631,-0.2217399933387215
diplex,Diplex,PRM,2024,Summer,mid,SK Gaming Prime,5.8494282283902885,65.99552572706935,False,0.6666666666666666,18,9,-0.6063905323283512,0.568743680881731,0.4996239303743837
sacre,Sacre,PRM,2025,Spring,top,Eintracht Frankfurt,5.846574429618604,67.92873051224944,False,0.2857142857142857,21,11,1.0492121541829975,1.6666974948712527,0.7476701757059069
badlulu,Badlulu,LVP SL,2025,Winter,top,GIANTX iTero,5.827792794626051,67.70601336302894,False,0.55,20,8,0.393400188727783,0.3877820474900046,0.7135081388874539
kio,Kio,LFL2,2024,Summer,top,MHSC Esport,5.808973405526208,67.48329621380846,False,0.7647058823529411,17,10,-0.6902702655312869,0.5001916321185798,-0.0288322629700596
nemesis,Nemesis,NLC,2025,Summer,mid,Los Ratones,5.806596695803892,65.77181208053692,True,0.9285714285714286,14,6,0.6044437407088198,1.3661478300989194,1.2328523067815818
nikiyas,Nikiyas,NLC,2026,Summer,bot,Bulldog Esports,5.7949398745079135,67.54385964912281,False,0.4736842105263157,19,11,0.0080918510570165,-0.9914748045700816,-0.0499170930626381
bewbiou,BewBiou,LFL2,2024,Summer,top,Project Conquerors,5.794625400032507,67.26057906458797,False,0.4444444444444444,18,9,0.1795731774492355,0.4869785370938365,0.2816953536414099
scorth,Scorth,TCL,2026,Kickoff,bot,S2G Esports,5.792602708755556,67.32456140350878,False,0.6,20,9,0.3164012169229763,1.3403594506815657,0.4867070489479405
shlatan,Shlatan,PRM,2024,Summer,jng,NNO Prime,5.7682519363356555,66.73960612691467,False,0.4444444444444444,18,10,1.099111800075332,0.3683879286086719,1.374657354156375
markoon,Markoon,LFL,2025,Spring,jng,Solary,5.764151501999241,66.52078774617067,False,0.5263157894736842,19,9,0.2945215228100475,0.2195890794710178,0.444488080778443
theocacs,Theocacs,LFL,2025,Flash In,jng,Ici Japon Corp. Esport,5.754176444256694,66.3019693654267,False,0.5,20,11,-0.3796382092887572,-1.1213682309670574,-0.4141300618587993
xmatty,xMatty,PRM,2024,Summer,bot,Unicorns of Love Sexy Edition,5.712546788424404,67.10526315789474,False,0.6111111111111112,18,7,0.6286914448321728,1.0719225548273832,0.4773476795509022
kaiser,Kaiser,PRM,2026,Winter,sup,Berlin International Gaming,5.703763178436914,69.77777777777779,False,0.7333333333333333,15,9,0.5521807596874305,-0.7107503575136944,0.2975264217440536
lospa,Lospa,LVP SL,2025,Spring,sup,GIANTX iTero,5.691080673740706,69.55555555555556,True,0.75,20,8,-1.3461831850785717,-0.6667234387884318,0.1936311324293415
bean,Bean,PRM,2025,Winter,bot,Berlin International Gaming,5.688446590499209,66.8859649122807,False,0.875,16,10,-0.2430785140531417,1.3563801083467282,0.6887952984355628
relative,Relative,PRM,2025,Winter,mid,E WIE EINFACH E-SPORTS,5.676749004013701,65.54809843400447,False,0.5909090909090909,22,12,-0.683629587580254,0.1447277261637121,-0.3257112887758972
reptile,Reptile,PRM,2025,Spring,bot,CGN Esports,5.655213659933899,66.66666666666666,False,0.6666666666666666,21,12,-1.00564153088562,0.0096759290057793,-1.0285687384582802
alix,alix,TCL,2026,Kickoff,mid,Bushido Wildcats,5.636984374519121,65.32438478747203,False,0.631578947368421,19,9,1.1381769252805871,-0.3132470135566593,1.0461944484762224
mood,Mood,NLC,2026,Summer,sup,Deer Gaming,5.612798853742723,69.33333333333334,False,0.6111111111111112,18,11,0.3029992244862736,-0.3895001977694767,0.8424068165809467
hungrypanda,HungryPanda,PRM,2025,Spring,sup,Austrian Force willhaben,5.611595434411392,69.11111111111111,False,0.375,24,9,-0.3871732358824483,-0.2765133467106466,-0.3775505996313146
koldo,Koldo,LVP SL,2024,Spring,jng,UCAM Esports,5.597174137260534,66.08315098468272,False,0.5,22,11,-0.7968445111103751,-0.8868112705400143,0.1429937471696503
kasing,Kasing,NLC,2026,Summer,sup,Bulldog Esports,5.591998163955275,68.88888888888889,False,0.4736842105263157,19,10,0.263301914290768,1.1924718733388568,0.3374782447758253
roshan,Roshan,NLC,2024,Spring,jng,NORD Esports,5.584162135118851,65.86433260393873,False,0.5,22,9,-0.7644272022131664,-0.1391278460965851,0.2626734009097191
hydra,Hydra,LFL2,2024,Summer,mid,MHSC Esport,5.573808107891868,65.1006711409396,False,0.7647058823529411,17,6,-0.8478722306434467,-1.10207314719362,-0.1573503021626104
powerofevil,PowerOfEvil,PRM,2025,Spring,mid,Eintracht Spandau,5.547041437553648,64.87695749440716,False,0.3809523809523809,21,10,0.2619695179703825,1.1286997593888282,0.3312293172366817
noname,NoName,LVP SL,2024,Spring,jng,Movistar KOI,5.544774069108752,65.64551422319475,False,0.4782608695652174,23,11,-0.6914282601799144,-1.32927372897969,-0.9800024327789684
shawi,Shawi,NLC,2024,Spring,sup,Nativz,5.530771124737841,68.66666666666667,False,0.4285714285714285,14,10,2.1139630218124785,-0.6703042495293062,0.0434320087843043
yeti,Yeti,TCL,2025,Spring,top,BBL Dark Passage,5.527093210101917,67.03786191536749,False,0.5,22,9,-1.7270856096916876,-0.8719770095543162,-1.4710680861536214
passzi,Passzi,NLC,2024,Spring,sup,Venomcrest Esports,5.520749379132735,68.44444444444444,False,0.4705882352941176,17,10,0.1776165727676988,-0.3419620484569464,-0.0099630194914199
tockimo,Tockimo,PRM,2026,Winter,sup,G2 NORD,5.507591801991557,68.22222222222221,False,0.6,15,12,0.5098192527621814,-1.212274922123976,-0.1712389748566397
toland,TolanD,PRM,2024,Spring,mid,Unicorns of Love Sexy Edition,5.487730113350118,64.65324384787472,False,0.6666666666666666,18,9,0.4530141859740059,0.7656475993458081,0.9089772532455572
dionelux,Dionelux,LFL2,2025,Summer,top,Project Conquerors,5.461687075735962,66.815144766147,False,0.55,20,8,-0.4083748385209796,-0.7603303101986042,-0.4214632327579504
honor,HONOR,LFL,2025,Summer,sup,GameWard,5.447506947147126,68.0,False,0.217391304347826,23,9,1.502473826448553,0.4440449527879195,-0.2104057768858228
furuy,Furuy,NLC,2026,Winter,mid,Verdant,5.426067934283564,64.42953020134227,False,0.8333333333333334,18,9,0.4430777976125101,0.2053358857348869,1.1080866939792289
sn1lle,Sn1lle,LVP SL,2025,Spring,jng,LUA Gaming,5.423410005088427,65.42669584245077,False,0.4210526315789473,19,10,0.047759459076555,-0.7959925730206078,-0.2227256821783493
mercy9,Mercy9,LVP SL,2025,Summer,mid,Team Heretics Academy,5.396407589730314,64.20581655480984,False,0.5652173913043478,23,11,-1.1872369743552995,-0.1090962144532652,-0.0031223538949668
nafkelah,Nafkelah,LFL2,2025,Winter,mid,Team Valiant,5.379472109001945,63.982102908277405,False,0.5789473684210527,19,8,0.7014402238871296,-0.6470583163959528,0.9132542662102282
aytekn,Aytekn,TCL,2024,Summer,top,BoostGate Esports,5.361358556430287,66.59242761692651,False,0.5217391304347826,23,9,-0.779859111757518,-1.4023339807282098,-1.0928306625473074
rhuckz,Rhuckz,LVP SL,2024,Summer,sup,Movistar KOI,5.357870242497411,67.77777777777779,False,0.6086956521739131,23,7,-0.24513674042557,-0.0950112315023141,-0.0170300920361129
tore,Tore,NLC,2025,Summer,sup,Verdant,5.352460101021252,67.55555555555556,False,0.7142857142857143,21,9,-0.1345957600094871,0.8626315745355989,1.09471808708466
dice,DICE,TCL,2024,Winter,mid,Misa Esports,5.339780795203778,63.758389261744966,False,0.3888888888888889,18,7,0.5168535579699536,0.4205866815775493,-0.0313321689214852
ibo,iBo,LVP SL,2025,Winter,top,Ramboot Club,5.338966680476832,66.36971046770601,False,0.5333333333333333,15,8,1.7535596759436196,0.8483562695245082,0.5294420733485732
crownie,Crownie,NLC,2025,Summer,bot,Los Ratones,5.329759180999024,66.44736842105263,True,0.9230769230769232,13,8,0.86347414861514,1.8133418969240327,1.0937476828768775
armut,Armut,TCL,2025,Summer,top,Papara SuperMassive,5.325542312592732,66.14699331848553,False,0.4444444444444444,18,11,0.6608888949893194,0.105912989286107,0.5882023026261182
serin,Serin,PRM,2024,unknown,mid,NNO Prime,5.324911854427281,63.534675615212535,True,0.5,18,7,0.4369251956092291,0.9502998693909652,-0.3499006512866602
kkt,KKT,LFL2,2024,Summer,jng,Joblife,5.311868120840088,65.20787746170679,False,0.7222222222222222,18,10,-0.5490520249944202,-0.670531172235941,-0.2807454895256445
cboi,Cboi,PRM,2024,Summer,jng,FC Schalke 04 Esports,5.297873927490185,64.98905908096279,False,0.6666666666666666,18,8,-1.1958910315330695,0.149650180701332,0.2781929317842887
mirbs,Mirbs,NLC,2024,Spring,bot,NORD Esports,5.291578121073007,66.22807017543859,False,0.5,22,9,-0.1931181651675201,0.7450012430791036,0.2763460841101177
ivory,Ivory,TCL,2025,Summer,mid,Beşiktaş Esports,5.2909724717453885,63.31096196868009,False,0.65,20,10,-0.6263752945312325,0.5225006893570868,0.219380100493932
grave,Grave,TCL,2026,Spring,bot,Ozarox Esports,5.2908069719718025,66.00877192982456,False,0.5,20,11,0.1953909621498586,0.3990877618399789,0.2231765917485608
zicssi,Zicssi,LFL,2024,Spring,jng,GameWard,5.275053689131167,64.77024070021882,False,0.3888888888888889,18,9,0.4114002270161179,1.1822880005234575,0.5567283039045177
warner,Warner,LFL2,2025,unknown,mid,Kaeru Gyuangu,5.264275833075953,63.08724832214765,False,0.4666666666666667,15,13,0.8644302871302841,-0.7706115779808591,-0.7660306071734097
kryze,Kryze,LFL,2025,Spring,top,Solary,5.252479823277185,65.92427616926503,False,0.5263157894736842,19,8,0.6141167368582318,0.6083286583602445,0.635943992632179
don ponk,Don Ponk,NLC,2025,unknown,sup,Lund Esports Organization,5.233467424527429,67.33333333333333,False,0.7647058823529411,17,8,0.277559059824587,-1.3867243765673627,-1.282743583239933
decay,Decay,LFL,2025,Flash In,mid,Solary,5.227570769255024,62.86353467561522,False,0.4761904761904761,21,11,-0.5597601196379383,-0.5039733221878069,0.7738469050165402
piero,Piero,PRM,2024,Summer,sup,Unicorns of Love Sexy Edition,5.219924877955573,67.11111111111111,False,0.6111111111111112,18,7,-0.5677445497463495,-0.7449506222475608,-0.0370547024596962
escik,ESCIK,PRM,2024,Spring,mid,Austrian Force willhaben,5.20918928543075,62.639821029082775,False,0.6666666666666666,18,8,-0.5865399613392794,0.3080247377027382,0.7025725377858092
kofte,Kofte,TCL,2025,Spring,mid,BBL Dark Passage,5.1962354753937445,62.41610738255034,False,0.5,22,11,-0.9893629227550036,-0.0015365764856923,0.0894869937330578
dionelux,Dionelux,LFL2,2025,Spring,top,Project Conquerors,5.18407357353317,65.70155902004454,False,0.5,20,10,-0.255535145197907,-1.3842302993821498,-1.1834377433807632
abagnale,Abagnale,LFL2,2025,Summer,sup,Project Conquerors,5.1378052180881175,66.88888888888889,False,0.55,20,7,0.0961392150207371,0.5542909733463223,1.716440815156414
kamiloo,Kamiloo,LFL2,2024,Summer,mid,IziDream,5.131744583500644,62.19239373601789,True,0.5294117647058824,17,10,0.8764552591115349,1.15762280876684,0.877689063529249
noodle,Noodle,NLC,2025,Spring,jng,Verdant,5.113758121845356,64.55142231947484,False,0.5882352941176471,17,7,0.7857878442235096,-0.339683171699726,1.8111035273273528
woolite,Woolite,PRM,2024,Summer,bot,Austrian Force willhaben,5.09185370708025,65.78947368421053,False,0.6111111111111112,18,9,-0.5850426943117895,0.0932558875815991,-0.5275698671761088
lekcyc,Lekcyc,TCL,2026,Kickoff,sup,Bushido Wildcats,5.082460839814009,66.66666666666666,False,0.631578947368421,19,8,-0.6503613050904397,-0.2509471446283125,-0.8018902738223959
bolulu,Bolulu,TCL,2024,Winter,mid,FUT Esports,5.064666417652641,61.96868008948546,False,0.4736842105263157,19,9,-0.2651435717558951,-0.3080166641779306,-0.4422987051761565
krimson,Krimson,LFL2,2025,Spring,jng,Zerance,5.053117566404312,64.33260393873084,False,0.4210526315789473,19,12,0.4041482669886091,0.8063756432785619,-0.0030057289267148
myrtus,Myrtus,LFL,2025,Summer,sup,Team BDS Academy,5.038592650021469,66.44444444444444,False,0.35,20,7,1.3114440859003125,1.491963769465189,-1.0823646168185244
starscreen,StarScreen,TCL,2026,Spring,top,Ozarox Esports,5.027685309293068,65.47884187082406,False,0.5,20,10,-0.4766725890227692,0.0718253858896613,0.277985632784537
serin,Serin,PRM,2024,Summer,mid,NNO Prime,5.0182646861360025,61.74496644295302,False,0.4444444444444444,18,8,1.7648507736548436,-0.2129866592766106,0.7227431722668135
cape,Cape,TCL,2026,Spring,jng,Ozarox Esports,5.01819811865288,64.11378555798687,False,0.5,20,10,-0.4682408363872264,-0.5485847107969103,-0.7967072981317957
hantera,Hantera,LFL,2024,Summer,sup,BK ROG Esports,5.017310251007514,66.22222222222223,False,0.5416666666666666,24,7,-0.4838120776405017,-0.9226427116737348,-0.9609753216267244
lot,Lot,LFL,2024,Spring,top,Team GO,4.984033304690063,65.25612472160356,True,0.4285714285714285,21,10,0.9215990783418324,0.2267391978500577,0.4383066093550127
kehvo,kehvo,NLC,2026,Summer,bot,Arctic Pandas,4.980675178694129,65.5701754385965,False,0.5263157894736842,19,10,-0.0806844567026672,-0.6570938407483773,-0.0395388407996111
dibu,dibu,NLC,2026,Summer,jng,Arctic Pandas,4.973368786446359,63.89496717724289,False,0.5263157894736842,19,10,0.1780248749426973,0.7371754875083288,0.8766777822149661
shelfmade,Shelfmade,PRM,2024,unknown,top,Unicorns of Love Sexy Edition,4.973334272613073,65.03340757238307,False,0.75,16,8,-0.7501948960455953,0.5186798301610784,-1.6451275127776095
zanzarah,Zanzarah,PRM,2024,Spring,jng,Eintracht Spandau,4.959814071992449,63.67614879649891,False,0.6111111111111112,18,8,-0.8264142987747493,-0.9206850883081829,0.0358539366079992
hazel,Hazel,LVP SL,2024,Summer,bot,LUA Gaming,4.945322621041803,65.35087719298247,True,0.3888888888888889,18,9,0.7645454233428759,-1.8367286931393365,-1.605222054250972
takeset,TakeSet,LFL,2025,Spring,bot,Solary,4.9273756068153025,65.13157894736842,False,0.5263157894736842,19,7,0.143391112727342,-0.2789398413930873,-0.2044259005537533
pride,Pride,PRM,2025,Spring,top,Eintracht Spandau,4.922575890238563,64.81069042316258,False,0.3809523809523809,21,11,-0.7892996290573825,-0.067705074081998,0.1162988970269996
xagog,Xagog,PRM,2026,Winter,jng,Eintracht Spandau,4.917329562122294,63.45733041575492,False,0.5625,16,9,1.3997385314064323,-0.6756966839897517,-0.5147339082139096
baca,Baca,LVP SL,2024,Spring,mid,UCAM Esports,4.9005020475475884,61.521252796420576,False,0.5,22,9,-0.2509571126314173,-0.4173503943509632,0.7149600561117465
carry,Carry,TCL,2025,Summer,sup,Papara SuperMassive,4.896530427201657,66.0,False,0.4444444444444444,18,8,0.8331506468012942,1.4489406855971023,0.9018129578650194
zanzarah,Zanzarah,PRM,2024,Summer,jng,Eintracht Spandau,4.8906264286663745,63.23851203501094,False,0.6666666666666666,18,7,-1.0469266321449624,-1.286405256029696,-0.5311983433373824
matias,Matias,LFL,2024,Spring,bot,GameWard,4.854284945496944,64.91228070175438,False,0.3888888888888889,18,10,0.064306997527922,-1.036847250847169,-0.4357385611336394
romeo,Romeo,NLC,2024,Summer,sup,NORD Esports,4.844222291454114,65.77777777777779,False,0.5909090909090909,22,3,-1.484676525239991,-0.3921501700306576,-0.8155330132715346
marlon,marlon,NLC,2025,Spring,sup,Ruddy Corporation,4.84059655365173,65.55555555555556,False,0.4444444444444444,18,10,0.5049263154776209,-0.6454839077770075,-0.3856096343843391
fornoreason,Fornoreason,PRM,2026,Winter,top,Unicorns of Love Sexy Edition,4.83796614359411,64.58797327394208,False,0.6,15,9,0.6327649424075313,0.2754581597184938,-0.0785277857504852
neon,Neon,PRM,2024,Summer,bot,SK Gaming Prime,4.826940267611157,64.69298245614034,False,0.6666666666666666,18,9,0.1323224313246507,0.7883280568551335,1.2765200849925735
toffe,Toffe,LFL,2025,Summer,mid,Team BDS Academy,4.821795953214523,61.297539149888145,False,0.35,20,11,1.160636952011768,-0.3487287388746945,-0.4795298407482567
kasing,Kasing,NLC,2025,Winter,sup,Bulldog Esports,4.796304101751632,65.33333333333333,False,0.5,24,13,-0.38684764914049,0.2675025034582056,-0.2812368530180439
nawa,Nawa,TCL,2025,Spring,bot,BBL Dark Passage,4.796281260231548,64.47368421052632,False,0.5,22,9,-0.3106140630873658,-0.7606595625619147,0.3143856598842458
reeker,Reeker,PRM,2026,Winter,mid,Berlin International Gaming,4.78288418158632,61.07382550335571,False,0.7333333333333333,15,12,0.7403295313669387,-0.8227654088992382,0.978714731342266
sajator,SAJATOR,LVP SL,2025,Spring,mid,Team Heretics Academy,4.776654949947421,60.85011185682326,False,0.6190476190476191,21,10,-1.2977675081996207,0.4716644468019719,0.6478667289023932
dajor,Dajor,PRM,2025,Summer,mid,Berlin International Gaming,4.770857648125522,60.62639821029083,False,0.9,10,8,0.6096194994038812,0.4206832284533588,1.561158355124389
aetinoth,Aetinoth,LVP SL,2024,Summer,bot,GIANTX iTero,4.751828882187197,64.25438596491229,False,0.4285714285714285,21,10,-0.059868727492861,0.0820308542518661,-0.0450729259508498
simpli,Simpli,NLC,2026,Winter,mid,Arctic Pandas,4.749114560972323,60.40268456375839,False,0.7333333333333333,15,10,1.5740554403402052,0.3348827446004406,1.1097496747532536
rhilech,Rhilech,LFL,2025,Flash In,jng,BK ROG Esports,4.734453225390515,63.01969365426696,True,0.5833333333333334,12,9,1.5383896854505956,0.3277747958312678,-0.4180944013700112
twiizt,Twiizt,LFL,2025,Summer,sup,Joblife,4.724684691697522,65.11111111111111,False,0.391304347826087,23,10,-1.2325420143290169,-0.7474515777540861,-1.0316804148005108
xagog,Xagog,PRM,2025,Finals,jng,ROSSMANN Centaurs,4.711731730321454,62.80087527352297,False,0.6153846153846154,13,10,1.0263523735027975,0.9262592402799148,-0.4753833475788708
xmatty,xMatty,NLC,2025,Winter,bot,NORD Esports,4.706890520648689,64.03508771929825,False,0.55,20,8,-0.3900486964215365,-0.5352363042685574,0.7531440695980042
vertigo,Vertigo,PRM,2024,Spring,top,Eintracht Spandau,4.691218346132825,64.3652561247216,False,0.6111111111111112,18,9,0.0191741563792579,1.0505739355551569,0.251931407191801
fgg,FGG,LVP SL,2024,Spring,sup,ZETA,4.685802745893121,64.88888888888889,False,0.1666666666666666,18,10,1.5165823406867542,-0.4540039653462994,0.7874295775833459
theocacs,Theocacs,LFL,2025,Spring,jng,Ici Japon Corp. Esport,4.660010110623571,62.58205689277899,False,0.5263157894736842,19,9,-0.5818370722630356,-1.4237489105194856,-1.3732855391266785
seaz,seaz,LVP SL,2024,Summer,sup,GIANTX iTero,4.649314939860517,64.66666666666666,False,0.4285714285714285,21,6,-0.0482675321152934,-0.2467057997176248,-0.2540855843185925
mishi,Mishi,LFL,2025,Summer,bot,Team BDS Academy,4.646838638001862,63.81578947368421,False,0.35,20,9,-0.6263836065736883,-1.2765221833195022,-1.29506707786432
vizicsacsi,Vizicsacsi,PRM,2024,Summer,top,Berlin International Gaming,4.644239750988205,64.14253897550111,False,0.4444444444444444,18,10,0.8166349469616447,-1.1473466853308798,-0.8182267143362096
duall,DuaLL,LVP SL,2024,Summer,sup,LUA Gaming,4.613958359721604,64.44444444444444,False,0.3888888888888889,18,10,2.484485232878037,2.3107889548014864,0.9467702508113937
broeki,Broeki,PRM,2025,Spring,bot,Eintracht Spandau,4.598781931016884,63.59649122807017,False,0.3809523809523809,21,8,-1.5049232259580143,-1.5799537854379135,-1.427037492521025
goliath,Goliath,LVP SL,2025,Summer,sup,Ramboot Club,4.598220127327209,64.22222222222223,False,0.5,14,8,1.3778039457427724,0.0089463330790503,1.3936422275049396
vertigo,Vertigo,PRM,2024,Summer,top,Eintracht Spandau,4.591635264462581,63.91982182628062,False,0.6666666666666666,18,10,-0.1805910860174195,0.2268087388200015,-0.2437317412157859
leny,Leny,NLC,2024,Spring,top,Venomcrest Esports,4.58865594706214,63.69710467706013,False,0.4705882352941176,17,8,0.8604332105297137,-0.3135170255504446,1.5894986042472925
carry,Carry,TCL,2026,Kickoff,sup,SU Esports,4.566802692090245,64.0,False,0.45,20,10,0.8086356198941885,1.0244431040045276,-0.0559391728414712
six10,Six10,LFL,2024,Spring,mid,Team GO,4.566614204438977,60.178970917225946,False,0.4285714285714285,21,11,-1.4871150898663237,0.9488069029451538,0.0912865787112341
matias,Matias,LFL,2024,Summer,bot,GameWard,4.5614730893784525,63.377192982456144,False,0.4090909090909091,22,6,-0.1251364051553499,0.1058070547190419,0.0519708572258753
warner,Warner,TCL,2026,Spring,mid,Bushido Wildcats,4.542578045135974,59.95525727069351,False,0.4,15,11,0.8750069237910444,-0.1585975226311184,-0.0339360729340338
virgo,Virgo,TCL,2026,Spring,sup,Bushido Wildcats,4.538244953017288,63.77777777777778,False,0.4347826086956521,23,10,-1.409483618223069,-0.0954806751500585,-0.3069373140707248
virtuso,Virtuso,NLC,2026,Summer,top,Deer Gaming,4.535867840971371,63.474387527839646,False,0.6111111111111112,18,12,-0.1216540867779014,0.53465279624548,-0.1320467377295709
zoelys,Zoelys,LFL,2025,Flash In,sup,Galions,4.497877388868977,63.55555555555556,False,0.625,16,7,-0.2723245703840433,1.274417979977002,0.6966192630507619
hazel,Hazel,LFL2,2025,Winter,bot,Karmine Corp Blue Stars,4.495386210483312,63.1578947368421,True,0.5,14,8,0.7274404603454208,1.633368726160172,0.2201701035903943
justcan,justcan,NLC,2024,Spring,sup,Ruddy Corporation,4.491566671685483,63.33333333333333,False,0.6666666666666666,18,5,-1.0478238035004723,0.3178556003219744,0.5375668301730006
vertigo,Vertigo,PRM,2024,unknown,top,Eintracht Spandau,4.49002287414342,63.25167037861915,False,0.6,20,9,-0.1663348232910116,0.6217008354151615,-0.5771324616588783
venour,Venour,PRM,2024,Summer,top,SK Gaming Prime,4.474947717281715,63.02895322939867,False,0.6666666666666666,18,9,-1.2530563489194677,0.6415479309110431,-0.6342230006432509
furby,Furby,NLC,2025,unknown,top,Lund Esports Organization,4.46716231423986,62.80623608017817,False,0.75,16,8,-0.7908831165665209,-1.5663886860987606,-0.9819200835421176
relative,Relative,PRM,2025,Spring,mid,E WIE EINFACH E-SPORTS,4.449953947141521,59.73154362416108,False,0.44,25,12,-1.661370640592071,-0.4690335238389057,-0.567754388485004
tsiper,Tsiper,LVP SL,2024,Summer,mid,LUA Gaming,4.445639097233908,59.50782997762863,False,0.3888888888888889,18,9,0.6636353301688662,-2.531964363355957,-1.0205484447522148
illlima,IlllIma,TCL,2024,Winter,top,Misa Esports,4.445118853635158,62.58351893095768,False,0.3888888888888889,18,9,0.0982832203960414,0.3631742350083118,0.189085159253238
yones,yones,NLC,2024,unknown,jng,BlueWhites,4.434190794879646,62.36323851203501,False,0.4,25,10,-0.6792745619359652,-0.292380511905173,-1.6481355597432197
sajator,SAJATOR,PRM,2026,Summer,mid,TeamOrangeGaming,4.430814425237747,59.28411633109619,False,0.3157894736842105,19,13,0.5840276545030434,0.3454084122109049,1.4436142861864123
venour,Venour,PRM,2024,Spring,top,SK Gaming Prime,4.427903679828828,62.360801781737194,False,0.7222222222222222,18,8,-0.4269021546273335,-0.695080532974303,-0.4145952487867892
piero,Piero,LFL,2025,Flash In,sup,Karmine Corp Blue,4.424299748734827,63.11111111111111,False,0.7222222222222222,18,9,0.2340359865960589,-0.0438422923447076,0.8672380211282875
nulu,Nulu,NLC,2024,Spring,mid,Nativz,4.40291755021032,59.06040268456376,False,0.4615384615384615,13,6,1.5228858947461612,1.7707350281554388,0.0758374908190327
lospa,Lospa,TCL,2024,Summer,sup,FUT Esports,4.397624138409149,62.88888888888889,True,0.5,22,5,-1.0505484033986598,0.1037025630673224,-0.8503406990235052
unf0rgiven,UNF0RGIVEN,PRM,2026,Summer,bot,Kaufland Hangry Knights,4.3857696498264165,62.93859649122807,False,0.45,20,11,0.2713548278155557,0.7953791385252676,0.5844903841566347
addusto,Addusto,PRM,2024,Spring,top,Unicorns of Love Sexy Edition,4.384782986981825,62.1380846325167,False,0.6666666666666666,18,5,-1.302897129629893,-0.1499372863208291,-1.2730465490220149
hoon,Hoon,TCL,2024,Summer,top,Beşiktaş Esports,4.3814001965186335,61.915367483296215,False,0.5,18,11,-0.3194386237772554,0.5888360418025452,-0.0420418152409347
rocklho,Rocklho,PRM,2025,Winter,top,E WIE EINFACH E-SPORTS,4.378090815874443,61.69265033407573,False,0.5909090909090909,22,10,-0.3356498583574411,-1.2047096590498618,-1.3011676139613406
voluxa,Voluxa,NLC,2024,unknown,top,BlueWhites,4.3742694231735175,61.46993318485523,False,0.4,25,8,-1.0873177184708809,-1.33884938158495,-1.7919033652219856
limit,LIMIT,PRM,2025,Winter,sup,Berlin International Gaming,4.373736739963316,62.66666666666667,False,0.875,16,7,-0.6036440088757019,-0.7378468056129581,-0.629099016166071
densi,Densi,PRM,2026,Summer,jng,Kaufland Hangry Knights,4.365848455331889,62.144420131291035,False,0.45,20,8,-1.0000490658801922,-0.7786062802767107,-0.5821502754451101
lilipp,Lilipp,PRM,2026,Summer,sup,TeamOrangeGaming,4.357287690515462,62.44444444444445,False,0.3157894736842105,19,10,0.2581618908175518,1.6451237952831188,-0.0508062241804449
miniduke,Miniduke,LVP SL,2025,Spring,mid,Veni Vidi Vici,4.354034671804263,58.836689038031324,False,0.5333333333333333,15,8,-0.129301743291651,0.1642789015304505,-0.095262671826026
turtle,Turtle,NLC,2024,unknown,top,KAOS e-sport,4.343085621655411,61.24721603563474,False,0.75,12,7,0.2952005065415334,1.6574614966840893,0.3318113137345538
comp,Comp,LFL,2025,Spring,bot,Gentle Mates,4.337054261307797,62.71929824561403,False,0.4166666666666667,24,12,-1.0401744887501068,0.9242740476631084,-0.2200427048820501
pride,Pride,LFL,2024,Summer,top,GameWard,4.308966967091477,61.02449888641426,False,0.4090909090909091,22,9,-0.9857935835614408,-1.2273401870754894,-0.6902682696525279
monkas,monkaS,TCL,2026,Spring,sup,Ozarox Esports,4.301845503332697,62.22222222222222,False,0.5,20,9,-0.649185569896585,0.9614566764976368,-1.1380701135056597
sumi,Sumi,NLC,2024,Summer,mid,Lundqvist Lightside,4.290221772534384,58.61297539149888,False,0.5,14,9,1.517337530968631,-0.4054579765308148,-0.0326771119741155
agresivoo,Agresivoo,PRM,2024,Summer,top,Eintracht Frankfurt,4.272642662776489,60.801781737193764,False,0.3333333333333333,18,8,0.5929771802224497,0.8013523102249352,0.9434476550368076
joexy,Joexy,TCL,2025,Summer,sup,BBL Dark Passage,4.263890256042119,62.0,False,0.3529411764705882,17,6,1.0599437814181032,-0.7736638609397886,0.8518437530041714
phantasm,Phantasm,PRM,2025,Spring,mid,Dung Dynasty,4.250412651723194,58.38926174496645,False,0.7,10,7,-0.1262893571051488,-0.8608928503141275,-0.613635172159605
infoneral,Infoneral,PRM,2024,Spring,sup,Austrian Force willhaben,4.250050242886365,61.77777777777778,False,0.6666666666666666,18,7,-1.0583704726140182,0.558667921219617,-0.1066559560464154
photon,Photon,TCL,2025,Spring,top,Beşiktaş Esports,4.224776990370102,60.57906458797328,False,0.4117647058823529,17,11,0.4647369029403785,1.3081282948546842,0.8192371068720168
c0st0m,c0st0m,LFL2,2025,Spring,mid,Zerance,4.221573460649801,58.16554809843401,False,0.4210526315789473,19,12,0.3093030707283469,-1.0189362715588135,-0.5632538015135827
ahahacik,AHaHaCiK,LVP SL,2024,Spring,jng,Rebels Gaming,4.219128285924669,61.925601750547045,False,0.3888888888888889,18,10,0.997999493046449,-1.389795857985216,-1.712495633722628
rocklho,Rocklho,PRM,2025,Spring,top,E WIE EINFACH E-SPORTS,4.216111941365136,60.35634743875279,False,0.44,25,9,-1.872084148346084,-0.9773670893686894,-1.321239267915746
takeset,TakeSet,LFL,2024,Summer,bot,Solary,4.215447577583296,62.5,False,0.4444444444444444,18,8,0.7003992437860518,-0.0079707788084084,-0.9170306946543364
croniik,CRoNiiK,LFL2,2024,unknown,jng,IziDream,4.207361714220726,61.70678336980306,False,0.5714285714285714,21,9,0.6461466940810119,0.2343988617753321,-0.0908171604393024
pride,Pride,LFL,2024,Spring,top,GameWard,4.2015881201140175,60.13363028953229,False,0.3888888888888889,18,8,0.0532288502474011,-0.264743276808824,0.0015538725117216
shiganari,Shiganari,NLC,2025,Spring,bot,Verdant,4.194689174722371,62.28070175438597,False,0.5882352941176471,17,10,0.91699597859305,0.7891826934048587,0.7072424459444198
feisty,Feisty,LVP SL,2024,Summer,mid,GIANTX iTero,4.186291674446073,57.94183445190156,False,0.4285714285714285,21,8,-0.2891444393294461,0.63311563837064,1.704594895700373
thomas,Thomas,LVP SL,2025,Winter,sup,Veni Vidi Vici,4.1695062184371885,61.55555555555555,False,0.55,20,9,0.9222953947503126,0.1145338503223207,-1.3556138042902848
nemesis,Nemesis,NLC,2025,Winter,mid,Los Ratones,4.143597890425981,57.71812080536913,True,0.9333333333333332,15,9,-1.319620565525985,0.6028974414418234,1.1767939306489297
d4nka,D4nKa,PRM,2024,Spring,jng,E WIE EINFACH E-SPORTS,4.1305496465569345,61.48796498905909,False,0.5,18,8,0.730295049206293,-0.9191046487093356,-0.4304311056375707
nata,Nata,NLC,2025,Spring,bot,Ruddy Corporation,4.130263651120466,62.06140350877193,False,0.4444444444444444,18,7,0.2812765837692349,-0.0780944996539763,0.1530181068601765
markus,Markus,NLC,2026,Spring,jng,Ruddy Corporation,4.1247980937383755,61.2691466083151,False,0.5,20,11,0.0894696226043617,0.3964549725131558,-0.1358465911301057
obstinatus,Obstinatus,NLC,2025,Winter,sup,Verdant,4.1102289193293835,61.33333333333333,False,0.4736842105263157,19,10,-1.124630381473411,0.2230044552092087,0.718946477649653
peach,Peach,LVP SL,2024,Summer,jng,GIANTX iTero,4.107586453622374,61.050328227571114,False,0.4285714285714285,21,8,-0.7950081601122772,0.2091771638227776,0.5967265977376364
dispel,dispel,TCL,2024,Summer,sup,NASR eSports Turkey,4.101947335025126,61.111111111111114,False,0.2857142857142857,14,8,2.250253969091195,0.18570156777322,1.1816495630435675
mersa,Mersa,LFL,2026,unknown,sup,Joblife,4.099744507277168,60.88888888888889,False,0.3181818181818182,22,11,-0.565404354129558,-0.757950758292711,-1.2301742698819758
fresskowy,Fresskowy,LVP SL,2025,Summer,mid,Movistar KOI Fénix,4.092117542792972,57.494407158836694,False,0.5,18,6,0.6889702802937765,0.8583659882539826,1.164842519858342
sertuss,Sertuss,LFL,2025,Flash In,mid,Ici Japon Corp. Esport,4.077595081470915,57.27069351230425,False,0.5,20,8,-1.1451621803161611,0.1210122637433241,-0.5640263225069582
kryze,Kryze,LFL,2024,Spring,top,Solary,4.076234883364131,59.910913140311806,False,0.4444444444444444,18,9,-0.5928323157484741,-0.59873543552283,0.3949886575181546
r4ven,R4VEN,LVP SL,2024,Summer,top,GIANTX iTero,4.068444649410697,59.68819599109132,False,0.4285714285714285,21,8,-1.0661390027809603,0.0495302094200692,-0.6554000290210296
leb,Leb,PRM,2025,Finals,jng,Berlin International Gaming,4.0582034895268775,60.83150984682714,False,0.6666666666666666,9,7,1.391038601087489,0.6632266344079953,1.5523023948688996
eyliph,Eyliph,LFL2,2024,Summer,top,Esprit Shōnen,4.055596274847385,59.46547884187082,False,0.3888888888888889,18,9,0.5312522654597043,-0.2818364416190565,-0.5980251637504808
scarface,Scarface,PRM,2024,Spring,top,NNO Prime,4.05074520076863,59.24276169265033,False,0.7222222222222222,18,9,-0.4355317295399702,-0.494676992993552,0.97070505523396
kireas,Kireas,TCL,2025,Summer,jng,BBL Dark Passage,4.043499115771632,60.61269146608315,False,0.3529411764705882,17,9,0.8204677971128534,0.0803250205924133,0.0386216439740096
afroboi,Afroboi,PRM,2025,Winter,jng,E WIE EINFACH E-SPORTS,4.036013686137079,60.393873085339166,False,0.5909090909090909,22,9,-1.3331837457348288,1.3757975117133037,0.1653493491022722
fun k3y,Fun K3y,PRM,2024,Spring,bot,Eintracht Spandau,4.032319247761029,61.8421052631579,False,0.6111111111111112,18,8,0.0761173529370639,-1.5195869136780982,-0.0933320603178925
scarface,Scarface,PRM,2024,unknown,top,NNO Prime,4.026587802589164,59.02004454342984,False,0.5,18,10,0.3326682173386423,0.1496506015604351,1.390830857866278
time,Time,LVP SL,2025,Summer,jng,Movistar KOI Fénix,4.02102709031009,60.17505470459519,False,0.5,18,9,-0.0695673226866181,1.05109131237908,0.8393534164152532
fresskowy,Fresskowy,LVP SL,2025,Winter,mid,Movistar KOI Fénix,4.0200707878488044,57.04697986577181,False,0.5333333333333333,15,8,0.113670990296161,1.73988718672976,0.4002633617808985
jeskla,Jeskla,PRM,2024,Summer,bot,Berlin International Gaming,4.017374491310673,61.622807017543856,False,0.4444444444444444,18,7,0.5720104315532734,-0.1481071925084186,0.0048563907845129
peng,Peng,LFL,2024,Summer,mid,GameWard,4.014320298831718,56.82326621923938,False,0.4090909090909091,22,7,-1.5061705735734794,-2.1893935490190533,-0.9399945250785072
vizicsacsi,Vizicsacsi,NLC,2025,Summer,top,NORD Esports,4.005528441621835,58.797327394209354,False,0.625,16,10,0.0718068510250615,0.068763245040899,0.8186452368122514
hawhaw,HAWHAW,LFL2,2024,Summer,mid,Esprit Shōnen,3.972835951165959,56.59955257270693,False,0.3888888888888889,18,6,1.0716846919679506,1.20945837175077,0.0827644037978878
fruity fresh,Fruity Fresh,NLC,2024,Summer,bot,Lundqvist Lightside,3.9429913845286935,61.40350877192983,False,0.5,14,9,0.9216079729250616,0.1996712957491955,-1.434879940358084
unf0rgiven,UNF0RGIVEN,LVP SL,2025,Winter,bot,Movistar KOI Fénix,3.9197642359646117,61.18421052631579,False,0.5333333333333333,15,9,0.8713116361542913,1.3868827674824178,0.8174343426859446
syzyfek,Syzyfek,LVP SL,2024,Summer,bot,Guasones,3.912387658109745,60.96491228070175,False,0.3888888888888889,18,7,-0.3344663753979948,-1.2878546540168758,-0.0341239519256618
densi,Densi,PRM,2024,Spring,jng,Berlin International Gaming,3.9015427642188163,59.95623632385121,False,0.2777777777777778,18,12,0.6996131314686589,-0.28575521540911,0.2746963143197483
romeo,Romeo,NLC,2024,Spring,sup,NORD Esports,3.896050957809817,60.66666666666667,False,0.5,22,6,-1.006356528000263,-1.4513842796765024,-0.3058376092022787
notiko,Notiko,LFL2,2025,Spring,bot,Zerance,3.885670618633793,60.74561403508771,False,0.4210526315789473,19,10,-0.4254910103357368,-0.7713813174018538,-0.3623166162389467
treatz,Treatz,NLC,2025,Summer,sup,NORD Esports,3.8853406935876738,60.44444444444444,False,0.625,16,7,-0.5624582687021003,-1.4299978731173737,0.6411078371308768
djoko,Djoko,LFL2,2024,unknown,jng,MHSC Esport,3.883641641362133,59.73741794310722,False,0.4117647058823529,17,6,0.9524254060075944,-0.2371962129044928,0.1452018219299896
zuhy,Zuhy,NLC,2024,unknown,mid,KAOS e-sport,3.881207596856691,56.375838926174495,False,0.75,12,7,1.614539143519811,2.019735783907828,1.9986751248019743
madsf,MadsF,NLC,2026,Spring,bot,Ruddy Corporation,3.8789408201082356,60.526315789473685,False,0.5,20,7,0.5962029829746988,0.0666810236294125,-0.2099206577347125
holyphoenix,HolyPhoenix,TCL,2024,Summer,bot,Misa Esports,3.8704857847681176,60.30701754385965,False,0.5294117647058824,17,7,1.0328655385089618,0.3377820984120768,-0.2760808180538889
luana,Luana,TCL,2024,Summer,top,Misa Esports,3.8558934720659956,58.57461024498887,False,0.5294117647058824,17,8,-0.9631619029094476,-0.8762971772265189,-0.9204045259056128
bao,BAO,TCL,2025,Summer,bot,Papara SuperMassive,3.845713083198311,60.08771929824561,False,0.4444444444444444,18,8,0.6249405120274082,0.0860919384118491,0.5715490932974748
innaxe,Innaxe,LFL,2024,Spring,bot,Solary,3.826492891773496,59.86842105263158,False,0.4444444444444444,18,9,-0.4277686217008468,-1.8981170554725613,-0.2033294662023379
xmatty,xMatty,PRM,2024,Spring,bot,Unicorns of Love Sexy Edition,3.813866021398651,59.64912280701754,False,0.6666666666666666,18,9,-0.6208890700648976,1.5217732423197898,1.4897748869827268
simpli,Simpli,PRM,2024,Spring,mid,FC Schalke 04 Esports,3.810759038438636,56.152125279642064,False,0.5,18,9,0.3314859806110997,0.9207791168926996,-0.4755685493260861
zanzarah,Zanzarah,PRM,2024,unknown,jng,Eintracht Spandau,3.8100993847409037,59.51859956236324,False,0.6,20,8,-0.8541029772023541,-1.1655944481348477,-0.4061427704580607
papiteero,Papiteero,LFL,2025,Summer,top,Team BDS Academy,3.798405362341965,58.35189309576837,False,0.35,20,11,0.066561495257983,-0.7073127069008555,-0.4911136471603061
bobista,bobista,NLC,2026,Spring,top,Verdant,3.7977812729383094,58.12917594654788,False,0.9166666666666666,12,8,0.3593292547973667,0.056481898546251,-0.0685214076837905
send0o,Send0o,PRM,2025,Spring,top,Dung Dynasty,3.7855506125939944,57.906458797327396,False,0.7,10,7,-0.0047770058768,-1.1146790153672994,0.0764478733161952
misanthiel,Misanthiel,LFL2,2024,Summer,top,IziDream,3.7752717761201695,57.6837416481069,False,0.5294117647058824,17,9,0.7287597148110617,0.2115895444016066,0.683970630211674
centu,Centu,TCL,2026,Spring,sup,BoostGate Esports,3.760169909667552,60.22222222222222,False,0.3809523809523809,21,11,-0.0650341483227376,1.1279077140010292,-0.2843848069250546
nord,Nord,NLC,2026,Summer,jng,B2U,3.756748729719344,59.29978118161926,False,0.5833333333333334,12,9,1.9523225612214568,-0.8098750266307355,-0.2232416534172598
pyrka,Pyrka,PRM,2026,Spring,sup,Kaufland Hangry Knights,3.7277054122397297,60.0,False,0.3157894736842105,19,7,-0.3498857295048386,-0.0165457685239221,0.0808914666126908
nille,Nille,LFL2,2025,Summer,top,Caldya Esport,3.7253939945498984,57.46102449888642,False,0.4117647058823529,17,9,0.2343894016916548,0.1532456541728614,0.3619729101732602
dibu,dibu,NLC,2026,Winter,jng,Arctic Pandas,3.7156792079181886,59.08096280087527,False,0.7333333333333333,15,9,0.4310363877471656,0.0201579359016196,0.5747915216961568
fade,Fade,TCL,2026,Kickoff,mid,SU Esports,3.707477037511528,55.92841163310962,False,0.45,20,9,-0.3205976704838709,0.2404376424697074,-0.2212396388458115
nakyung,Nakyung,TCL,2024,Summer,mid,Beşiktaş Esports,3.7069283210506114,55.70469798657718,False,0.5833333333333334,12,5,1.0100845736343378,1.2548331570663338,0.6973257140514623
highway,Highway,LFL2,2024,Spring,sup,IziDream,3.7046039208072616,59.77777777777777,False,0.6666666666666666,6,3,1.7641787189851654,0.0064761282935217,0.6198497618999113
bmoooo,Bmoooo,TCL,2026,Spring,sup,Team Phoenix,3.6994651000180747,59.55555555555555,False,0.25,16,10,0.952646789635197,-1.7758204790054564,-1.164240959679761
rutzou,Rutzou,NLC,2024,unknown,sup,KAOS e-sport,3.677659087315001,59.333333333333336,False,0.75,12,7,0.7440283139527674,-0.1791367510784517,1.113299042860986
kenal,Kenal,LVP SL,2024,Spring,bot,UCAM Esports,3.676467284479169,59.42982456140351,False,0.5,22,9,-0.2476794695572234,-0.4459847444357152,0.6622791352029365
addusto,Addusto,PRM,2025,Finals,top,ROSSMANN Centaurs,3.673218652682008,57.23830734966593,False,0.6153846153846154,13,8,0.881494145543844,0.5064558463047856,-0.5605694115597012
seneca,Seneca,LVP SL,2024,Spring,sup,Ramboot Club,3.6725153087107927,59.111111111111114,False,0.5,18,7,-1.7322637062884845,-0.7972717798637996,-0.7889798117013661
r4ven,R4VEN,LVP SL,2024,Spring,top,Rebels Gaming,3.6573235203607473,57.01559020044543,False,0.3888888888888889,18,7,0.1557929843563186,0.3147361537308988,-0.8352730989047817
sven,Sven,PRM,2026,Summer,top,VfB eSports,3.6501952913148505,56.792873051224944,False,0.2777777777777778,18,11,0.3202139187924202,-0.1211890036137195,0.1549579485524457
doss,Doss,PRM,2024,Summer,sup,SK Gaming Prime,3.6241973033446215,58.88888888888889,False,0.6666666666666666,18,6,-0.5061051136812278,-0.3520337220123248,0.4283618870849617
furuy,Furuy,NLC,2026,Spring,mid,Verdant,3.621938208139334,55.48098434004475,False,0.9166666666666666,12,7,0.2169152977682845,0.5736580539442464,1.583269178179384
hid0,Hid0,NLC,2025,Summer,bot,NORD Esports,3.620802144860591,59.210526315789465,False,0.625,16,10,-0.2208032979972877,1.0112587346248203,1.2478835899857634
feisty,Feisty,LVP SL,2025,Winter,mid,GIANTX iTero,3.6164934910135407,55.257270693512304,False,0.55,20,9,-0.7192195296822944,-0.3102731384262103,1.2119882417647738
snabi,Snabi,NLC,2024,Summer,sup,DMG Esports,3.615970299729833,58.666666666666664,False,0.5263157894736842,19,7,0.2448377814660621,2.42992074415187,1.902396653582178
mojito,Mojito,TCL,2024,Winter,jng,Misa Esports,3.6151881163085835,58.86214442013129,False,0.3888888888888889,18,12,0.7931786577515079,0.5194862938674818,0.5239590346948074
rakhoon,Rakhoon,NLC,2024,unknown,sup,UniQ Esports Club,3.6137222415111374,58.44444444444444,False,0.5454545454545454,22,8,-0.928883677534513,-0.1710043853829603,-0.2591494955186493
mersa,Mersa,LFL,2025,Spring,sup,Solary,3.610580357989042,58.22222222222222,False,0.5263157894736842,19,8,-0.726949661806001,-1.2613036671747448,-1.600071848391629
ferret,Ferret,TCL,2024,Winter,jng,FUT Esports,3.604767968346924,58.64332603938731,False,0.4736842105263157,19,9,-1.2217336366473572,0.666280238921809,0.2555882360480299
fruity fresh,Fruity Fresh,NLC,2024,unknown,bot,UniQ Esports Club,3.60298778557857,58.99122807017544,False,0.5454545454545454,22,10,-0.0787136021209749,0.7205834291095319,0.6850538283966946
sencux,Sencux,NLC,2025,Spring,mid,Verdant,3.6009824679956934,55.033557046979865,False,0.5882352941176471,17,12,-0.2619163451176935,0.0221656732458707,0.1185590896362568
bicas,bicas,TCL,2026,Spring,jng,BoostGate Esports,3.5941201903520605,58.42450765864332,False,0.3809523809523809,21,11,-1.3647961199148333,-0.0723695528050275,-0.6921070827288118
skaterot,Skaterot,NLC,2024,Summer,mid,DMG Esports,3.5926262284225428,54.80984340044742,False,0.5263157894736842,19,10,-0.3593775179009639,0.3316511725133101,0.2771322954002388
bitse,Bitse,NLC,2024,Summer,jng,DMG Esports,3.5896104359879417,58.20568927789934,False,0.5263157894736842,19,10,-0.2055972418442602,0.4682690926404326,0.2729878045951587
grave,Grave,TCL,2026,Kickoff,bot,SU Esports,3.5737024335269103,58.77192982456141,False,0.45,20,7,-0.407112792375229,-0.694557682000405,-0.2868187639985924
fooneses,Fooneses,PRM,2026,Spring,mid,ROSSMANN Centaurs,3.573230165159828,54.58612975391499,False,0.0476190476190476,21,8,-0.1914969292823959,-1.5861347399868029,-1.5407216181281531
seaz,seaz,PRM,2026,Winter,sup,Eintracht Spandau,3.5633645868288424,57.99999999999999,False,0.5625,16,8,0.0201832043926341,-0.2156121721829068,-0.4641252740762354
chef,CHEF,TCL,2025,Spring,jng,Beşiktaş Esports,3.552353932669003,57.98687089715536,False,0.4117647058823529,17,8,-0.233162272184755,-0.7107138302730223,-0.2764582772357497
doss,Doss,PRM,2026,Summer,sup,Kaufland Hangry Knights,3.547833650072353,57.77777777777777,False,0.45,20,9,-0.8285002683217344,-0.6920706472595157,-0.1216029338068915
nyx,Nyx,LVP SL,2025,unknown,jng,Guasones,3.5462688528555457,57.76805251641138,False,0.8571428571428571,7,6,0.7071067811865464,0.7071067811865475,0.7071067811865475
mietek,Mietek,PRM,2026,Spring,top,Eintracht Frankfurt,3.5358219842446714,56.57015590200446,False,0.2352941176470588,17,10,0.5071402985942806,0.5147901486500248,-0.1531391908332134
jnx,JNX,PRM,2026,Winter,top,Eintracht Spandau,3.523042111860547,56.347438752783965,False,0.5625,16,12,-0.0714251954079703,1.0039898039341588,-0.6013390312493629
misanthiel,Misanthiel,LFL2,2024,unknown,top,IziDream,3.519025850662173,56.12472160356348,False,0.5714285714285714,21,8,-0.4517605208167439,-0.6696841882960556,-0.9249540843281076
kaori,Kaori,TCL,2024,Summer,bot,Beşiktaş Esports,3.51770251046936,58.55263157894737,False,0.5,18,8,0.5023468347410485,1.0420652864148343,1.010438647223912
mxe,Mxe,LFL,2025,unknown,sup,Esprit Shōnen,3.514199059412082,57.55555555555556,False,0.6666666666666666,9,8,0.7071067811865482,-0.7071067811865476,0.7071067811865475
sinmivak,Sinmivak,LVP SL,2025,Spring,top,UCAM Esports,3.513381991388788,55.90200445434298,False,0.4375,16,7,0.9388082007153276,0.7066200680780478,-0.1869025784967962
kehvo,kehvo,NLC,2026,Winter,bot,Arctic Pandas,3.5114154398748743,58.333333333333336,False,0.7333333333333333,15,8,-0.0158567540581415,-0.5202358728085575,-0.1341794472090984
agurin,Agurin,PRM,2025,Spring,jng,Dung Dynasty,3.5026817182221595,57.54923413566739,False,0.7,10,5,1.5082550373853505,2.358411019768646,1.969770999194571
jokaa,jokaa,NLC,2024,Summer,jng,NORD Esports,3.5019047496323,57.330415754923415,False,0.5714285714285714,14,6,1.3078904559319375,-0.3477665244533993,1.0185078441916942
simpli,Simpli,PRM,2025,Finals,mid,Unicorns of Love Sexy Edition,3.4992510309476375,54.36241610738255,False,0.5,14,10,0.4630801696449416,0.4667828464939932,0.6977469367333108
sertuss,Sertuss,LVP SL,2024,Spring,mid,Team Heretics Academy,3.4908250707855677,54.138702460850105,False,0.6,10,5,0.94303107482893,-0.1691430483234784,1.2249418628811148
venour,Venour,PRM,2026,Spring,top,Kaufland Hangry Knights,3.484647501737366,55.67928730512249,False,0.3157894736842105,19,10,-0.9139185411144692,-0.007861455922761,-0.370613959424571
frost,Frost,LFL2,2024,Summer,jng,Project Conquerors,3.4708517478267207,57.11159737417943,False,0.4444444444444444,18,8,0.1757569167945302,0.2281426486825671,0.6598037055450604
techoteco,Techoteco,PRM,2025,Spring,jng,Eintracht Frankfurt,3.4685776204100787,56.89277899343544,False,0.2857142857142857,21,11,0.185114994829458,-0.5539047777219166,-0.8012498438042643
sleyer,Sleyer,LFL2,2025,Spring,top,Lille Esport,3.4669400564424175,55.45657015590201,False,0.3571428571428571,14,7,0.994935840942451,-0.1220157822571757,-0.3125713825078094
pabu,Pabu,PRM,2024,Spring,jng,Eintracht Frankfurt,3.4575009369895366,56.67396061269147,False,0.3333333333333333,18,11,0.2544969054739605,1.156779292500659,0.1143648644624387
skude,Skude,LFL2,2024,Summer,jng,Esprit Shōnen,3.45583808775161,56.455142231947484,False,0.3888888888888889,18,12,-0.4035906087384484,0.2771501786755573,0.2054537504659315
ibo,iBo,LVP SL,2025,Summer,top,Veni Vidi Vici,3.454338534295879,55.233853006681514,False,0.4285714285714285,14,8,1.3390737664172505,-0.2384964758834679,0.5698291710001041
agurin,Agurin,PRM,2026,unknown,jng,CGN Esports,3.454152735113646,56.236323851203494,False,0.75,8,7,1.4644530028374252,1.285887297000698,0.8392374743119808
mersa,Mersa,LFL,2025,Summer,sup,Solary,3.454120683198615,57.333333333333336,False,0.4545454545454545,22,9,-1.4648239463968844,-1.6093968725483367,-1.5217571661065028
steeelback,Steeelback,LFL,2024,Summer,sup,GameWard,3.4492295864869695,57.111111111111114,False,0.4090909090909091,22,4,-0.6361656717066149,-0.9230669952535804,-1.4493128794466086
kaboom,Kaboom,LFL,2026,unknown,jng,Ici Japon Corp. Esport,3.444382964347243,56.01750547045952,False,0.3157894736842105,19,8,0.3816069242995594,-0.6771807385759556,-0.3316923054573654
rekkles,Rekkles,NLC,2025,Summer,sup,Los Ratones,3.442358654845919,56.888888888888886,True,0.9230769230769232,13,6,-0.0274714373654051,1.277239819319009,1.863665616705531
twohoyrz,twohoyrz,LVP SL,2025,Winter,mid,Ramboot Club,3.42429338414902,53.914988814317674,False,0.5333333333333333,15,7,0.1079281882684207,0.5612331942021322,-0.0594393298313256
agurin,Agurin,PRM,2025,Winter,jng,Dung Dynasty,3.4183899406841065,55.798687089715536,False,0.4615384615384615,13,7,1.5097129401897866,1.440252430603706,-0.4864225267067124
typhoon,Typhoon,TCL,2024,Summer,jng,Beşiktaş Esports,3.412840656581401,55.57986870897156,False,0.5,18,10,-0.9643754167137856,-0.2199472893009405,0.5330119116071873
rustysniper,RustySniper,LFL2,2024,Summer,bot,Project Conquerors,3.407708718815051,58.114035087719294,False,0.4444444444444444,18,11,0.5976228045588245,-0.644857360249699,1.1885758595752876
mersa,Mersa,TCL,2026,Kickoff,sup,S2G Esports,3.4066780917507393,56.666666666666664,False,0.6,20,10,-1.4106283472191352,-1.2308454384483274,0.3121074615143921
soul,Soul,NLC,2026,Summer,sup,DMG Esports,3.4015453429178124,56.44444444444444,False,0.5714285714285714,14,9,0.0869991683398061,-0.1826481676940686,0.1760217386711086
eckas,Eckas,LFL,2024,Spring,jng,Solary,3.3946112825481176,55.36105032822757,False,0.4444444444444444,18,7,-0.674845751561051,-0.1807406296184996,-0.0825582444738124
shiganari,Shiganari,PRM,2024,Summer,bot,NNO Prime,3.3887315373669775,57.89473684210527,False,0.4444444444444444,18,11,-1.067471994581287,-1.8854780011916488,-1.0654447586998423
bananiasty,Bananiasty,NLC,2024,unknown,jng,UniQ Esports Club,3.3840357401245393,55.14223194748359,False,0.5454545454545454,22,8,-1.2400552181767217,-1.583436912903375,-1.07315947041569
escik,ESCIK,LVP SL,2025,Spring,mid,UCAM Esports,3.3803163932753635,53.691275167785236,False,0.4375,16,6,1.1259263746897432,0.935462819455681,0.9187365518244044
nodu,NoDu,NLC,2026,Summer,sup,B2U,3.377781840411486,56.222222222222214,False,0.5,14,7,1.1428643689044204,1.219723811100279,0.0263326734756877
seaz,seaz,PRM,2025,Spring,sup,Unicorns of Love Sexy Edition,3.3766109477266473,56.00000000000001,False,0.4545454545454545,22,10,-1.494951537127366,0.2661209701780354,-1.1649416053413404
scorth,Scorth,TCL,2025,Winter,bot,Bushido Wildcats,3.3742336308623666,57.675438596491226,False,0.5,16,8,-0.0432245704611135,1.0839128109894005,-0.2332349179195361
soldier,Soldier,LFL2,2025,Winter,bot,Team Valiant,3.3695917658506063,57.45614035087719,False,0.5789473684210527,19,8,-0.283371969957878,0.4050123944704675,1.3162697672062302
infoneral,Infoneral,PRM,2025,Summer,sup,TeamOrangeGaming,3.3665377173563757,55.77777777777778,False,0.75,12,8,0.5444718559031255,-0.7272119559612461,0.1590517319199472
dehaste,Dehaste,NLC,2025,Summer,mid,Rich Gang,3.362833368261865,53.46756152125279,False,0.5333333333333333,15,9,0.9467073748114369,0.0619198310952874,0.0338244354034464
scuffed,Scuffed,NLC,2026,Spring,mid,Deer Gaming,3.347758869527177,53.24384787472036,False,0.4705882352941176,17,10,0.5020475687324089,-0.4980309972852474,-0.2207565355186967
keduii,Keduii,PRM,2026,Winter,bot,Eintracht Spandau,3.3391460230773493,57.23684210526315,False,0.5625,16,8,-0.1229565245110941,0.9168437344959004,0.1665424682833574
sundax,Sundax,NLC,2026,Summer,sup,Volda E-Sport,3.3387243159040967,55.55555555555556,False,0.4117647058823529,17,9,0.693679960309923,0.6144648542363091,1.146390457966675
deadly,Deadly,LFL,2025,Spring,bot,Joblife,3.3270580676513943,57.01754385964912,False,0.4,15,7,0.1856518982664392,0.1262741784730219,0.6219659682426104
infoneral,Infoneral,PRM,2024,Summer,sup,Austrian Force willhaben,3.323788900086432,55.333333333333336,False,0.5714285714285714,14,8,0.2117003556210873,-0.1491007255789657,-1.2906031798857345
shlatan,Shlatan,PRM,2024,unknown,jng,NNO Prime,3.312707851330412,54.92341356673961,False,0.5,18,8,-0.0280756471754073,0.2339978279590636,1.0379768835570364
xicor,Xicor,LFL2,2024,Summer,bot,Lille Esport,3.3084325645300185,56.79824561403509,False,0.3333333333333333,18,11,1.0524058311293765,0.6766476826863149,1.2893529824553955
veignorem,Veignorem,PRM,2025,Spring,sup,Eintracht Frankfurt,3.3071431956001858,55.111111111111114,False,0.2857142857142857,21,8,-0.1453402090130229,0.2883786505709911,-0.8912590865167568
hydra,Hydra,LVP SL,2025,Spring,mid,LUA Gaming,3.2954737745287135,53.02013422818792,False,0.4210526315789473,19,8,-0.5592985145336548,0.4387688289580597,-0.9059596705584324
prime,Prime,LFL,2025,Flash In,sup,Ici Japon Corp. Esport,3.2940595282310547,54.888888888888886,True,0.5,20,10,-0.4505379565599592,-0.7406002149372881,-1.0237390626466725
tazaku,Tazaku,PRM,2024,Spring,bot,E WIE EINFACH E-SPORTS,3.291063709852402,56.57894736842105,False,0.5,18,10,0.1942601264952322,0.8844141894152168,-1.2207589484193897
baca,Baca,LVP SL,2025,Summer,mid,Ramboot Club,3.270436090055573,52.79642058165548,False,0.5,14,6,0.5623902397334639,-0.7537861575991421,0.4278202201483544
banderas,Banderas,LVP SL,2024,Summer,top,Guasones,3.26441246223184,55.01113585746103,False,0.3888888888888889,18,10,0.5799083718343281,0.0108695811122383,-0.443866891353929
twiizt,Twiizt,LFL,2025,Spring,sup,Joblife,3.2642406200037146,54.666666666666664,False,0.4,15,8,-0.16451439182882,-0.3482733690416776,0.93011076075975
ag0nypain,Ag0nyPain,NLC,2026,Spring,mid,Ruddy Corporation,3.263747555806558,52.57270693512305,False,0.5,20,9,-0.4832591559973819,-0.5897206408752947,-0.1117678740091736
prime,Prime,LFL,2024,Spring,sup,Team GO,3.2602619778378945,54.44444444444444,False,0.4285714285714285,21,9,-0.4982535593774331,-0.8624446534787348,-0.759540155548744
squiddly,Squiddly,NLC,2026,Summer,mid,B2U,3.259121003052417,52.348993288590606,False,0.5,14,10,0.2769031733822023,-0.0491131165494982,-0.4371795694390575
takeset,TakeSet,TCL,2024,Winter,bot,FUT Esports,3.2576838198723,56.35964912280702,False,0.4736842105263157,19,9,-0.5046898148698415,1.98653253141695,0.8807754758856706
sleyer,Sleyer,LFL2,2025,Winter,top,Lille Esport,3.2519486359280583,54.78841870824054,False,0.3571428571428571,14,10,0.8113170117585256,1.0565302106776278,-0.3270206695897388
wildenbruch,Wildenbruch,PRM,2025,Summer,sup,ROSSMANN Centaurs,3.25122423806239,54.22222222222223,False,0.5333333333333333,15,10,1.7113171633720992,0.0023649798153952,-0.1406606432448817
sencux,Sencux,PRM,2026,Spring,mid,Eintracht Frankfurt,3.2476610414437017,52.12527964205817,False,0.2352941176470588,17,12,0.5162002354874431,0.5627451832931164,0.5288961920296607
krytybu,krytybu,NLC,2026,Summer,top,Volda E-Sport,3.2449886789040567,54.56570155902004,False,0.4117647058823529,17,12,-0.8938143172965711,-1.326283346614493,-0.4074171098745076
abagnale,Abagnale,LFL2,2025,Spring,sup,Project Conquerors,3.2394632605550475,54.0,False,0.5454545454545454,22,9,-1.1060053432176336,0.6741124772292396,-0.7173501182556471
d4nka,D4nKa,PRM,2025,Spring,jng,Austrian Force willhaben,3.2342801881462004,54.70459518599562,False,0.4210526315789473,19,10,-0.2173157322893149,-1.1735810238753115,-0.9904281272646874
kryze,Kryze,LFL,2025,Flash In,top,Solary,3.231496889402256,54.342984409799556,False,0.4761904761904761,21,10,0.0933163355091946,0.3436847008242865,1.5420221237817804
peng,Peng,NLC,2025,Spring,mid,Ruddy Corporation,3.2195891386518753,51.90156599552572,False,0.4444444444444444,18,10,-0.4260519171075129,-0.6849386738164955,0.6478050227926517
leny,Leny,LFL,2026,unknown,top,Esprit Shōnen,3.218176814018185,54.12026726057907,False,0.3333333333333333,18,7,1.069013874989179,0.0858988656416141,0.7212913889440878
artoria,Artoria,NLC,2026,Summer,mid,DMG Esports,3.2133386676877334,51.67785234899329,False,0.5714285714285714,14,8,-0.4221265807649784,-0.6915741123933594,0.334480578340841
difference,Difference,LFL2,2024,Summer,top,Akroma,3.2060881172867983,53.89755011135857,False,0.3888888888888889,18,11,1.4483156320502395,1.6130152877519606,1.5678260659709575
wildenbruch,Wildenbruch,PRM,2025,Finals,sup,ROSSMANN Centaurs,3.1995224733984897,53.77777777777778,False,0.6153846153846154,13,8,0.904821751718346,-0.6344199644398961,0.0042753695878672
reptile,Reptile,PRM,2026,unknown,bot,CGN Esports,3.1972204402297395,56.14035087719298,False,0.75,8,7,1.041008928886521,-0.4007583363143941,1.4879618131400918
slt,SLT,LFL,2024,Spring,top,Team du Sud,3.1870563234458187,53.67483296213808,False,0.3333333333333333,18,8,1.575917853191818,-0.9727775356780298,-1.3087336266941738
wittman,wittman,NLC,2026,Summer,bot,Deer Gaming,3.184697919588073,55.92105263157895,False,0.6111111111111112,18,12,-1.1778893054195136,0.667195627192631,0.4987707115950513
shredder,Shredder,LFL2,2025,unknown,sup,Skillcamp,3.176027415103651,53.55555555555556,False,0.6,10,8,-0.132561258298717,0.6908248514794496,0.886046824980243
rabble,Rabble,PRM,2024,unknown,jng,SK Gaming Prime,3.1665182062223756,54.48577680525164,False,0.3125,16,12,1.4422960341742577,0.6079590298455052,-0.1031048341859132
thomas,Thomas,LVP SL,2024,unknown,sup,Veni Vidi Vici,3.158494533555693,53.333333333333336,False,0.7272727272727273,11,6,0.7071067811865466,-0.7071067811865476,0.7071067811865476
eckas,Eckas,LVP SL,2025,Winter,jng,Movistar KOI Fénix,3.158150221767682,54.26695842450766,False,0.5333333333333333,15,9,0.3783468509967509,-0.4850632230431644,0.3976113630442093
batuuu,Batuuu,TCL,2024,Summer,sup,BoostGate Esports,3.1335030051002426,53.11111111111111,False,0.5217391304347826,23,5,-0.1017309381031687,0.785257031954503,0.6870301647790058
ragner,Ragner,LFL,2025,Flash In,top,Galions,3.12848781631538,53.4521158129176,False,0.625,16,10,-0.5562207830341743,-0.661284574720699,-0.8860848208294476
d4nka,D4nKa,PRM,2026,Spring,jng,Eintracht Frankfurt,3.127120524611075,54.04814004376368,False,0.2352941176470588,17,9,0.8555727845600116,-0.0388349360644486,-0.7272748415680779
doss,Doss,LFL,2025,Flash In,sup,BK ROG Esports,3.1235139607336766,52.888888888888886,False,0.5833333333333334,12,8,0.3924250297479728,-1.397916280087189,0.4313731839042338
mxe,Mxe,LFL,2026,unknown,sup,Esprit Shōnen,3.1214270021283337,52.666666666666664,False,0.3333333333333333,18,10,0.2101810672649195,-0.0440768050630858,-0.6474543868712307
ersin,Ersin,TCL,2026,Kickoff,top,PCIFIC Esports,3.114698529116315,53.229398663697104,False,0.3571428571428571,14,8,0.7000168001929572,0.5425160754229231,0.4980237268109184
nash,Nash,NLC,2025,Spring,sup,NORD Esports,3.107418511232432,52.44444444444445,False,0.6470588235294118,17,6,-1.973293112626532,-0.6191993859928795,0.1089562927196589
decay,Decay,LFL,2024,Summer,mid,Solary,3.100431065197206,51.45413870246085,False,0.4444444444444444,18,7,0.0061173226482173,1.2340375331160678,-0.0681772294049218
potent,Potent,LFL,2025,unknown,top,Esprit Shōnen,3.0992523604218913,53.00668151447662,False,0.6666666666666666,9,8,0.7071067811865475,0.7071067811865457,0.7071067811865474
avra,Avra,LFL,2025,unknown,bot,Esprit Shōnen,3.0992523604218913,55.70175438596491,False,0.6666666666666666,9,8,0.7071067811865468,0.7071067811865475,0.7071067811865475
vzz,Vzz,PRM,2025,Winter,bot,TeamOrangeGaming,3.0903972631396734,55.48245614035088,False,0.4666666666666667,15,10,1.4375870446962926,0.2104752481959635,-0.0443477410225561
twohoyrz,twohoyrz,LVP SL,2024,Spring,mid,Ramboot Club,3.0896888585660025,51.23042505592841,False,0.5,18,10,-0.6512994210309632,-0.0412989796465015,-0.4937803712258987
painful,Painful,NLC,2024,Spring,mid,Venomcrest Esports,3.087187025676845,51.006711409395976,False,0.4705882352941176,17,10,0.3502598666453851,0.586350043418064,0.6791137950611862
tynx,TynX,LFL,2024,Summer,jng,Team du Sud,3.0825628433104297,53.82932166301969,False,0.2222222222222222,18,9,0.0962422222823744,1.0079724545965836,0.3583020227157227
markoon,Markoon,PRM,2026,Winter,jng,G2 NORD,3.081998424594497,53.610503282275715,False,0.6,15,9,0.6526142850788803,0.402881323071464,0.5950890025243415
fun k3y,Fun K3y,PRM,2025,Summer,bot,ROSSMANN Centaurs,3.07722735235774,55.26315789473685,False,0.5333333333333333,15,10,0.1373388610378541,-0.2731522537719513,-0.3110643694292419
tore,Tore,PRM,2024,Spring,sup,Eintracht Frankfurt,3.072782436745297,52.22222222222223,False,0.3333333333333333,18,11,0.8491684002440393,1.6288518026434409,1.3879058123159886
noway,NoWay,NLC,2025,Spring,mid,NORD Esports,3.0634347483112214,50.78299776286354,False,0.6363636363636364,11,7,0.670759788756962,0.3548100210018035,-0.9508699558953672
howling,Howling,LFL,2025,Flash In,top,Ici Japon Corp. Esport,3.057576781091025,52.78396436525612,False,0.5,20,9,0.0132493614844087,-1.278360722840565,-0.5945270582335715
rayito,Rayito,LVP SL,2024,unknown,bot,Veni Vidi Vici,3.049713107246049,55.04385964912281,False,0.7272727272727273,11,5,0.7071067811865459,-0.7071067811865476,0.7071067811865476
pabu,Pabu,PRM,2024,Summer,jng,Eintracht Frankfurt,3.0469633710978843,53.39168490153173,False,0.3333333333333333,18,13,0.8391872373037311,0.3574771544085828,0.6200004979986469
limit,LIMIT,PRM,2025,Finals,sup,Berlin International Gaming,3.043578735827205,52.0,False,0.6666666666666666,9,6,1.1248111601876982,0.0636925172486181,0.4067149341276794
peco,Peco,PRM,2024,Spring,bot,FC Schalke 04 Esports,3.043329375743059,54.824561403508774,False,0.5,18,8,-0.272709719882947,0.2387128144756113,0.3109848650330825
mishi,Mishi,NLC,2025,Winter,bot,Verdant,3.042548591728412,54.60526315789473,False,0.4736842105263157,19,11,-1.6002007777416598,0.2215999912186407,-0.0267563165656987
flaystation,FlayStation,NLC,2024,Spring,sup,Verdant,3.040860464805083,51.77777777777778,False,0.5,14,8,1.2529519162462446,1.898366525519996,0.8566652529040265
ryuk,Ryuk,LFL2,2025,Summer,bot,Lille Esport,3.038504743413107,54.385964912280706,False,0.5384615384615384,13,6,1.5615493330712844,0.9815818150902208,1.2580046635980937
slice,Slice,NLC,2024,unknown,jng,Rich Gang,3.031378536148292,53.17286652078774,False,0.6666666666666666,9,6,1.3581402134790408,1.6027360246162352,1.6016557177594688
toasty,Toasty,PRM,2026,Winter,mid,G2 NORD,3.029572608814978,50.55928411633109,False,0.6,15,9,0.3636095777837591,0.2747560286446758,0.3871169505927088
mxe,Mxe,LFL2,2025,Summer,sup,Esprit Shōnen,3.029065418575102,51.55555555555556,False,0.75,8,6,1.655637761728256,0.0765390320262535,-0.846534024437897
sacre,Sacre,PRM,2025,Winter,top,Eintracht Frankfurt,3.0278785597588365,52.56124721603563,False,0.5,14,8,0.733181968120629,0.7601711562535242,-0.0808273066058654
nattynatt,NattyNatt,NLC,2025,Spring,jng,Ruddy Corporation,3.018726994489345,52.95404814004377,False,0.4444444444444444,18,9,0.5634007189426845,0.0330782291556959,0.4999715444606455
click,Click,LVP SL,2025,Winter,sup,LUA Gaming,3.0114508112626996,51.33333333333333,False,0.5,12,7,0.4897847346923848,-0.4142388941122003,0.5925299959104652
lucky,Lucky,PRM,2025,Spring,sup,Dung Dynasty,3.009278082693698,51.11111111111111,False,0.7,10,9,-0.1724219315077138,0.1535433439660841,1.7350840129697644
leks,Leks,PRM,2026,Summer,top,ROSSMANN Centaurs,3.0018889511400517,52.338530066815146,False,0.4736842105263157,19,11,-1.4838213314231197,-0.5439466575959785,0.1153629736693698
13,13,LFL2,2025,Spring,bot,Lille Esport,2.992001677056196,54.166666666666664,False,0.3571428571428571,14,10,0.8573675225004959,-1.753721966161799,0.5908818659506958
kireas,Kireas,TCL,2024,Summer,jng,Misa Esports,2.9893186258080453,52.735229759299784,False,0.5294117647058824,17,6,-0.9956052540368628,-1.4901048131662236,-1.6763540496785017
strato,Strato,NLC,2024,unknown,top,Lazy In Life,2.9831318270825364,52.11581291759465,False,0.5714285714285714,14,8,0.3637169581606029,-0.595642866806294,-0.4594425912794669
dionelux,Dionelux,TCL,2026,Kickoff,top,SU Esports,2.9714474139372586,51.89309576837417,False,0.45,20,11,-0.4855359534910857,-0.3720801299454715,-0.2994351936890288
hawhaw,HAWHAW,NLC,2025,Winter,mid,Rich Gang,2.9656430745811915,50.33557046979866,False,0.5714285714285714,14,11,-0.3071527371566143,1.3815766698290797,-0.1981218589701149
reptile,Reptile,PRM,2025,Spring,bot,Dung Dynasty,2.9616654706522882,53.94736842105263,False,0.7,10,6,-0.6206570766673606,1.2821103920229222,0.7332189383404166
shelfmade,Shelfmade,PRM,2025,Summer,top,Berlin International Gaming,2.961182226102955,51.67037861915368,False,0.9,10,6,1.1554130408494452,-0.2901385016927115,1.821459924100978
virtuso,Virtuso,NLC,2026,Spring,top,Deer Gaming,2.9581616826314328,51.44766146993318,False,0.4705882352941176,17,10,1.2064100127798991,0.9540864883704592,0.3628169876543543
mask,Mask,TCL,2025,Spring,mid,Beşiktaş Esports,2.9559065203979022,50.11185682326622,False,0.4117647058823529,17,8,-0.1106369499178498,1.1789732853731878,-0.6232621524715994
tazaku,Tazaku,PRM,2026,Summer,bot,VfB eSports,2.9548124590397027,53.72807017543859,False,0.2777777777777778,18,9,0.0492987763534584,-0.7447142619401355,0.0974243106795911
luke,Luke,PRM,2026,Summer,mid,VfB eSports,2.953371791584215,49.88814317673378,False,0.2777777777777778,18,10,-0.7895323959609121,-2.011023951540627,-1.6870150758739324
tynx,TynX,LFL,2024,Spring,jng,Team du Sud,2.944497526278082,52.516411378555794,False,0.3333333333333333,18,10,1.097813784499619,1.150460886019215,-0.9131708389855132
six10,Six10,PRM,2025,Winter,mid,TeamOrangeGaming,2.9338071353624438,49.664429530201346,False,0.4666666666666667,15,10,1.001311265407968,0.9669026486317592,1.1259115283775678
chance2win,Chance2Win,NLC,2025,Summer,top,DMG Esports,2.9249692901423705,51.224944320712694,False,0.4666666666666667,15,7,1.0039854402791708,-0.9680440195552386,-0.1156228144031079
bluerzor,bluerzor,LVP SL,2025,Winter,jng,Ramboot Club,2.9188645481603834,52.29759299781181,False,0.5333333333333333,15,8,0.6342790094317301,0.0892918537541573,-0.4169532603494711
baca,Baca,LVP SL,2025,Spring,mid,Ramboot Club,2.9180446252380485,49.44071588366891,False,0.4,15,9,-0.1589410627480928,-0.0734909418216774,-0.0528394559557043
nyx,Nyx,NLC,2025,Winter,jng,Rich Gang,2.9062231831816203,52.078774617067836,False,0.5714285714285714,14,10,0.2479304575308306,0.6379161441042375,-0.1826155790664041
shlatan,Shlatan,LFL,2025,Summer,jng,Team BDS Academy,2.8901047300333245,51.85995623632385,False,0.35,20,7,0.0655778068071276,-1.0362844838178291,-0.9348637745476848
gaëthan,Gaëthan,NLC,2025,Spring,top,Ruddy Corporation,2.8833456831320525,51.00222717149221,False,0.4444444444444444,18,12,-0.6308556680986905,0.6170550231942389,-0.5879548802434574
mathisv,MathisV,LFL2,2025,Winter,mid,Karmine Corp Blue Stars,2.8738875882531913,49.21700223713646,False,0.5,14,7,-0.9036557884601456,-0.8710034110588974,-0.7755142171329295
faetski,Faetski,NLC,2025,Summer,bot,DMG Esports,2.8714882850115115,53.50877192982456,False,0.4666666666666667,15,10,0.8637553810930649,0.5260985575336314,0.4614232030330844
guubi,Guubi,NLC,2024,Spring,bot,Verdant,2.8678044681891834,53.289473684210535,False,0.5,14,9,0.8020103967479831,0.562154961203942,0.7201837382937543
hankat,Hankat,NLC,2026,Spring,jng,Deer Gaming,2.863807613026878,51.64113785557986,False,0.4705882352941176,17,8,-0.7021813252094795,0.1534085344644846,-0.5680764152532335
fun k3y,Fun K3y,PRM,2026,Winter,bot,Berlin International Gaming,2.8618371661489626,53.07017543859649,False,0.7333333333333333,15,8,-0.7608454525117212,-2.0251198279675915,-0.8132025925542541
zazee,ZaZee,PRM,2025,Spring,mid,Eintracht Frankfurt,2.855435798640952,48.99328859060403,False,0.2857142857142857,21,10,-0.7944191429843273,-1.3430720756159635,-1.0602256116528348
13,13,LFL2,2025,Winter,bot,Lille Esport,2.8507392085337275,52.85087719298246,False,0.3571428571428571,14,8,0.6586309786357203,-1.447141242639366,-0.5204143245232334
raen1,Raen1,TCL,2026,Spring,bot,Team Phoenix,2.845849011489433,52.63157894736842,False,0.25,16,11,0.8408157535552335,-0.358812110360812,-0.5996671818436483
akkers,Akkers,NLC,2026,Summer,sup,Brod n Friends,2.843426525137696,50.888888888888886,False,0.5,12,8,1.0764676447303927,-0.186373857302548,0.2014777671458176
ryuk,Ryuk,PRM,2026,Summer,bot,TeamOrangeGaming,2.842295764929137,52.41228070175439,False,0.3157894736842105,19,10,-0.3848859131620151,0.4916883857494022,0.2586233267638907
cpm,CPM,LVP SL,2025,Winter,top,Veni Vidi Vici,2.841705054888216,50.779510022271715,False,0.55,20,8,-1.5047588905602731,-1.6725849699477222,-0.6999892156974031
zwickl,ZWICKL,PRM,2026,Summer,jng,VfB eSports,2.8376912287172464,51.42231947483589,False,0.2777777777777778,18,11,0.9217240894690504,-0.6829822233286009,-1.095728626635086
bust,Bust,NLC,2026,Summer,top,DMG Esports,2.8339044171586774,50.55679287305123,False,0.5714285714285714,14,9,0.3180363887014442,-0.714843740169223,1.1629461160625234
saintsamson,SaintSamson,NLC,2025,Summer,top,Lundqvist Lightside,2.8271054338070107,50.33407572383074,False,0.6,10,7,1.0054359966798725,0.3270506580220406,0.789366897076787
time,Time,LVP SL,2025,Spring,jng,Veni Vidi Vici,2.8267054374425635,51.203501094091905,False,0.5333333333333333,15,8,0.7295668738789365,1.595264873986864,1.5566035711845734
kehvo,kehvo,NLC,2025,Summer,bot,Rich Gang,2.8173656507289158,52.19298245614035,False,0.5333333333333333,15,7,0.5768927693995745,0.2380514991515349,0.9209761350214936
sven,Sven,PRM,2026,Spring,top,VfB eSports,2.8153645444834896,50.11135857461024,False,0.1666666666666666,18,12,-0.3349928256779038,0.1939995265205933,-1.06648719686489
nomi,Nomi,NLC,2026,Summer,bot,Volda E-Sport,2.8123073830418974,51.973684210526315,False,0.4117647058823529,17,12,-0.0111112853451892,0.0339296660214175,0.3557693154790867
fornoreason,Fornoreason,PRM,2025,Finals,top,Unicorns of Love Sexy Edition,2.8107964351422257,49.88864142538976,False,0.5,14,10,0.5726816223765249,0.8342683058194281,0.8163269203832128
nightslayer,NightSlayer,LVP SL,2025,Summer,top,Movistar KOI Fénix,2.808433073062689,49.665924276169264,False,0.5,18,8,-0.1120326796578741,-0.0971979275162191,0.1075988069696584
rayito,Rayito,LVP SL,2025,Summer,bot,Veni Vidi Vici,2.8044732381590665,51.75438596491229,False,0.4285714285714285,14,7,0.543234170041817,-1.040908844112295,-1.001812408383868
denvoksne,DenVoksne,PRM,2026,Winter,bot,Unicorns of Love Sexy Edition,2.8020615461466876,51.53508771929825,False,0.6,15,10,1.0772748117318374,0.9829882542437024,-0.0054634945587962
addusto,Addusto,PRM,2026,Summer,top,Eintracht Frankfurt,2.799092515330038,49.44320712694877,False,0.1578947368421052,19,10,0.4560302523376368,0.859589081738724,-0.3968255590070052
enjawve,Enjawve,LFL2,2025,Spring,sup,Lille Esport,2.7765953539737405,50.66666666666667,False,0.3076923076923077,13,8,1.507307192970634,-0.7209283045743009,1.3435955260373165
backlund,Backlund,LFL,2025,Summer,mid,GameWard,2.7666805161948376,48.769574944071586,False,0.217391304347826,23,10,-1.1113787700255449,-0.7109921641924299,-1.082864488173827
vzz,Vzz,PRM,2025,Summer,bot,TeamOrangeGaming,2.764439761868736,51.31578947368421,False,0.75,12,8,0.5440765266247554,1.132207824053732,1.0622427515656545
tayron,Tayron,NLC,2025,Spring,top,Verdant,2.7623178099920183,49.220489977728285,False,0.5882352941176471,17,9,0.0199528143596569,-1.320215735120707,-0.6798876957660374
joexy,Joexy,TCL,2026,Spring,sup,Dark Passage,2.7591322122327533,50.44444444444445,False,0.1538461538461538,13,11,1.5875839788228865,0.6152476794406209,1.0181626944239155
xico,Xico,LVP SL,2024,Summer,mid,Guasones,2.754299139716898,48.54586129753915,False,0.3888888888888889,18,8,0.4174845113912557,0.112890492650173,-0.5035599658904168
soldier,Soldier,LFL2,2025,Summer,bot,Caldya Esport,2.749498243131122,51.09649122807017,False,0.4117647058823529,17,9,-0.8560981067660082,1.416199376607914,0.5374143502430911
kurama,Kurama,TCL,2026,Kickoff,jng,PCIFIC Esports,2.744083154763578,50.984682713347915,False,0.3571428571428571,14,9,0.9881423635669312,0.0735032976258018,0.3216078371824223
squiddly,Squiddly,NLC,2024,unknown,mid,Garden Gaming,2.740970199093042,48.322147651006716,False,0.5,16,8,-0.3017417502250654,-0.5259955238599502,-0.2590261512043216
rayito,Rayito,LVP SL,2025,Spring,bot,Veni Vidi Vici,2.7401756009846476,50.877192982456144,False,0.5333333333333333,15,9,-0.4588938709085132,0.0193779296919089,-0.3898242958524315
jeykup,Jeykup,LFL,2026,unknown,jng,BK ROG Esports,2.7391479320222576,50.76586433260394,False,0.5,12,5,0.8478617725467544,1.7050107800568106,0.3322816768104969
thomas,Thomas,LVP SL,2025,Spring,sup,Veni Vidi Vici,2.732171565254713,50.22222222222222,False,0.5333333333333333,15,5,-0.6614449501000877,0.8705916569251151,0.5588837234613837
starscreen,StarScreen,TCL,2024,Winter,top,FUT Esports,2.7247277327209263,48.9977728285078,False,0.4736842105263157,19,12,-0.6579236455571364,-0.406659471201839,-0.9039419533032444
pride,Pride,PRM,2025,Winter,top,Eintracht Spandau,2.7209933622943856,48.775055679287306,False,0.4,10,7,1.7553361451453386,0.8081157175782228,0.6925244432072808
envy carry,Envy Carry,LFL2,2024,Summer,mid,Project Conquerors,2.7128726687724303,48.09843400447427,False,0.4444444444444444,18,10,-1.371710140795554,-1.866181532755442,-2.104363104721766
mercy9,Mercy9,TCL,2024,Summer,mid,Misa Esports,2.711378293151374,47.87472035794183,False,0.5294117647058824,17,9,-0.0698732117105295,0.6330735528308532,-0.0012670082527894
ilevi,iLEVI,LVP SL,2025,Spring,sup,UCAM Esports,2.7074657019907433,50.0,False,0.4375,16,6,0.8091133870795789,0.4109922011057677,0.7467208236048999
kryze,Kryze,LFL,2024,Summer,top,Solary,2.706141819922856,48.55233853006681,False,0.4444444444444444,18,9,-0.530762599515691,-0.1687226786214312,0.012282548257013
ksaez,KSAEZ,TCL,2025,Summer,mid,BBL Dark Passage,2.704737149113459,47.651006711409394,False,0.3529411764705882,17,8,-0.9491387339092868,0.0065641461864562,-0.5095089087676821
boda,Boda,PRM,2026,Spring,top,Kaufland Hangry Knights,2.7016795465108268,48.329621380846326,False,0.5833333333333334,12,8,0.346593454588927,-0.1094849887224148,0.7554132640406068
carry,Carry,TCL,2025,Spring,sup,Papara SuperMassive,2.695987323847404,49.77777777777778,False,0.3571428571428571,14,7,1.6319081875324757,0.5189980621613229,0.3586547833944818
addusto,Addusto,PRM,2025,Summer,top,ROSSMANN Centaurs,2.6891731068638967,48.10690423162583,False,0.5333333333333333,15,8,0.8014176380044229,1.8139135024634436,1.0054567198803146
noname,NoName,TCL,2025,Spring,jng,Bushido Wildcats,2.6887178075539375,50.54704595185996,False,0.3684210526315789,19,10,-0.9123637859384984,-1.1880752687830998,-0.8380478762843557
unkn0wn,Unkn0wn,LVP SL,2025,Spring,bot,Ramboot Club,2.6856296329806737,50.6578947368421,False,0.4,15,7,1.0485691946707247,0.1814108725433811,0.5235754485472164
royalkanin,RoyalKanin,PRM,2025,Finals,mid,ROSSMANN Centaurs,2.679053349487156,47.427293064876956,False,0.6153846153846154,13,9,0.5761550157332881,-1.8313493684961448,1.115659719326926
mean,Mean,TCL,2026,Spring,bot,BoostGate Esports,2.6782466348999057,50.43859649122807,False,0.3809523809523809,21,9,-1.7949881311946143,-2.1023913067206936,-1.6948312168159072
mélyap,MélyaP,LFL2,2025,Summer,mid,Lille Esport,2.6717878944708096,47.20357941834452,False,0.5384615384615384,13,6,0.4498653507665865,-1.3533494073742625,0.4060756945994157
papiteero,Papiteero,NLC,2025,Winter,top,Verdant,2.669727331888184,47.88418708240535,False,0.4444444444444444,18,9,-0.1805612909245222,-0.4931575309299971,1.3673960812024084
thien,Thien,LVP SL,2025,Summer,top,Ramboot Club,2.666641926999031,47.66146993318486,False,0.5,14,6,0.8119875898775017,-0.7035653771080045,0.3511433706052723
baashh,Baashh,LFL2,2025,Spring,jng,Karmine Corp Blue Stars,2.658429918411569,50.32822757111597,False,0.3571428571428571,14,9,1.0851145057666831,0.3652412124758002,1.163095920216496
nikolex,Nikolex,NLC,2025,Summer,jng,Lundqvist Lightside,2.6547756167214027,50.10940919037199,False,0.5,12,9,1.8606206921006208,0.6538246273518278,1.0239617233988234
boukada,Boukada,LFL,2024,Spring,jng,Team GO,2.6518200136500516,49.89059080962801,True,0.4285714285714285,21,6,-1.1542974471163678,-1.0797468778338954,-1.6022928289820304
syzyfek,Syzyfek,LVP SL,2025,Summer,bot,Ramboot Club,2.643973890016484,50.21929824561403,False,0.5,14,6,0.7018296204502698,-0.5292154755967334,0.0964870978472365
scorth,Scorth,TCL,2025,Spring,bot,Bushido Wildcats,2.6421499314842656,50.0,False,0.3684210526315789,19,9,-0.8155909238269119,0.3098063228085383,0.001878663380607
rin,Rin,PRM,2026,Winter,bot,G2 NORD,2.6363679280298626,49.780701754385966,False,0.6,15,8,0.0084431875455981,0.630524424229556,0.5805046491365055
slt,SLT,LFL,2024,Summer,top,Team du Sud,2.6340257576734314,47.43875278396437,False,0.2222222222222222,18,8,-0.7990751679898958,-1.0954861169806818,-2.214453365779347
szygenda,Szygenda,LFL,2025,Flash In,top,BK ROG Esports,2.63341391668264,47.216035634743875,False,0.5833333333333334,12,8,-0.0412738699352102,-0.5886500191168983,0.2405592298339531
jakobobbi,Jakobobbi,PRM,2026,Spring,sup,VfB eSports,2.633155581435077,49.55555555555556,False,0.1666666666666666,18,11,0.7719933100074852,0.9012599043758048,-0.7835405475518408
relative,Relative,PRM,2024,Spring,mid,E WIE EINFACH E-SPORTS,2.624671104720742,46.97986577181208,False,0.5,18,5,-1.332285625379463,-0.6923443044841753,-1.225107429551838
jankos,Jankos,NLC,2025,Summer,jng,NORD Esports,2.6246261465689518,49.671772428884026,False,0.625,16,8,-0.3089415987206665,0.5858436935730726,1.5765077674204389
shiganari,Shiganari,PRM,2024,unknown,bot,NNO Prime,2.6215406149639686,49.56140350877193,False,0.5,18,11,-0.9898226734014278,-1.1472233322525065,-0.3514435793508209
joexy,Joexy,TCL,2024,unknown,sup,Galakticos,2.619344249574888,49.333333333333336,False,0.8571428571428571,7,4,1.4706215910020504,0.0236411020941596,1.4773262164548857
sacre,Sacre,PRM,2024,Spring,top,FC Schalke 04 Esports,2.6155785270114347,46.99331848552338,False,0.5,18,9,-0.2218460870404849,-0.0436253130896222,0.1626887126554741
joinze,Joinze,LFL2,2024,unknown,jng,Nameless (French Team),2.6086904118829266,49.45295404814004,False,0.6363636363636364,11,6,0.9641461381439056,0.8395074401556988,1.7675558214285756
boltox,Boltox,NLC,2026,Winter,sup,Arctic Pandas,2.599351054891162,49.111111111111114,False,0.7333333333333333,15,9,-0.9727528609787812,0.0040328668427343,0.310741326666731
milkshake,Milkshake,NLC,2024,unknown,jng,Lazy In Life,2.5920706185324356,49.23413566739606,False,0.5714285714285714,14,7,0.1375936173242314,0.5263610579397242,0.4989768034505258
deadhound,Deadhound,NLC,2024,Spring,bot,Venomcrest Esports,2.587012290088032,49.34210526315789,False,0.4705882352941176,17,12,-1.2312932862504602,-1.7004758009849177,0.1086088964193254
noname,NoName,LVP SL,2025,Summer,jng,Ramboot Club,2.5843774535445245,49.01531728665208,False,0.5,14,4,1.463382652285799,-0.0785471168017805,0.2562347724103185
veignorem,Veignorem,PRM,2025,Winter,sup,Eintracht Frankfurt,2.584105038932415,48.888888888888886,False,0.5,14,10,0.0300339837786664,0.6608567874064435,-0.3721075665834294
keduii,Keduii,LFL,2025,Flash In,bot,BK ROG Esports,2.5835718161534316,49.122807017543856,True,0.5833333333333334,12,7,0.9237900835368222,0.3407801037695139,0.1060557409007511
spooder,Spooder,LVP SL,2025,Winter,top,Movistar KOI Fénix,2.582948901917674,46.770601336302896,False,0.5333333333333333,15,6,-0.1589208889177898,-0.9885627511711764,0.0534237661551126
13,13,LVP SL,2025,Summer,bot,Movistar KOI Fénix,2.570409021028443,48.90350877192983,False,0.5,18,10,-0.5071498640209643,-0.4554380701844449,-0.5762237877842816
xagog,Xagog,PRM,2025,Summer,jng,ROSSMANN Centaurs,2.5697404478962254,48.796498905908095,False,0.5333333333333333,15,9,0.4407161520418463,-0.4751273042329115,-0.1688846704868333
special,Special,LVP SL,2024,Spring,mid,Rebels Gaming,2.5674723989062964,46.75615212527964,False,0.3888888888888889,18,9,-0.220848043536588,-0.1720402316456711,-1.218061782925337
twight,Twight,NLC,2024,Spring,jng,Venomcrest Esports,2.566571891860632,48.57768052516411,False,0.4705882352941176,17,10,-0.5331022922397126,-0.3007997836661586,0.2160008265948333
flamer,Flamer,PRM,2024,Spring,top,E WIE EINFACH E-SPORTS,2.561680481821477,46.5478841870824,False,0.5294117647058824,17,6,0.2796037499591608,0.927868640998446,1.1255007591938055
shelfmade,Shelfmade,PRM,2026,Winter,top,G2 NORD,2.5601618241170856,46.32516703786192,False,0.6,15,9,-0.810494397271627,0.5076742949113575,-0.6215536973515439
sayn,Sayn,LFL,2026,unknown,mid,BK ROG Esports,2.559970859445075,46.5324384787472,False,0.5,12,6,-0.9382700176830492,2.108163693361921,0.4882075617772526
nan0,Nan0,PRM,2025,Winter,mid,Austrian Force willhaben,2.556870624464595,46.308724832214764,False,0.5,16,9,-0.8446613710404041,-0.6384261541491589,-0.794431636490014
elijah,Elijah,NLC,2025,Spring,top,Lundqvist Lightside,2.555543295810054,46.10244988864143,False,0.375,8,7,1.2098148135991655,0.990079768998651,0.923328019212051
calmsky,Calmsky,NLC,2026,Winter,sup,DMG Esports,2.551892256695136,48.66666666666667,False,0.4666666666666667,15,7,1.1873044481078705,-0.1190810037892586,0.366851549175799
unkn0wn,Unkn0wn,PRM,2025,Summer,bot,Eintracht Frankfurt,2.549503908555786,48.68421052631579,False,0.5833333333333334,12,9,0.9847259724510646,-0.1845988910711094,0.5724360395015258
paixdia,Paixdia,TCL,2024,Summer,sup,Beşiktaş Esports,2.5480005826105945,48.44444444444444,False,0.5,18,7,-0.4788333211251093,-1.0740082026317743,-1.3075119899322796
vizicsacsi,Vizicsacsi,PRM,2024,Spring,top,Berlin International Gaming,2.5405994860945302,45.87973273942094,False,0.2777777777777778,18,8,0.2279468559668311,-1.2021810423028485,-0.3792605778536243
zhangsid,Zhangsid,LFL2,2024,Summer,mid,Akroma,2.5245260880963314,46.085011185682326,False,0.3888888888888889,18,7,-0.6855387274080748,0.2375473026905626,1.176859345780969
zest,Zest,LFL,2025,Spring,top,GameWard,2.523768492665063,45.657015590200444,False,0.3571428571428571,14,8,2.167077331609525,0.2612751961539737,0.2227966623871306
peng,Peng,LFL,2024,Spring,mid,GameWard,2.5215291139652956,45.86129753914989,False,0.3888888888888889,18,6,-0.9757477034190256,-1.6387798322570266,-0.4649300034681968
denvoksne,DenVoksne,PRM,2025,Finals,bot,Unicorns of Love Sexy Edition,2.5213863130308147,48.46491228070175,False,0.5,14,11,-0.086936967562894,0.5252709712454078,-0.2934297237443035
zazee,ZaZee,PRM,2025,Summer,mid,Eintracht Frankfurt,2.5132208684338013,45.63758389261745,False,0.5833333333333334,12,6,1.3123773360073827,-0.8204499043575187,0.3275944055337749
joinze,Joinze,LFL2,2025,unknown,jng,Skillcamp,2.511494557703639,48.35886214442014,False,0.6,10,8,1.00102680585428,1.1545369653555864,0.944978033831972
leon,Leon,LFL2,2025,Summer,sup,Esprit Shōnen,2.510757299331155,48.22222222222222,False,0.6153846153846154,13,7,0.2144181904222747,-0.1416016883105995,0.098543094076846
faetski,Faetski,NLC,2026,Winter,bot,DMG Esports,2.5091959690870294,48.24561403508772,False,0.4666666666666667,15,10,1.0432147661227047,0.7137958004337831,0.3747684370509679
tao,Tao,LFL2,2025,Winter,top,Karmine Corp Blue Stars,2.5059558997073954,45.43429844097995,True,0.5,14,7,0.5788819381834734,0.8519427751505122,0.263659537090162
lucky,Lucky,PRM,2024,Summer,sup,NNO Prime,2.5016482312531245,48.0,False,0.4444444444444444,18,7,-0.0797690411682736,2.474016771128147,0.1602263593771438
baul,Baul,NLC,2024,Summer,sup,Nativz,2.488023619537575,47.77777777777778,False,0.2857142857142857,14,11,1.8379584136765748,-0.1025035058388471,0.5571859928656775
don ponk,Don Ponk,NLC,2025,Summer,sup,Lundqvist Lightside,2.4798854182352263,47.55555555555556,False,0.6,10,6,0.9573894745522772,0.0587080628979026,-0.8729467912471719
rustysniper,RustySniper,NLC,2024,Spring,bot,Nativz,2.4740737619070625,48.026315789473685,False,0.4285714285714285,14,9,1.528905772802149,0.2332287954446366,0.5922763875476902
bong,Bong,TCL,2025,Spring,top,Bushido Wildcats,2.4724764077575405,45.211581291759465,False,0.3684210526315789,19,9,-0.8313222539368097,-0.7955323470169381,-0.9569320082489532
ermin,Ermin,NLC,2024,unknown,sup,Garden Gaming,2.4697832816214635,47.333333333333336,False,0.5,16,9,0.1573290608147921,-0.42911727049636,0.6991452170014633
ragner,Ragner,LFL,2024,Summer,top,Gentle Mates,2.4602005776847453,44.98886414253897,False,0.2222222222222222,18,10,-0.6330742027613189,1.1707829742465203,0.3904075147914894
avarice,Avarice,LFL,2026,unknown,bot,Project Conquerors,2.4552840214949456,47.80701754385965,False,0.3636363636363636,11,10,2.593783211755922,-0.5355451381948383,0.4557121964437935
spooky,SPOOKY,LFL2,2025,Summer,jng,Caldya Esport,2.4533369477853517,48.14004376367615,False,0.4117647058823529,17,10,0.3640596339236268,0.1899929245809622,0.5849421230184145
zazee,ZaZee,PRM,2024,Summer,mid,Eintracht Frankfurt,2.433117580551329,45.41387024608501,False,0.3333333333333333,18,7,-0.9363359648469805,-0.1962407453433225,-1.0386218446121374
cpm,CPM,LFL2,2025,Spring,top,Zerance,2.4325019471114655,44.766146993318486,False,0.4210526315789473,19,9,-2.120461562499288,-0.8184852863796198,-0.9563314545359014
elijah,Elijah,NLC,2024,Summer,top,Lundqvist Lightside,2.4290965836609133,44.543429844098,False,0.5,14,7,-0.0449389892455476,1.4244000875227074,1.0440772730501384
kaymin,Kaymin,NLC,2025,Spring,mid,Bulldog Esports,2.4287479343071023,45.19015659955257,False,0.5,12,8,0.5107835823764127,0.60257587326511,0.2335694794011505
white,White,PRM,2025,Finals,jng,Unicorns of Love Sexy Edition,2.428088458509212,47.921225382932164,False,0.5,14,10,-0.2235322980229481,-0.6652668765863328,-0.2825317817450246
citrus,Citrus,TCL,2025,Winter,jng,Bushido Wildcats,2.4277871089428706,47.70240700218819,False,0.4545454545454545,11,6,0.7380568676235499,0.13672883650144,-0.3745976989186014
pridestalkr,Pridestalkr,LVP SL,2024,Spring,jng,Barça eSports,2.426857918886032,47.4835886214442,False,0.2352941176470588,17,9,1.2988254401952557,1.133063840675737,0.1665086643502382
exofeng,Exofeng,NLC,2025,Spring,bot,Bulldog Esports,2.42610507702477,47.58771929824561,False,0.5,12,6,0.7091438368014155,-0.282825125903305,0.8326135569160814
send0o,Send0o,PRM,2025,Winter,top,Dung Dynasty,2.4201938196068675,44.32071269487751,False,0.4615384615384615,13,7,0.1770609353810923,-1.9049349997077865,-1.550588690194883
jankos,Jankos,NLC,2025,Winter,jng,Ruddy Corporation,2.416606789694204,47.26477024070022,False,0.5714285714285714,14,10,0.8287781912425405,0.24482902754244,1.2270674705764235
avra,Avra,PRM,2024,unknown,bot,Kaufland Hangry Knights,2.4138695514062536,47.368421052631575,False,0.6666666666666666,9,2,1.289355588448029,1.0876946029098522,1.666553466061248
enjawve,Enjawve,LFL2,2025,Summer,sup,Lille Esport,2.4100585201347653,47.11111111111111,False,0.5384615384615384,13,6,0.7626114150649685,-0.9947754835968768,0.3013979763211898
passzi,Passzi,LVP SL,2025,unknown,sup,Guasones,2.407928647640246,46.88888888888889,False,0.8571428571428571,7,6,0.7071067811865471,-0.7071067811865476,-0.7071067811865476
maxi,MAXI,LVP SL,2025,Spring,jng,Ramboot Club,2.404438585915687,47.04595185995623,False,0.4,15,8,0.9246683198095336,-0.5749134587038842,0.0273195345382224
paixdia,Paixdia,TCL,2025,Winter,sup,Beşiktaş Esports,2.401859087138657,46.666666666666664,False,0.3125,16,10,-0.4260632410370771,-0.3933343063395255,0.424752610879566
kasing,Kasing,NLC,2026,Winter,sup,Bulldog Esports,2.399530565210612,46.44444444444444,False,0.5,12,7,0.5166046093940648,-0.1748938654282426,0.5359404629531253
densi,Densi,PRM,2024,Summer,jng,Berlin International Gaming,2.3988121819206545,46.82713347921225,False,0.4444444444444444,18,7,-0.4713019473106221,-1.4925632559519162,-1.0452820895945938
fantomisto,fantomisto,NLC,2025,Summer,mid,DMG Esports,2.3927539662469797,44.966442953020135,False,0.4666666666666667,15,7,-0.8828073980321155,0.0088180517301441,0.0071774917401112
six10,Six10,PRM,2025,Summer,mid,TeamOrangeGaming,2.3891572848182197,44.742729306487696,False,0.75,12,6,0.2399567055410233,1.82424684556286,1.0462480953112878
unf0rgiven,UNF0RGIVEN,LVP SL,2025,Spring,bot,Movistar KOI Fénix,2.385347289664409,47.14912280701755,False,0.3076923076923077,13,8,1.5334166379668734,0.9410889799364672,-0.4305207468753493
lekcyc,Lekcyc,LVP SL,2024,Spring,sup,Rebels Gaming,2.3654494062740947,46.22222222222222,False,0.3888888888888889,18,10,-0.9132675757799582,1.426392085772595,1.2882911800730787
hesszero,HeSSZero,LVP SL,2024,Summer,top,ZETA,2.357513761074288,44.097995545657014,False,0.2777777777777778,18,9,0.6542057433334444,-0.4458024604231611,-0.7545746673188266
armut,Armut,TCL,2025,Spring,top,Papara SuperMassive,2.357005283888586,43.87527839643652,False,0.3571428571428571,14,7,-0.11419508076889,1.147874128524968,-0.4422987215857897
notiko,Notiko,PRM,2026,Spring,bot,Eintracht Frankfurt,2.3561476567113986,46.92982456140351,False,0.2352941176470588,17,8,0.436976622545713,-0.822396645112055,-1.32388396157042
cboi,Cboi,PRM,2024,Spring,jng,FC Schalke 04 Esports,2.3526550817465357,46.608315098468275,False,0.5,18,10,-1.5386311367792167,-0.1942461978442,-0.6154006452665312
lelouch,Lelouch,LVP SL,2025,unknown,bot,Guasones,2.3508606604388893,46.71052631578947,False,0.8571428571428571,7,6,0.7071067811865508,0.7071067811865476,0.7071067811865475
selenex,selenex,LVP SL,2025,unknown,top,Guasones,2.3508606604388858,43.652561247216035,False,0.8571428571428571,7,6,0.7071067811865475,0.7071067811865468,0.7071067811865476
innaxe,Innaxe,PRM,2025,Winter,bot,Dung Dynasty,2.344996718363645,46.49122807017544,False,0.4615384615384615,13,10,1.847740051603393,-0.511050113955767,-1.144457723727341
raxxo,Raxxo,LFL2,2024,Summer,sup,Esprit Shōnen,2.343353748664391,46.0,False,0.3888888888888889,18,6,0.411112934797831,-0.6603322005078662,-0.7666668103670327
doxy,Doxy,NLC,2024,Spring,top,Verdant,2.335320924096695,43.42984409799555,False,0.5,14,8,0.5544704278926295,0.5340903862988082,0.6729847164449706
sunfry,Sunfry,LFL,2026,unknown,sup,Project Conquerors,2.3270546366444274,45.77777777777778,False,0.3636363636363636,11,9,-0.0028779736978485,-0.5898696683589626,1.6380417526538804
coldraa,Coldraa,LVP SL,2025,Winter,bot,Ramboot Club,2.3249349608615146,46.271929824561404,False,0.5333333333333333,15,6,-0.1507017492366197,-0.1094356717990695,0.2122183883529408
mafro,Mafro,LFL2,2024,Summer,jng,Akroma,2.31586561185272,46.389496717724285,False,0.3888888888888889,18,8,0.4616757146252863,-0.7269848894369189,-0.5804522370025397
monkas,monkaS,TCL,2025,Spring,sup,Bushido Wildcats,2.312910767216848,45.55555555555556,False,0.4117647058823529,17,8,-0.6331915171659138,-0.3724125110343727,0.7241929058527298
d4nka,D4nKa,PRM,2024,Summer,jng,E WIE EINFACH E-SPORTS,2.312780101822905,46.17067833698031,False,0.3333333333333333,18,11,-0.353324499662234,-0.1539327447265923,-1.5876210668803894
smurfe,Smurfe,PRM,2025,Summer,top,TeamOrangeGaming,2.305962496320183,43.207126948775056,False,0.75,12,4,-0.2512724949530088,0.4617658003037749,-0.5095315612184138
time,Time,LVP SL,2024,unknown,jng,Veni Vidi Vici,2.301067847859787,45.951859956236326,False,0.7272727272727273,11,8,0.7071067811865475,0.7071067811865475,0.7071067811865476
hustlin,Hustlin,NLC,2025,Winter,sup,Ruddy Corporation,2.30001756661147,45.33333333333333,False,0.5714285714285714,14,7,-0.6681280906717743,-0.1890481804510879,-0.1602309774932868
lulas,Lulas,NLC,2025,Summer,jng,DMG Esports,2.2983532832362457,45.73304157549234,False,0.4666666666666667,15,6,-0.7038030396935557,-0.3568275379804828,-0.2963125810360122
bicas,bicas,NLC,2026,Summer,jng,DMG Esports,2.2905469475148696,45.51422319474836,False,0.5714285714285714,14,6,-0.6932029565162674,0.921522345422478,0.0867220652417105
nash,Nash,LVP SL,2024,Summer,sup,Guasones,2.28986379004075,45.111111111111114,False,0.3888888888888889,18,6,-1.0245873559049536,0.5001612239277672,-0.0240588710138382
toland,TolanD,TCL,2025,Winter,mid,Beşiktaş Esports,2.2796878334700224,44.51901565995526,False,0.3125,16,10,-0.4602088972113562,0.0012264549068663,-0.3138109862410493
diplex,Diplex,LFL,2025,Spring,mid,Joblife,2.2792846625814445,44.29530201342282,False,0.4,15,10,-0.065919346602402,-0.4648580817513814,-0.1074191081469257
joexy,Joexy,TCL,2026,Kickoff,sup,PCIFIC Esports,2.275770015358335,44.888888888888886,False,0.3571428571428571,14,8,0.3944438797407255,0.516143503520698,0.4247079517062519
owlonsky,OWLONSKY,LFL2,2024,Summer,jng,Lille Esport,2.268713121064283,45.29540481400438,False,0.3333333333333333,18,6,-0.2765077296483006,-0.6289698294509384,-0.2838557712553756
whiteknight,WhiteKnight,LVP SL,2024,Spring,top,Barça eSports,2.266575521854531,42.98440979955457,False,0.2352941176470588,17,12,0.2180675098557694,-1.682107901250329,0.0814364109788531
sacre,Sacre,PRM,2025,Summer,top,Eintracht Frankfurt,2.2630652860462805,42.761692650334076,False,0.5833333333333334,12,8,0.6630261012761345,-0.0174885051227401,0.0024441998009026
starscreen,StarScreen,LVP SL,2025,Spring,top,Veni Vidi Vici,2.2604934693110112,42.53897550111358,False,0.5333333333333333,15,13,-0.4794640515095711,0.3473196431795818,0.0447464129731026
eyliph,Eyliph,LFL2,2025,unknown,top,Skillcamp,2.25589986764946,42.31625835189309,False,0.6,10,8,1.103304639917177,0.7933167055202235,1.1355957939263202
hecabrand,Hecabrand,TCL,2026,Spring,top,Team Phoenix,2.2548214345986803,42.093541202672604,False,0.25,16,9,0.0093415342947311,-1.4770859010673731,-1.3987804008383082
bean,Bean,PRM,2025,Finals,bot,Berlin International Gaming,2.252230679705006,46.05263157894737,False,0.6666666666666666,9,8,0.1510901215192861,0.0513217836849195,-0.4204632458598806
c7,C7,LFL2,2024,Summer,top,Klanik Esport,2.2487388296302093,41.87082405345212,False,0.3333333333333333,18,9,-1.7560394329190463,-0.7975035336469206,-1.5538566957807955
macaquinho,Macaquinho,LVP SL,2025,unknown,mid,Guasones,2.2479203525754157,44.07158836689038,False,0.8571428571428571,7,7,0.707106781186547,0.7071067811865456,0.7071067811865475
lyrokun,Lyrokun,LFL2,2025,unknown,sup,Kaeru Gyuangu,2.2475334898350217,44.666666666666664,False,0.4666666666666667,15,9,1.059669090225235,0.4558807593266387,0.1982181706568412
mersa,Mersa,LFL,2025,Flash In,sup,Solary,2.2447619444053952,44.44444444444444,False,0.4761904761904761,21,9,-0.8788416727008314,-0.9268333168578756,0.6942372327573172
fleshy,Fleshy,LFL,2025,Flash In,sup,Vitality.Bee,2.2439869311632767,44.22222222222222,True,0.5,8,5,1.5913226681978827,1.6919286993111842,1.1316900901770008
flipper,Flipper,NLC,2024,unknown,jng,Garden Gaming,2.2429450704897125,45.076586433260395,False,0.5,16,7,0.1285656069777792,0.8479724390137399,1.039526588369533
nicolaiy,nicolaiy,PRM,2024,unknown,jng,Kaufland Hangry Knights,2.2428908568572457,44.85776805251641,False,0.6666666666666666,9,4,1.008961461949067,2.020706822983368,1.9984708268971303
neramin,Neramin,TCL,2025,Summer,bot,BBL Dark Passage,2.238912971139658,45.83333333333333,False,0.3529411764705882,17,7,-0.0749395257351946,-0.1629411165358796,0.7176980354153176
jokaa,jokaa,PRM,2025,Winter,jng,Eintracht Spandau,2.2343596517941644,44.63894967177243,False,0.4,10,7,0.389473976499835,-1.067026789386184,-0.1153817939384088
mkl,MKL,NLC,2026,Summer,bot,B2U,2.232173665510632,45.614035087719294,False,0.5,14,8,-0.0123247845418421,-1.1101206405588984,-0.782846839521649
cboi,Cboi,PRM,2025,Summer,jng,TeamOrangeGaming,2.2295569416870764,44.42013129102845,False,0.75,12,9,0.1030925135731066,0.2712856701291453,1.0127860604456993
myrtus,Myrtus,LFL,2024,Summer,sup,Solary,2.2282458477612876,44.0,False,0.4444444444444444,18,7,-0.627414316176048,-0.2838783426830753,-0.0019388174665185
shy carry,Shy Carry,LVP SL,2025,Summer,bot,LUA Gaming,2.2237318163355257,45.39473684210527,False,0.4615384615384615,13,6,0.0175984771677748,-0.7833127808168528,0.7784851355675634
joinze,Joinze,LFL2,2025,Summer,jng,Skillcamp,2.223113669760212,44.201312910284464,False,0.4285714285714285,14,5,-0.0875759624950703,0.2162282204007804,0.326993997551582
kamiloo,Kamiloo,LFL2,2024,Spring,mid,IziDream,2.2226340887900116,43.84787472035794,True,0.6666666666666666,6,5,1.6859909515610154,0.2554923771630811,2.4331032718087675
difference,Difference,PRM,2024,Spring,top,Eintracht Frankfurt,2.2201170271440427,41.648106904231625,False,0.3333333333333333,18,7,-0.4655944000548448,-0.5068417678827335,-0.2753706051954299
xicor,Xicor,LFL2,2025,Spring,bot,IziDream,2.215118463256412,45.17543859649123,False,0.5,12,6,-0.4471820467228853,-0.2526569883411197,-0.4244818133781893
marky,Marky,LVP SL,2025,Winter,top,LUA Gaming,2.2091127831633854,41.42538975501114,False,0.5,12,7,0.8724823221623788,0.1489999420774984,0.3715230941608772
nafkelah,Nafkelah,LFL2,2025,Summer,mid,Caldya Esport,2.2057401393980545,43.624161073825505,False,0.4117647058823529,17,10,0.0606417738798471,-1.617017532629544,0.7007029356695803
infoneral,Infoneral,PRM,2025,Winter,sup,TeamOrangeGaming,2.20465991030293,43.77777777777778,False,0.4666666666666667,15,8,-0.0195777791774564,-0.112084846997857,-0.1832041703297788
hydra,Hydra,LVP SL,2025,Summer,mid,LUA Gaming,2.196615985817627,43.40044742729307,False,0.4615384615384615,13,6,0.1034488819856261,0.4541209821031797,-0.7377707181344059
farfetch,Farfetch,PRM,2026,Spring,sup,Eintracht Frankfurt,2.193399633232536,43.55555555555555,False,0.2352941176470588,17,10,-0.1261324592802045,-0.2608598848518039,-0.5466930113530909
jejky,Jejky,NLC,2024,Spring,jng,Nativz,2.186778359314932,43.98249452954048,False,0.4285714285714285,14,7,-0.0540339571760584,-0.586485690182766,-1.1800712178593191
cboi,Cboi,PRM,2024,unknown,jng,FC Schalke 04 Esports,2.184536981748455,43.7636761487965,False,0.4166666666666667,12,10,1.303897738932206,0.1678369069307711,0.1092314360393804
vespa,Vespa,LFL2,2024,Summer,bot,Zerance,2.1831446978124482,44.95614035087719,False,0.2777777777777778,18,9,-0.3995795212055808,0.1101523787379867,-1.1284353950020327
croniik,CRoNiiK,LFL2,2024,Summer,jng,IziDream,2.1728010088397087,43.544857768052516,False,0.5294117647058824,17,8,-0.9696025353210436,-0.4125302601854977,0.2665396836378517
guubi,Guubi,NLC,2025,Spring,jng,Venomcrest Esports,2.170009661175451,43.32603938730853,False,0.3846153846153846,13,8,0.7938420691732875,-1.34153089451326,-1.185924548191871
fun k3y,Fun K3y,PRM,2025,Finals,bot,ROSSMANN Centaurs,2.169255908358081,44.73684210526316,False,0.6153846153846154,13,9,-0.4079369980093575,0.1860176254632828,0.5367012452169179
sotsy,Sotsy,LFL,2025,Summer,top,GameWard,2.168507505215405,41.202672605790646,False,0.217391304347826,23,10,-2.376486712506391,-0.774731150389034,-2.177535796068452
syzyfek,Syzyfek,NLC,2026,Winter,bot,Bulldog Esports,2.1634225522665207,44.51754385964912,False,0.5,12,11,0.5270760043379289,-0.1712094954651398,0.1785703991598262
kaylem,Kaylem,LFL2,2025,Summer,top,Lille Esport,2.162667500925337,40.97995545657015,False,0.5384615384615384,13,8,-0.9242110354003924,0.2453746432445679,-1.204577024519414
perkz,Perkz,NLC,2025,Winter,top,Ruddy Corporation,2.1611264536838086,40.75723830734967,False,0.5454545454545454,11,9,1.1972761457092005,0.5268108997352335,0.0594012934735414
boda,Boda,LFL,2026,unknown,top,BK ROG Esports,2.1546543094573303,40.53452115812918,False,0.5,12,10,-0.4916324957058539,0.5315765004596433,0.6218600947402849
obstinatus,Obstinatus,NLC,2025,Spring,sup,Verdant,2.146553221090817,43.333333333333336,False,0.5,14,8,-0.6567852441827547,1.0112865792648449,1.6267579847765037
banderas,Banderas,NLC,2025,Winter,top,Rich Gang,2.1402008861530812,40.31180400890869,False,0.5714285714285714,14,11,-0.1428123478897168,-0.2684529778666854,-0.1099834503620178
kamito,Kamito,NLC,2026,Summer,bot,DMG Esports,2.138910456486196,44.29824561403509,False,0.5714285714285714,14,7,-0.1718870845748617,1.6609958535972622,0.3282850892738621
sencux,Sencux,PRM,2024,Summer,mid,Berlin International Gaming,2.126267908986844,43.17673378076063,False,0.4444444444444444,18,8,-0.1290352994494572,-0.5773039368028873,0.1729262804810166
nille,Nille,NLC,2026,Spring,top,Arctic Pandas,2.1259541925027508,40.089086859688194,False,0.5,12,8,0.3327869124496478,0.6334582294480882,-0.0478765208367057
jakobobbi,Jakobobbi,PRM,2026,Summer,sup,VfB eSports,2.1206484370870866,43.111111111111114,False,0.2777777777777778,18,10,0.7979047274991469,0.9867929427179636,-0.62016329388282
bao,BAO,LFL,2024,Summer,bot,Gentle Mates,2.1160875360756193,44.07894736842105,False,0.2222222222222222,18,10,-0.5831651370519392,-0.6353650609436128,-0.3455682409813911
eckas,Eckas,LFL,2024,Summer,jng,Solary,2.1158964579446415,43.10722100656455,False,0.4444444444444444,18,6,-1.4321553709692385,-1.1245839105426052,-1.391011212799751
lulas,Lulas,NLC,2026,Winter,jng,DMG Esports,2.1017981109285215,42.88840262582057,False,0.4666666666666667,15,8,0.3912950751010342,-0.3857833578401676,0.1753312452875585
certified,Certified,NLC,2024,unknown,bot,Lazy In Life,2.0946612319369144,43.859649122807014,False,0.7,10,5,0.8623309371111472,-0.7267145242283196,-0.9856636671200426
bean,Bean,PRM,2025,Summer,bot,Berlin International Gaming,2.094226970100594,43.640350877192986,False,0.9,10,7,0.2797018606897903,0.6796259036602345,0.6430925480514283
vaynedeta,Vaynedeta,PRM,2025,Winter,bot,Austrian Force willhaben,2.089407732706836,43.42105263157895,False,0.5,16,10,-0.8465894949674883,0.6043141605851723,1.1973352491826683
nsurr,Nsurr,LFL2,2024,Summer,sup,Project Conquerors,2.0882143851797057,42.888888888888886,False,0.4444444444444444,18,5,0.1989587248439217,0.8578564891205667,0.8064001268343529
buchi,Buchi,NLC,2024,Spring,top,Lundqvist Lightside,2.0798889527974462,39.86636971046771,False,0.3846153846153846,13,7,0.5596037057280551,2.070309608784004,-0.1778391397432975
furuy,Furuy,LFL2,2025,unknown,mid,Skillcamp,2.0777512605376716,42.95302013422819,False,0.6,10,8,0.2307857682131804,-0.3594212394645525,-0.3652479065573949
nomi,Nomi,NLC,2025,Winter,bot,Rich Gang,2.0702688467115697,43.20175438596491,False,0.5384615384615384,13,8,0.5634941570993965,0.4455554701486379,1.3800596943860337
fireascept,FireAscept,TCL,2026,Kickoff,mid,PCIFIC Esports,2.0672804998356296,42.72930648769575,False,0.3571428571428571,14,8,0.8515695575432608,-0.9346085381604696,0.4837254274129262
sn1lle,Sn1lle,LVP SL,2025,Winter,jng,LUA Gaming,2.05382928947642,42.669584245076585,False,0.5,12,5,-0.6329811908241053,-1.1044355922527629,0.1055920558286199
deimos,Deimos,LFL2,2024,Summer,top,Lille Esport,2.0510155065158764,39.643652561247215,False,0.3333333333333333,18,10,-0.3659009569726599,-2.0459899581077674,-0.7998567078765777
uden,uden,NLC,2026,Spring,sup,Deer Gaming,2.05031354562046,42.66666666666667,False,0.4705882352941176,17,10,-0.4638601357288588,0.8721838889558193,0.7105471371770371
emp,Emp,NLC,2024,Spring,jng,Lundqvist Lightside,2.044069813142905,42.4507658643326,False,0.3846153846153846,13,8,1.0475484606175338,1.0185405872734012,-0.5051466184197656
fantomisto,fantomisto,NLC,2026,Winter,mid,DMG Esports,2.035072952061872,42.505592841163306,False,0.4666666666666667,15,5,-0.5039609216180482,-0.4149681045122174,-0.8441388319329445
royalkanin,RoyalKanin,PRM,2026,Winter,mid,Unicorns of Love Sexy Edition,2.0341436637007324,42.281879194630875,False,0.6,15,9,-0.7821021224414936,-0.2508079204806243,-0.1393810743644275
nightslayer,NightSlayer,PRM,2025,Winter,top,Austrian Force willhaben,2.033128584327821,39.42093541202672,False,0.5,16,8,-1.357816158804847,0.4675135647036665,-0.024430029192194
sencux,Sencux,PRM,2024,Spring,mid,Berlin International Gaming,2.0329642156751904,42.05816554809844,False,0.2777777777777778,18,8,-0.22074294681881,-0.4463205304726563,0.4365672591128005
jeyrus,Jeyrus,TCL,2026,Summer,bot,DIA Ozarox Esports,2.03229334750144,42.98245614035088,False,0.4545454545454545,11,9,0.8800202699990548,-0.1635012423123193,-0.2243663156772235
omon,OMON,LFL,2025,Flash In,mid,BK ROG Esports,2.0171058600554064,41.83445190156599,False,0.5833333333333334,12,7,-0.446753596356806,-0.1976971118715416,-0.8871446111325398
drali,Drali,LFL2,2025,unknown,top,Kaeru Gyuangu,2.015657174161632,39.198218262806236,False,0.4666666666666667,15,9,-0.2566283316916643,0.3299684108241292,-0.3866442477792763
legolas,Legolas,LVP SL,2024,Spring,bot,Barça eSports,2.013714626275962,42.76315789473684,False,0.2352941176470588,17,7,0.7615251889404908,-1.2650555547304192,-0.116550084202714
max1,Max1,PRM,2024,Spring,sup,E WIE EINFACH E-SPORTS,2.011242414226485,42.44444444444444,False,0.5,18,12,-1.1410580772564491,-0.8940343075773954,-0.8980451190304077
luke,Luke,PRM,2026,Spring,mid,VfB eSports,2.010607176375836,41.61073825503356,False,0.1666666666666666,18,9,-1.3924694930164156,-0.2894764812188883,-1.6791454163408637
scarface,Scarface,PRM,2024,Summer,top,NNO Prime,2.0105277961351504,38.97550111358575,False,0.4444444444444444,18,9,-0.9951172233025806,-1.6536765738260972,0.5782507066560836
boltox,Boltox,NLC,2025,unknown,sup,Epic Avalanche,2.0069306852354685,42.22222222222222,False,0.5555555555555556,9,7,0.8514756942777146,0.2943324818861133,0.233152909987136
erolle,Erolle,NLC,2024,Spring,mid,Verdant,2.0019365962318854,41.387024608501115,False,0.5,14,8,-0.1270602747369245,-0.5110096200975998,-1.2116119907248992
bartholdy,Bartholdy,NLC,2024,Summer,jng,Lundqvist Lightside,2.000224173812869,42.23194748358862,False,0.5,14,8,-0.7001892565935675,-0.8700923740529435,-1.064022572880711
phantomles,Phantomles,LFL2,2024,Summer,mid,Klanik Esport,1.9968423154540529,41.163310961968676,False,0.3333333333333333,18,10,-0.6137513394064782,-0.0873878379125878,-0.009814027969303
lucker,Lucker,LFL2,2024,Summer,bot,Esprit Shōnen,1.9962221550163417,42.54385964912281,False,0.3888888888888889,18,10,-0.3178433070714319,-0.5956054207654577,-1.1492808769101863
koldo,Koldo,LVP SL,2025,Spring,jng,UCAM Esports,1.994619834831304,42.01312910284464,False,0.4375,16,8,-0.6321759802358901,-0.9879229922355488,-0.4093454267250417
neon,Neon,TCL,2025,Winter,bot,Beşiktaş Esports,1.9923052899647025,42.32456140350877,False,0.3125,16,7,1.033568618649861,1.1331301046066895,1.9028156908590637
xkenzuke,xKenzuke,LFL2,2024,unknown,mid,Joblife,1.9905363720793188,40.939597315436245,False,0.3076923076923077,13,9,1.143861623835161,0.3594337481949138,0.7785553604720267
koala,Koala,LFL2,2025,Summer,top,Zerance,1.9890228353967372,38.75278396436526,False,0.3571428571428571,14,6,0.3520539235081608,-0.2184360392692142,0.2126662076551678
stormax,Stormax,LFL,2025,Summer,jng,GameWard,1.9873145348697479,41.79431072210066,False,0.217391304347826,23,10,-1.5337944842238596,-1.250971957771799,-1.498370425356674
tazaku,Tazaku,PRM,2026,Spring,bot,VfB eSports,1.9851436649452388,42.10526315789473,False,0.1666666666666666,18,10,-1.0380042874448858,-1.0740982258970655,-0.8609173061098792
evaan,Evaan,LFL2,2024,Summer,mid,Lille Esport,1.9844566472715497,40.7158836689038,False,0.3333333333333333,18,8,-0.594840048364032,-0.4198105432366643,-0.6572559786559204
nash,Nash,LVP SL,2025,Summer,sup,Veni Vidi Vici,1.9723640673068505,42.0,False,0.4285714285714285,14,7,-0.4286385906940276,0.4244268228412214,-0.5652040494878888
eloha,Eloha,TCL,2024,unknown,top,NONAME,1.9712000693432048,38.530066815144764,False,0.5833333333333334,12,9,0.3661243032108759,0.4054134330387433,0.4969650077380058
seaz,seaz,PRM,2025,Finals,sup,Unicorns of Love Sexy Edition,1.9702530912052714,41.77777777777778,False,0.5,14,9,-0.001737876265401,1.5117671962008978,0.6816946177858286
eski,Eski,NLC,2025,Winter,sup,Rich Gang,1.9688248135759916,41.55555555555556,False,0.5714285714285714,14,8,-0.1691951998181214,-0.2078097281064965,0.0927865736278905
lider,LIDER,NLC,2025,Winter,mid,Ruddy Corporation,1.9652562559890236,40.49217002237137,True,0.6153846153846154,13,11,0.1593190554659299,0.422350347346612,1.1624499791997236
badlulu,Badlulu,LFL,2024,Summer,top,Aegis,1.962193642837547,38.30734966592428,False,0.1666666666666666,18,7,0.0888651002524131,0.6030830312185446,-0.0380509181353649
humzh,Humzh,NLC,2025,Winter,bot,Ruddy Corporation,1.9537326523716085,41.885964912280706,False,0.5714285714285714,14,10,-0.7147827395972132,-0.6951000408049078,0.3892292328316428
bambi,Bambi,LFL,2026,unknown,top,Project Conquerors,1.9533651446263234,38.084632516703785,False,0.3636363636363636,11,7,1.0001142004447354,-0.8882892690103138,0.2484066881993305
shy carry,Shy Carry,LVP SL,2025,Winter,bot,LUA Gaming,1.9531759924470746,41.66666666666667,False,0.5,12,5,0.3256394393662395,-0.4744514784943568,-0.3980340733613265
empyros,Empyros,LFL,2025,Flash In,top,Gentle Mates,1.9515036016995397,37.8619153674833,True,0.5454545454545454,11,6,-0.6196199084369007,1.5855790309524618,-0.9925783374550702
shy carry,Shy Carry,LVP SL,2025,Spring,bot,LUA Gaming,1.951310073817203,41.44736842105263,False,0.4210526315789473,19,9,-0.6814467906992187,-0.6437431163047111,-0.9022822241885684
agresivoo,Agresivoo,LFL,2024,Spring,top,Aegis,1.9482709282704636,37.639198218262806,False,0.1666666666666666,18,8,-0.9447512699395963,0.0972811938590654,-2.1097496272257708
varry,Varry,PRM,2025,Spring,bot,Eintracht Frankfurt,1.9461616146463099,41.228070175438596,False,0.2857142857142857,21,7,-1.1546544502838074,-1.1678229238638609,-1.0050185756886143
innaxe,Innaxe,LFL,2024,Summer,bot,Team du Sud,1.9445328998117999,41.00877192982456,False,0.2222222222222222,18,11,-1.076460199863253,-1.025808197314686,-0.9734993165587776
mercy9,Mercy9,TCL,2025,Winter,mid,Bushido Wildcats,1.9413303316184156,40.26845637583892,False,0.5,16,8,-1.0281148492910248,1.961447531836688,-0.4143904549684701
atat,Atat,TCL,2026,Kickoff,sup,Dark Passage,1.9396813269652944,41.333333333333336,False,0.3076923076923077,13,9,1.1683552542264866,-1.2808510663046984,0.2267384170630414
lorenz,Lorenz,NLC,2025,Winter,sup,Venomcrest Esports,1.9373359906972247,41.11111111111111,False,0.2222222222222222,9,7,2.0268881592015435,-0.5079577341324737,0.3657690322474879
croniik,CRoNiiK,LFL2,2024,Spring,jng,IziDream,1.9350143100719048,41.57549234135667,False,0.6666666666666666,6,2,1.2136335562606435,1.4444902715528758,1.185652106669732
mireu,Mireu,LFL,2024,Summer,mid,Gentle Mates,1.9349714786708931,40.044742729306485,False,0.2222222222222222,18,9,0.5657029519635811,0.3320402794018154,1.0846768733326777
croniik,CRoNiiK,LFL,2025,unknown,jng,Esprit Shōnen,1.931587252773784,41.35667396061269,False,0.6666666666666666,9,7,0.7071067811865465,0.7071067811865488,-0.7071067811865476
kkt,KKT,LFL2,2025,Spring,jng,Lille Esport,1.9315721551202722,41.13785557986871,False,0.3571428571428571,14,8,-0.412777858769357,-1.179149292886208,-1.1744795280383564
oleg,Oleg,LVP SL,2025,Summer,jng,Veni Vidi Vici,1.931142275332822,40.91903719912472,False,0.4285714285714285,14,6,0.5323152975789959,0.2857363865900499,0.3148418427949717
febiven,FEBIVEN,LFL,2024,Spring,mid,Team du Sud,1.9187822581529088,39.821029082774054,False,0.3333333333333333,18,6,-0.3460085688387894,0.6774913386106494,-1.5235409980039565
tao,Tao,LFL2,2025,Spring,top,Karmine Corp Blue Stars,1.9154542032396846,37.41648106904232,True,0.3571428571428571,14,9,0.2490768605491637,1.2514828826482636,1.564892860322255
achranos,Achranos,NLC,2026,Summer,mid,Brod n Friends,1.9123345116753374,39.59731543624161,False,0.5,12,7,0.1963530219836415,-0.4215450011664819,-0.1645112227038229
noodle,Noodle,NLC,2026,Winter,jng,Bulldog Esports,1.9107100220015771,40.70021881838075,False,0.5,12,5,0.8451362955164095,0.6029717965362149,0.4924324652467572
kiki,Kiki,LFL2,2025,unknown,jng,Kaeru Gyuangu,1.905850247758435,40.48140043763676,False,0.4666666666666667,15,10,-0.9989700213713968,-0.5940999033140829,-1.047173614483465
sotsy,Sotsy,LVP SL,2025,Spring,top,Ramboot Club,1.9049547381466025,37.193763919821826,False,0.4,15,9,-0.2909975005518496,-1.082140983550314,-0.2698552353377292
kenal,Kenal,PRM,2025,Summer,bot,Austrian Force willhaben,1.904519862691859,40.78947368421053,False,0.3846153846153846,13,9,1.2694403786958717,-1.145673092008599,0.9079138917676416
rayito,Rayito,LVP SL,2024,Spring,bot,Ramboot Club,1.9044830218106414,40.57017543859649,False,0.6,10,7,-0.5200229899156834,0.9495889155150778,-1.4242745321079218
enjawve,Enjawve,LFL2,2025,Winter,sup,Lille Esport,1.9041471736257007,40.88888888888889,False,0.3571428571428571,14,6,0.3383215705553724,2.005876642623731,0.0288710673317016
fabfabulous,fabFabulous,TCL,2024,Winter,top,NASR eSports Turkey,1.9035729599998195,36.97104677060133,False,0.2857142857142857,14,9,-0.8306116389555993,-1.872621605065781,-0.9781348615488892
ryuzaki,Ryuzaki,LVP SL,2024,Summer,jng,Guasones,1.88829227732741,40.26258205689278,False,0.3888888888888889,18,7,-1.4165625504104982,-1.1000072303790212,0.3075886282319802
seelame,Seelame,LFL2,2024,Spring,bot,Joblife,1.8854052737694231,40.35087719298245,False,0.6666666666666666,6,5,1.3121604575305168,-1.2468296063551172,0.1445669375395345
adam,Adam,LFL,2026,unknown,top,ZYB Esport,1.8840509514889685,36.74832962138085,False,0.2857142857142857,14,12,0.5287380943891384,0.741175684900617,0.3654064883908821
hydra,Hydra,LVP SL,2025,Winter,mid,LUA Gaming,1.8722974395196723,39.37360178970917,False,0.5,12,6,0.0328169628210205,0.7948858481684339,0.3932840699041948
abagnale,Abagnale,LFL2,2024,Summer,sup,Akroma,1.8691358106184504,40.666666666666664,False,0.3888888888888889,18,5,-0.8916599655443147,0.0283522507806071,0.5084465114377565
uden,uden,NLC,2026,Winter,sup,Deer Gaming,1.8675701435401437,40.44444444444444,False,0.5555555555555556,9,7,0.4385199316395997,-0.6938759608074053,1.2258041345923911
fornoreason,Fornoreason,PRM,2024,Summer,top,MOUZ NXT,1.8521551616037093,36.525612472160354,False,0.2222222222222222,18,8,-1.2530393067974022,-0.8379146707480116,-1.9397731597028156
hazel,Hazel,LFL2,2025,Spring,bot,Karmine Corp Blue Stars,1.8443462439278204,40.131578947368425,True,0.3571428571428571,14,8,-0.2704954505635262,0.5489859088981153,-0.6948555101645798
aladoric,Aladoric,PRM,2025,Summer,sup,Austrian Force willhaben,1.8390900199969595,40.22222222222222,False,0.3846153846153846,13,6,0.4830430521992321,-0.2951606386956898,1.7858677942480436
lekcyc,Lekcyc,PRM,2024,Summer,sup,Berlin International Gaming,1.8352529176568175,40.0,False,0.4444444444444444,18,6,-0.7315422921716013,-0.0163839329884183,-0.9491322876419886
shelfmade,Shelfmade,PRM,2025,Finals,top,Berlin International Gaming,1.8313848471311345,36.30289532293987,False,0.6666666666666666,9,6,-0.3925894567627891,-0.2681882043307402,1.1786674309718028
zanzarah,Zanzarah,PRM,2025,Summer,jng,Eintracht Frankfurt,1.8301058035366322,40.0437636761488,False,0.5833333333333334,12,8,0.1898943361387713,-0.3700091810334762,-0.2077512939976115
hydra,Hydra,LFL2,2024,unknown,mid,MHSC Esport,1.828837272003128,39.14988814317674,False,0.4117647058823529,17,9,-1.4104051552673875,-1.0901332693885255,-1.907174530652176
kio,Kio,LFL2,2024,unknown,top,MHSC Esport,1.8287782779127495,36.080178173719375,False,0.4117647058823529,17,8,-0.1662331875450785,0.8402861475966074,0.9113023390871312
pybal,Pybal,NLC,2024,unknown,mid,Lazy In Life,1.823721109996002,38.92617449664429,False,0.5714285714285714,14,6,-0.2332157366769329,0.0459730258610372,-0.4416889405624821
dizl,DizL,PRM,2024,Summer,bot,Eintracht Frankfurt,1.8201230675009208,39.91228070175439,False,0.3333333333333333,18,9,-0.5938104987908139,0.2594197977651736,-0.6603506981380346
eckas,Eckas,LVP SL,2025,Spring,jng,Movistar KOI Fénix,1.8182416806531205,39.82494529540481,False,0.3076923076923077,13,8,1.1386192732379417,-0.1364861756231463,0.9469023132061584
diplex,Diplex,PRM,2026,unknown,mid,All for One Gaming,1.818162716361841,38.702460850111855,False,0.5555555555555556,9,8,0.6146349669171307,0.7423500657153405,1.2097432083868598
mihai,Mihai,LFL2,2025,unknown,bot,Skillcamp,1.8181125744887068,39.69298245614035,False,0.6,10,8,-0.5462391281365707,-0.4026792286309981,1.108694678916559
attila,Attila,LVP SL,2024,Summer,bot,ZETA,1.8165977696005449,39.473684210526315,False,0.2777777777777778,18,10,-0.2625993949291271,0.907885993684962,-0.3905688256479456
holyphoenix,HolyPhoenix,TCL,2024,Winter,bot,Misa Esports,1.815654565678737,39.25438596491228,False,0.4285714285714285,14,8,-0.5268094367735281,0.5038710441045229,-0.38079529487695
calmsky,Calmsky,NLC,2025,Summer,sup,DMG Esports,1.804263339932318,39.77777777777778,False,0.4666666666666667,15,7,0.07531939019331,-0.986555752576578,-0.0925185539772897
smurfe,Smurfe,PRM,2025,Finals,top,TeamOrangeGaming,1.804222549287941,35.85746102449889,False,0.4285714285714285,14,9,0.1141309257896588,1.041876148367754,-0.2200920859308416
kobbe,Kobbe,NLC,2025,Spring,bot,Venomcrest Esports,1.7973647368545258,39.03508771929825,False,0.3846153846153846,13,8,1.0066337518062705,-0.1101266144337039,0.0822042698979724
andariel,ANDARIEL,PRM,2024,Spring,bot,Berlin International Gaming,1.7940898234033456,38.81578947368421,False,0.2777777777777778,18,12,-1.6277776686408287,0.8413937950833106,0.6815070443604546
d4nka,D4nKa,PRM,2025,Winter,jng,Austrian Force willhaben,1.7878627633832431,39.606126914660834,False,0.5,16,9,-1.001072582444375,-0.4486956808027776,-0.4641698789726338
furby,Furby,NLC,2026,Winter,mid,Lund Esports Organization,1.7851758078068554,38.47874720357942,False,0.625,8,6,0.6923549299863174,1.2275217070891435,-0.1261924438649073
patkicaa,PatkicaA,LFL2,2025,Spring,top,IziDream,1.7818765655365265,35.634743875278396,False,0.4285714285714285,14,9,-0.1435221229908006,-0.3743266213436789,-0.08151570724555
monkas,monkaS,TCL,2025,Winter,sup,Bushido Wildcats,1.7728775827659697,39.55555555555556,False,0.5,16,8,-1.3628035853032483,-0.2409365186966836,-0.3679132976232324
goldenpenny,Goldenpenny,NLC,2025,Summer,bot,Lundqvist Lightside,1.7711836105860321,38.59649122807017,False,0.4285714285714285,14,7,-0.3262456242009711,-0.4196574585591157,0.0481094205233026
ilevi,iLEVI,LVP SL,2025,Winter,sup,UCAM Esports,1.7710229217881863,39.33333333333333,False,0.3846153846153846,13,6,-0.5276002102050497,-0.4603514091569358,0.3072802567938749
kkt,KKT,LFL2,2025,Winter,jng,Lille Esport,1.7704099510524884,39.38730853391685,False,0.3571428571428571,14,9,-1.2539253081158908,-0.6784497709544273,-1.182326220415797
rustysniper,RustySniper,NLC,2025,Winter,bot,Lundqvist Lightside,1.7675956499953744,38.377192982456144,False,0.3333333333333333,12,6,1.8869821457324143,-0.8406869424937018,-0.6787455254537478
white,White,PRM,2026,Winter,jng,Unicorns of Love Sexy Edition,1.7668269102546867,39.16849015317287,False,0.6,15,7,-0.1153296768805234,0.1266912240647831,0.3165685765201184
febiven,FEBIVEN,LFL,2024,Summer,mid,Team du Sud,1.7649592232554627,38.25503355704698,False,0.2222222222222222,18,7,-0.620969682209524,0.77056662218468,-0.6529993404795666
ozgur,Ozgur,TCL,2024,unknown,bot,Galakticos,1.7633566786044081,38.15789473684211,False,0.8571428571428571,7,4,1.1037098268687104,0.8048308828242198,0.9598771926462368
hid0,Hid0,LFL,2024,Spring,bot,Aegis,1.7633502303828923,37.93859649122807,False,0.1666666666666666,18,7,-0.6538787081012453,0.1201252343628409,-1.6581108612103417
baashh,Baashh,LFL2,2025,Winter,jng,Karmine Corp Blue Stars,1.7590463200870246,38.949671772428886,False,0.5,14,7,-1.0904085348257426,-1.8146587795195368,-1.3768482014570902
fun k3y,Fun K3y,PRM,2025,Winter,bot,Kaufland Hangry Knights,1.7566990619056901,37.719298245614034,False,0.4,10,7,-0.3539710021326411,0.6563268031891357,-0.5407314238219951
kkt,KKT,LFL2,2024,Spring,jng,Joblife,1.7556440832988522,38.7308533916849,False,0.6666666666666666,6,4,0.8737621919852149,1.3511267214167073,1.3455244304301268
sangrod,Sangrod,TCL,2026,Spring,top,Dark Passage,1.7549100338884855,35.4120267260579,False,0.1538461538461538,13,12,1.0725675023861203,-0.5075673612097027,-1.052064128953744
xdrop,xDrop,NLC,2024,Summer,bot,Verdant,1.749994304361676,37.5,False,0.2857142857142857,14,11,0.5168389908933393,1.2672178368069351,-0.5742986204012891
mihai,Mihai,LFL2,2025,Summer,bot,Skillcamp,1.7481777154991167,37.280701754385966,False,0.4285714285714285,14,8,-0.5351226755537014,-0.1429854626492642,0.416729510229765
noname,NoName,LVP SL,2024,Summer,jng,ZETA,1.74483666527112,38.51203501094092,False,0.2777777777777778,18,10,-0.9793162053377112,-1.4520829604187495,-1.6480027700784
sayn,Sayn,LFL2,2025,Spring,mid,IziDream,1.7438248116222597,38.03131991051455,False,0.4285714285714285,14,8,0.4409719985536102,1.291440874116219,1.616405153669001
marky,Marky,LVP SL,2025,Summer,top,LUA Gaming,1.7416508503252714,35.18930957683742,False,0.4615384615384615,13,7,-0.0122151233152523,0.2970020699856223,0.7258821732170256
meto,meto,TCL,2026,Spring,jng,Team Phoenix,1.7374842551910248,38.29321663019694,False,0.25,16,7,-0.7175026419630715,-0.99265367397556,-0.3854884935633747
dibu,dibu,NLC,2026,Spring,jng,Arctic Pandas,1.7371043156449002,38.074398249452955,False,0.5,12,8,-0.180066876990674,-0.3173685737356911,0.5541154695434738
woldjo,Woldjo,PRM,2026,Summer,jng,TeamOrangeGaming,1.7355512181693142,37.85557986870897,False,0.3157894736842105,19,10,-1.5802694346692991,-1.0079996811844347,-0.4761227092950376
twiizt,Twiizt,PRM,2026,Winter,sup,Unicorns of Love Sexy Edition,1.735319183203398,39.111111111111114,False,0.6,15,9,-0.5051175737693572,-0.2300085864909183,-0.5118378425313107
kkt,KKT,LFL2,2025,Summer,jng,Lille Esport,1.7350012780272626,37.63676148796499,False,0.5384615384615384,13,7,-1.3636460092000973,-0.5200621359857517,-0.2196104310181458
zwickl,ZWICKL,PRM,2026,Spring,jng,VfB eSports,1.7347734834332083,37.41794310722101,False,0.1666666666666666,18,11,0.2360808245623653,-1.3018546346375814,-0.5350316916790833
kireas,Kireas,TCL,2026,Kickoff,jng,Dark Passage,1.7341600249107894,37.199124726477024,False,0.3076923076923077,13,8,-0.2764071580464563,-0.3465737065826686,0.2698861472716402
calmsky,Calmsky,NLC,2025,Spring,sup,DMG Esports,1.7325502266981898,38.88888888888889,False,0.4,15,10,-0.1704983959194952,-0.6128596251085758,-0.7869778618851183
buchi,Buchi,NLC,2025,Spring,top,DMG Esports,1.7270628182396934,34.96659242761693,False,0.4,15,8,-0.9193476032392252,0.6568859982397292,-0.9261993242023414
sniiier,SniIIer,NLC,2025,Spring,sup,KAOS e-sport,1.7232326378926917,38.666666666666664,False,0.2857142857142857,14,8,0.9239528365659564,-0.0777392439239609,-1.1840362905123407
farfetch,Farfetch,TCL,2024,Summer,sup,Misa Esports,1.7221790567427093,38.44444444444444,False,0.5294117647058824,17,5,-0.3987115739569909,-0.9691539010017264,0.0159990012409996
dreilix,Dreilix,PRM,2024,Summer,bot,MOUZ NXT,1.7183730130772976,37.06140350877193,False,0.2222222222222222,18,11,-0.4331916168193553,-1.2141594564043736,-1.4217380143050815
honor,HONOR,LFL,2024,Spring,sup,Team du Sud,1.7181467314399619,38.22222222222222,False,0.3333333333333333,18,8,-0.8434364364017688,-0.8299678950434498,-2.268722531436853
whistle,Whistle,TCL,2024,Winter,mid,NASR eSports Turkey,1.715282494861322,37.8076062639821,False,0.2857142857142857,14,11,0.3624918294352939,0.6485783383032687,0.9653312019587472
syn,Syn,NLC,2026,Summer,bot,Brod n Friends,1.7146608669763945,36.84210526315789,False,0.5,12,6,0.1847319788705456,-0.1059831319473735,-0.4327272560115142
kakarot,Kakarot,TCL,2026,Kickoff,bot,PCIFIC Esports,1.7095979257986207,36.622807017543856,False,0.3571428571428571,14,9,-0.6682889942153805,-0.8244185043260864,0.1067820928282287
cboi,Cboi,PRM,2025,Finals,jng,TeamOrangeGaming,1.7082805761507238,36.98030634573304,False,0.4285714285714285,14,10,-0.5185464673698325,-0.4103008021193491,-1.163872510601481
doss,Doss,PRM,2026,Spring,sup,Kaufland Hangry Knights,1.7031361207312874,38.0,False,0.5833333333333334,12,9,-2.0765023975054326,-1.2750895073048834,-1.2274336754018071
looki,Looki,PRM,2025,unknown,bot,DKB XPERION NXT,1.7021443189915375,36.40350877192983,False,0.4166666666666667,12,11,0.7071067811865472,0.7071067811865529,-0.7071067811865475
bisgaard,Bisgaard,NLC,2025,Summer,mid,Lundqvist Lightside,1.6992297370418172,37.58389261744966,False,0.4285714285714285,14,10,0.2732601180062501,-1.4278568296087863,0.0069342855082633
trayton,Trayton,LFL2,2024,unknown,sup,Nameless (French Team),1.6907393956146612,37.77777777777778,False,0.6363636363636364,11,4,-0.0634784531224565,-1.2546534378121112,0.4252819885239202
bayonetta,Bayonetta,TCL,2024,unknown,top,Galakticos,1.6905074732846141,34.74387527839644,False,0.8571428571428571,7,5,1.023215794561885,0.5334326782526675,1.130366054485043
tayto,Tayto,PRM,2025,unknown,top,DKB XPERION NXT,1.6893904947644132,34.521158129175944,False,0.4166666666666667,12,9,1.126103247302303,0.1147117851181786,-1.1302239498120117
zazee,ZaZee,PRM,2024,Spring,mid,Eintracht Frankfurt,1.684161814550613,37.360178970917225,False,0.3333333333333333,18,9,-0.98845315269797,0.0446185753983707,-0.3363174638462561
kasing,Kasing,NLC,2025,Spring,sup,Bulldog Esports,1.6812920531142073,37.55555555555555,False,0.5,12,9,-0.0621526749275178,0.4653190091496438,-0.7732130668744445
vayu,vayu,NLC,2025,Spring,top,KAOS e-sport,1.6776445839805734,34.29844097995546,False,0.3076923076923077,13,7,0.6307208367428747,-1.3688168663064997,-0.7661771342045756
zuhy,Zuhy,NLC,2025,Winter,mid,KAOS e-sport,1.6703534508997906,37.13646532438479,False,0.4,10,7,0.51218493941346,0.5287202100464328,-0.3574886274723436
click,Click,LVP SL,2025,Summer,sup,LUA Gaming,1.6693374030654677,37.333333333333336,False,0.4615384615384615,13,8,0.1942080684954289,0.7620508338724171,-0.3356124475615755
leon,Leon,PRM,2024,Spring,sup,Berlin International Gaming,1.6668171475768507,37.111111111111114,False,0.2777777777777778,18,9,-1.3702156865244657,-1.15745135337135,-0.2456757990587813
joki37,Joki37,NLC,2026,Summer,jng,Bulldog Esports,1.6647866982501334,36.76148796498906,False,0.4615384615384615,13,10,-0.3113477806179981,-1.9274479835008136,-1.1618252790302634
highway,Highway,LFL2,2024,Summer,sup,IziDream,1.6602149563130184,36.888888888888886,False,0.4666666666666667,15,9,0.4944979584472509,1.9663431756824048,0.1928079072563298
kobs,Kobs,LFL,2026,unknown,jng,Esprit Shōnen,1.6576143202384195,36.542669584245075,False,0.3333333333333333,15,6,-0.5515004914739783,-1.0939842807121103,-1.2987740270465322
richu,Richu,PRM,2026,Summer,sup,Eintracht Frankfurt,1.654671685797738,36.666666666666664,False,0.1578947368421052,19,13,-0.6837270896195791,0.5502072789368251,-1.7835286560500574
kitano,Kitano,LFL2,2024,unknown,top,Nameless (French Team),1.6519855706549673,34.075723830734965,False,0.6363636363636364,11,5,-0.01680091683697,1.6338509934506658,-0.2645925475058131
eyliph,Eyliph,LFL2,2025,Summer,top,Skillcamp,1.651422133665454,33.85300668151447,False,0.4285714285714285,14,9,-0.4365778062128425,0.543160428889666,-1.1604328226623728
sn1lle,Sn1lle,LVP SL,2025,Summer,jng,LUA Gaming,1.650088272168632,36.32385120350109,False,0.4615384615384615,13,7,0.771523136000635,0.3738841954839075,0.4017305815037063
sacre,Sacre,PRM,2024,unknown,top,FC Schalke 04 Esports,1.6477118989584065,33.630289532293986,False,0.4166666666666667,12,10,-0.7842568645081505,0.69265135912838,-0.0723707397072297
berone,Berone,NLC,2026,Summer,top,Brod n Friends,1.641178544855077,33.4075723830735,False,0.5,12,9,-1.0036644540103563,-0.3850777654467535,-0.756552492778744
rutzou,Rutzou,NLC,2025,Winter,sup,KAOS e-sport,1.6400846479495321,36.44444444444444,False,0.3636363636363636,11,9,0.255672641170174,0.0475526788295772,-0.0689512940281167
aspect,Aspect,TCL,2026,Summer,jng,DIA Ozarox Esports,1.6392582571964214,36.10503282275711,False,0.4545454545454545,11,8,1.096846835452417,0.2861621175680131,0.8285411567939931
boltox,Boltox,NLC,2026,Spring,sup,Arctic Pandas,1.6378088703959706,36.22222222222222,False,0.5,12,7,-0.1261787816987043,0.1493287804321916,-0.3829527082493802
twelve,Twelve,LFL2,2024,Summer,top,Zerance,1.6371365764136951,33.18485523385301,False,0.2777777777777778,18,9,-1.272028021869117,0.8500698894083668,-1.1442146106249462
veignorem,Veignorem,PRM,2025,Summer,sup,Eintracht Frankfurt,1.6333249214361287,36.0,False,0.5833333333333334,12,5,-0.6551174641564749,0.7248520141262214,0.1896906228812586
dizl,DizL,PRM,2024,Spring,bot,Eintracht Frankfurt,1.6306474837181708,36.18421052631579,False,0.3333333333333333,18,7,-0.7866043079760625,-1.0971791810193272,-0.6035473233890385
tweek,Tweek,NLC,2026,Summer,jng,Brod n Friends,1.6282305366412662,35.886214442013134,False,0.5,12,5,0.1644581974181254,0.1005350367347885,0.4810065874881746
rames,RAMES,LFL,2025,Spring,jng,Joblife,1.6279887130956177,35.667396061269145,False,0.4,15,7,0.2300641221860543,0.0918868881757644,0.0274311447323763
citrus,Citrus,LFL,2024,Summer,jng,Aegis,1.6263238639397837,35.44857768052516,False,0.1666666666666666,18,10,-0.2460696811500751,0.5526984865476703,-1.4494789663249237
kakarot,Kakarot,NLC,2026,Spring,bot,Deer Gaming,1.6238400217007367,35.96491228070175,False,0.4705882352941176,17,7,-0.1919633106947554,-1.651676529273376,0.0562248385155305
kamilius,kamilius,LVP SL,2025,Winter,sup,Movistar KOI Fénix,1.6213297126764603,35.77777777777777,False,0.5333333333333333,15,4,-1.096622175292374,-0.2104811268888754,0.5935896113827304
sinmivak,Sinmivak,LVP SL,2025,Winter,top,UCAM Esports,1.6136734886514101,32.962138084632514,False,0.3846153846153846,13,7,0.3192334907035818,0.5879152797820036,0.4864035705756459
hungrypanda,HungryPanda,PRM,2025,Winter,sup,Austrian Force willhaben,1.6130373386071837,35.55555555555556,False,0.5,16,11,-0.3192836647469433,0.8414549923606626,0.6206757983807418
osman123,Osman123,TCL,2025,Spring,jng,Eternal Fire,1.6098888198574395,35.22975929978118,False,0.2142857142857142,14,7,-0.7344001852925853,-0.2668623839980273,0.0126924359364418
matias,Matias,LFL,2025,Summer,bot,GameWard,1.6006567911689105,35.74561403508772,False,0.217391304347826,23,11,-1.395867177698258,-0.2335037395905427,-0.861884968680056
furuy,Furuy,LFL2,2025,Summer,mid,Skillcamp,1.599455965663357,36.91275167785235,False,0.4285714285714285,14,6,-0.2128756056315651,0.7748462920560029,0.7966906942051512
jokaa,jokaa,PRM,2025,Spring,jng,Eintracht Spandau,1.5930923715176106,35.010940919037196,False,0.2857142857142857,14,12,-0.2452237144658934,-0.7468812366821436,-1.0787932257284951
escik,ESCIK,LVP SL,2025,Winter,mid,UCAM Esports,1.5825047595267039,36.68903803131991,False,0.3846153846153846,13,8,-0.346057244812179,-0.0729281050091579,0.2202845529457527
leny,Leny,LFL,2025,Spring,top,Joblife,1.5816067931726594,32.73942093541203,False,0.4,15,7,-0.8173997915079276,-1.6674473366037172,-1.0073604185129448
javier,Javier,LVP SL,2024,Summer,mid,Rebels Gaming,1.5810050871082053,36.46532438478747,False,0.1111111111111111,18,9,-1.3264819848695424,0.242826216545468,-0.4796643592002305
zicssi,Zicssi,LFL,2025,Flash In,jng,Gentle Mates,1.5742036962672394,34.79212253829322,False,0.5454545454545454,11,6,-0.7982213727372756,1.330082118942468,1.064762634400658
deadly,Deadly,LFL,2024,unknown,bot,Ici Japon Corp. Esport,1.573094259814773,35.526315789473685,False,0.5454545454545454,11,6,0.7071067811865475,-0.7071067811865475,-0.7071067811865476
hamsi,Hamsi,TCL,2026,Summer,top,DIA Ozarox Esports,1.5708525705634837,32.516703786191535,False,0.4545454545454545,11,8,-0.344742356140338,-1.8142664843169023,-1.4006363212132256
flamer,Flamer,PRM,2024,Summer,top,E WIE EINFACH E-SPORTS,1.57049777792262,32.29398663697104,False,0.3333333333333333,18,8,-0.7521600358716934,0.7521794629122875,-0.2648929949019483
neon,Neon,PRM,2024,unknown,bot,SK Gaming Prime,1.5611105001019139,35.30701754385965,False,0.3125,16,5,0.4256610031132988,1.0905647274757295,0.59191333820785
alaric,Alaric,NLC,2025,Summer,sup,Rich Gang,1.5586031611353344,35.333333333333336,False,0.5333333333333333,15,7,-1.4007103575056303,-0.4106873442472388,0.2985898674505504
shredder,Shredder,LFL2,2025,Summer,sup,Skillcamp,1.554083078690006,35.11111111111111,False,0.4285714285714285,14,5,-0.952607344294526,0.0409319360564382,-0.4986103020851406
scorth,Scorth,TCL,2024,Winter,bot,NASR eSports Turkey,1.5537260340678594,35.08771929824561,False,0.2857142857142857,14,9,-0.589721647409735,-0.8883689688308218,0.3633218381442164
wendel,Wendel,NLC,2025,Spring,sup,Venomcrest Esports,1.5508918136603222,34.88888888888889,False,0.3846153846153846,13,9,1.114189162072961,-0.1587920268430545,0.0556850338814378
mojito,Mojito,LFL2,2024,Summer,jng,Klanik Esport,1.5485119556614069,34.57330415754923,False,0.25,8,7,1.790360730187727,1.2216981458446885,0.827510096412165
krimson,Krimson,LFL2,2025,Winter,jng,Zerance,1.5480527996204025,34.35448577680525,False,0.2142857142857142,14,9,-0.1399947971464993,-0.0304983726706331,0.5964302580935609
carve,Carve,TCL,2026,Summer,sup,DIA Ozarox Esports,1.5448599973479347,34.66666666666667,False,0.4545454545454545,11,5,0.6914466954919904,-0.8699855964973381,-0.7634189245119983
nsurr,Nsurr,LFL2,2025,Spring,sup,Karmine Corp Blue Stars,1.5347302608034352,34.44444444444444,False,0.3571428571428571,14,5,0.3090613950229566,1.8416391116809072,-0.942779849801892
bjoernen,Bjoernen,NLC,2026,Summer,bot,Lundqvist Lightside,1.533307926178625,34.868421052631575,False,0.4166666666666667,12,9,-0.7429785104426577,-0.1215407711005329,-1.0709470613306262
mathisv,MathisV,LFL2,2025,Spring,mid,Karmine Corp Blue Stars,1.5244764183925208,36.241610738255034,False,0.3571428571428571,14,8,-0.9940649262514508,-0.7927210407218324,-1.1878359721731018
feisty,Feisty,LVP SL,2025,Final Four,mid,GIANTX iTero,1.5218949606960543,36.017897091722595,False,0.75,8,6,0.7071067811865481,0.7071067811865425,0.7071067811865475
honor,HONOR,LFL,2025,Spring,sup,GameWard,1.519660548103127,34.22222222222222,False,0.3571428571428571,14,9,-0.3634274992970807,-0.0906357543431032,-0.8976366800621579
tazaku,Tazaku,PRM,2024,Summer,bot,E WIE EINFACH E-SPORTS,1.5184953788586868,34.64912280701755,False,0.3333333333333333,18,12,-0.93996181624932,-0.4953955855446998,-0.1347944564091629
noz2k,Noz2k,PRM,2025,Summer,bot,E WIE EINFACH E-SPORTS,1.5179752706493888,34.42982456140351,False,0.3846153846153846,13,10,-0.1946991272289528,-0.2825786164131807,-0.2836755206928943
mkl,MKL,NLC,2024,unknown,bot,Garden Gaming,1.5132515657043963,34.21052631578947,False,0.5,16,6,-1.2637967626932942,-0.4974726522903298,0.187358080968881
powerofevil,PowerOfEvil,PRM,2025,Winter,mid,Eintracht Spandau,1.5093468405306991,35.79418344519016,False,0.4,10,6,0.0845794800994051,1.3173046939628124,0.3844310218068756
kamilius,kamilius,LFL,2024,Summer,sup,Gentle Mates,1.509230832884453,34.0,False,0.2222222222222222,18,6,-0.295266311276352,0.8272441994695615,-0.2344108397317185
fynox,Fynox,NLC,2024,unknown,bot,KAOS e-sport,1.5013387383820815,33.99122807017544,False,0.75,12,4,-2.132274616993891,0.8422634236642115,-0.3146460524529197
yohan,Yohan,TCL,2024,Summer,jng,NASR eSports Turkey,1.500045272588394,34.13566739606127,False,0.2857142857142857,14,9,-0.042212388431896,1.2310750759592792,0.6918621731632609
yuros,Yuros,TCL,2026,Summer,mid,DIA Ozarox Esports,1.4977748861423477,35.57046979865772,False,0.625,8,6,0.0744842830195753,-0.0590410400334568,0.0199818603686588
unf0rgiven,UNF0RGIVEN,LFL,2026,unknown,bot,BK ROG Esports,1.4933962546300399,33.771929824561404,False,0.5,12,4,-0.5130558368447645,1.5097011195664347,-0.0305661996177039
steeelback,Steeelback,LFL,2024,Spring,sup,GameWard,1.4923018204869567,33.77777777777778,False,0.3888888888888889,18,7,-1.187174133805541,0.932814380220852,0.3915722582159741
xkenzuke,xKenzuke,LFL2,2024,Spring,mid,Joblife,1.491572175729171,35.34675615212528,False,0.6666666666666666,6,5,1.0325911518497537,1.035158742506828,0.1502341977625001
mirrai,Mirrai,NLC,2024,unknown,bot,Rich Gang,1.4890394309650634,33.55263157894737,False,0.6666666666666666,9,5,0.1073253020084792,-0.2687799746322848,-1.0414214696993425
knighter,Knighter,NLC,2025,Spring,mid,Venomcrest Esports,1.4881958463011582,35.123042505592835,False,0.3846153846153846,13,8,-0.4127327984520019,0.517072834254739,0.9027628729701876
valiant,Valiant,NLC,2026,Summer,mid,Volda E-Sport,1.4868311230973037,34.899328859060404,False,0.3571428571428571,14,10,-1.706618038485409,-0.4782290771345029,-0.8840716924335413
katevolved,KatEvolved,PRM,2025,Winter,mid,Dung Dynasty,1.4845422024173587,34.675615212527966,False,0.4545454545454545,11,7,1.0247532915353466,-1.5605982655167348,-0.8300079544059034
taxvig,Taxvig,NLC,2024,unknown,jng,KAOS e-sport,1.4803309918643406,33.91684901531728,False,0.75,12,7,-1.170301250537111,-1.2935033628192485,0.0228665234634806
lulas,Lulas,NLC,2025,Spring,jng,Bulldog Esports,1.478081874897191,33.69803063457331,False,0.5,12,6,-0.7083256050849882,-1.02753634830283,-0.4832278906833402
lekcyc,Lekcyc,LFL2,2025,Spring,sup,IziDream,1.477657834650974,33.55555555555556,False,0.4285714285714285,14,6,-1.192244488341631,0.0288120754105259,-0.5644446971264249
krimson,Krimson,LFL2,2025,Summer,jng,Zerance,1.4764725430386871,33.479212253829324,False,0.3571428571428571,14,7,-0.6628803082997773,1.5789156735236058,0.5499130401512208
ronaldo,Ronaldo,TCL,2025,Spring,mid,Bushido Wildcats,1.4716861059070288,34.45190156599553,False,0.4285714285714285,7,4,0.6364758621878294,0.376002076727261,-0.0148338999514553
wakz,Wakz,LFL2,2024,unknown,bot,Nameless (French Team),1.470522605572496,33.33333333333333,False,0.6363636363636364,11,3,-0.2721782497245397,0.2025170849903653,0.0103076433524052
oguzkhan,Oguzkhan,NLC,2025,Summer,jng,Rich Gang,1.4694978522653581,33.260393873085334,False,0.5,14,7,-0.5105963277625555,0.4788641462849644,0.1235984027318643
gakgos,Gakgos,TCL,2024,Summer,top,NASR eSports Turkey,1.4690949597423342,32.071269487750556,False,0.2857142857142857,14,10,-0.5485340219735312,0.1497284433369463,-0.1999426091047313
doxy,Doxy,NLC,2025,Spring,top,Venomcrest Esports,1.4677444082742264,31.848552338530066,False,0.3846153846153846,13,7,-0.1078295180461018,-1.113841521637519,-0.2106033049339041
smallbugi,SmallBugi,TCL,2026,Spring,mid,Team Phoenix,1.4670277811609553,34.22818791946309,False,0.25,16,10,-1.1253427244101977,-1.5151615628265562,-1.095697744209815
scarlet,Scarlet,PRM,2024,unknown,mid,Spinebusters E-Sport,1.4665280012266464,34.00447427293065,False,0.5714285714285714,7,4,1.8724161321849653,-1.3585954537371272,1.3966421960416957
xicor,Xicor,LFL2,2024,Spring,bot,Lille Esport,1.4624735997147056,33.114035087719294,False,0.6666666666666666,6,5,0.9956328885705276,1.9092337286863008,0.2721955145499138
matixx,Matixx,NLC,2025,Summer,top,Rich Gang,1.4599588579072624,31.625835189309576,False,0.5333333333333333,15,7,-1.4215690561577772,0.4753760967039553,0.5178616064254549
tiky,Tiky,LFL2,2024,unknown,mid,Nameless (French Team),1.4560319105998532,33.78076062639821,False,0.6363636363636364,11,4,-0.4304062927047387,-1.3801030164906165,-0.2819524105081996
iwanan,iwanan,LFL2,2025,Summer,mid,Zerance,1.4552426854589429,33.557046979865774,False,0.3571428571428571,14,7,-0.554442966541681,0.4245258921670713,-1.003834710424302
toffe,Toffe,LFL,2025,unknown,mid,Team BDS Academy,1.4486936304397777,33.33333333333333,False,0.5,12,7,0.7071067811865501,0.7071067811865475,-0.707106781186548
varry,Varry,PRM,2025,Winter,bot,Eintracht Frankfurt,1.445882868590795,32.89473684210527,False,0.5,14,9,-1.2887615658501024,-0.7994178912505646,-1.3748680700048124
drchaos,DrChaos,NLC,2024,Spring,sup,Lundqvist Lightside,1.441063654247935,33.33333333333333,False,0.3846153846153846,13,9,0.2120913444533428,0.4895559310311196,0.9916364499504422
prettygre,PrettyGRE,LVP SL,2024,Summer,mid,ZETA,1.437110748595527,33.1096196868009,False,0.2777777777777778,18,11,-0.1607075253842144,0.6274009742199682,-0.9376166332980383
peagod,peagod,TCL,2024,unknown,bot,NONAME,1.4366847763933797,32.67543859649123,False,0.5833333333333334,12,5,-0.2579697937785915,0.3146518061590694,0.075918247907646
denvoksne,DenVoksne,PRM,2025,Summer,bot,Unicorns of Love Sexy Edition,1.4306853630654588,32.45614035087719,False,0.5555555555555556,9,4,-0.053570230666376,1.3397660908368096,0.7961956523884548
nuq,NuQ,LFL2,2024,Spring,top,Joblife,1.4264155407394532,31.403118040089083,False,0.6666666666666666,6,5,2.2398915531502475,-0.0082589764821062,1.4340955618935984
white,White,LFL,2024,Summer,jng,Gentle Mates,1.424256858663137,33.04157549234136,False,0.2222222222222222,18,9,-0.7908459449497419,-1.2531429030256152,0.1650700301235608
bean,Bean,LFL,2024,Summer,bot,Aegis,1.4233696159593305,32.23684210526316,False,0.1666666666666666,18,11,-1.3825078343365085,-1.753536322754098,-1.810364293182597
kireas,Kireas,TCL,2026,Spring,jng,Dark Passage,1.4223750732666862,32.822757111597376,False,0.1333333333333333,15,9,-0.5720405117255375,-0.7528652024560539,-1.0295497628685522
kuroneel,Kuroneel,LFL2,2024,Summer,mid,Zerance,1.422145364822571,32.88590604026846,False,0.2777777777777778,18,9,-0.2210962945325672,-0.4710028344714604,-0.752718000920778
bunnybeast,BunnyBeast,NLC,2026,Summer,bot,Lund Esports Organization,1.421120899047262,32.01754385964912,False,0.4615384615384615,13,7,-0.7628369039228443,1.2244171123913543,-0.2383025762112595
pyrka,Pyrka,LVP SL,2025,Winter,sup,Ramboot Club,1.4195247955482178,33.111111111111114,False,0.5333333333333333,15,7,-0.7901234638845704,1.979542687796902,0.3979682934260842
sven,Sven,PRM,2024,unknown,top,Kaufland Hangry Knights,1.4186398032168466,31.180400890868597,False,0.6666666666666666,9,6,0.3746488315371947,-1.207592342935534,-0.6432971037063304
tore,Tore,PRM,2024,Summer,sup,Eintracht Frankfurt,1.4133086339903111,32.88888888888889,False,0.3333333333333333,18,7,-0.0452201279077135,0.6688731060740895,1.2577759287511134
ksaez,KSAEZ,TCL,2026,Kickoff,mid,Dark Passage,1.4132936212891407,32.662192393736014,False,0.3076923076923077,13,9,-0.0910013885032806,-0.3443059367400489,0.1352951588855483
joinze,Joinze,LFL2,2025,Spring,jng,IziDream,1.4112613899485469,32.60393873085339,False,0.4285714285714285,14,7,-0.2665788577412073,-0.5375058164426794,-0.51943384141659
bloodlust,Bloodlust,NLC,2026,Summer,bot,Absolved,1.4108057753121017,31.798245614035086,False,0.4,10,6,-0.0312647124181323,1.482559545907001,0.4279565793498538
cast,Cast,NLC,2026,Summer,jng,Absolved,1.4100411216914552,32.38512035010941,False,0.4,10,4,0.7839430647764859,1.1225539018208903,0.8446087870053728
yakkey,Yakkey,NLC,2026,Winter,bot,Deer Gaming,1.4061074803162854,31.57894736842105,False,0.5555555555555556,9,5,1.1249405549599898,1.7503120443622324,1.8735671745691476
chef,CHEF,TCL,2025,Winter,jng,Beşiktaş Esports,1.403919465206004,32.16630196936542,False,0.2666666666666666,15,8,-0.5326736251314172,0.3457259542759462,-0.1499717841574492
sjakal,Sjakal,NLC,2025,Spring,jng,KAOS e-sport,1.4035823011984587,31.947483588621445,False,0.2857142857142857,14,6,0.1901925110532097,0.1751426529169852,-1.0735555696439738
veignorem,Veignorem,LFL,2024,Summer,sup,Aegis,1.4014585917533722,32.666666666666664,False,0.1666666666666666,18,7,-0.7338657533162889,2.30847257204138,0.1110783502808709
alix,alix,LFL2,2025,Winter,mid,Zerance,1.4001181922269614,32.43847874720358,False,0.2142857142857142,14,11,-0.1620816359275032,0.477266316049112,1.2636403482499043
vzz,Vzz,PRM,2025,Finals,bot,TeamOrangeGaming,1.3995049450230483,31.359649122807014,False,0.4285714285714285,14,11,-0.0046857520074915,-0.1432552044382369,-0.0911712818506082
zilax,Zilax,NLC,2026,Summer,mid,Lund Esports Organization,1.3988229338387261,32.21476510067114,False,0.4615384615384615,13,10,-1.669255340640844,-1.1150313716760016,-1.2585536628933314
wao,Wao,LFL,2026,unknown,top,ZYB Esport,1.3979448103686098,30.957683741648108,False,0.2857142857142857,14,7,0.1190910965496457,-1.9697473718422969,-1.201557336182389
devn,Devn,PRM,2026,Summer,bot,Eintracht Frankfurt,1.396266027009889,31.140350877192986,False,0.1578947368421052,19,10,-1.5272833969416024,-1.0563680102798745,-2.331106660609109
richu,Richu,PRM,2026,unknown,sup,Eintracht Frankfurt,1.3935988658730034,32.44444444444444,False,0.4444444444444444,9,6,0.9700373416587176,0.5924452362428397,-0.4332481240008913
manaty,Manaty,LFL,2026,unknown,jng,Ici Japon Corp. Esport,1.3929584446261505,31.72866520787746,False,0.5,12,7,-0.9416812894112984,-0.0200969891558578,0.3878008956328075
dream,Dream,NLC,2025,Summer,bot,Bulldog Esports,1.3891986298764276,30.92105263157895,False,0.3,10,8,0.9611109210605192,-0.3875740057987489,-1.4558442296720513
fornoreason,Fornoreason,PRM,2025,Summer,top,Unicorns of Love Sexy Edition,1.3834329497364124,30.734966592427615,False,0.5555555555555556,9,6,0.5959122250187485,0.9026364296099266,0.2662985086422355
leks,Leks,TCL,2025,Summer,top,BoostGate Esports,1.3827168423162417,30.51224944320713,False,0.2142857142857142,14,7,-0.4359581319783456,0.2150721555793829,0.2885469277512533
fireascept,FireAscept,TCL,2024,unknown,mid,Comanchero Gaming,1.3822651702115474,31.991051454138702,False,0.4545454545454545,11,9,1.1204033734574674,1.1381255968180437,0.4949727027790789
charm,Charm,NLC,2026,Summer,sup,Lundqvist Lightside,1.3812374913392118,32.22222222222222,False,0.4166666666666667,12,6,-0.748310813731872,-2.1456944135086906,-0.8770071898537605
coldraa,Coldraa,LFL,2024,Spring,bot,Team du Sud,1.380779313728509,30.701754385964914,False,0.3333333333333333,18,8,-2.1688339944502117,-0.907127003348926,-1.3438081007711256
zaremba,Zaremba,LFL2,2024,unknown,sup,MHSC Esport,1.3800414357844473,32.0,False,0.4117647058823529,17,7,-0.6080834338745263,1.025143491702634,0.7709832672406718
veignorem,Veignorem,LFL,2024,Spring,sup,Aegis,1.3782144744669458,31.77777777777778,False,0.1666666666666666,18,9,-0.5003086970734145,0.4945142336761028,-0.5702087012768327
jit,JiT,NLC,2024,unknown,jng,Ruzeh Esports,1.3746669589860896,31.50984682713348,False,0.4,10,8,1.5060986395561236,0.1478992994258828,0.097140409492273
dndn,DnDn,TCL,2025,Spring,top,Eternal Fire,1.3723357674582846,30.28953229398664,True,0.2142857142857142,14,7,0.0244108901451158,0.6499363261945632,0.4333488633825547
spooder,Spooder,LVP SL,2024,Summer,top,Rebels Gaming,1.368782015225727,30.066815144766146,False,0.1111111111111111,18,9,-1.567404547945624,-0.7543126830354273,-0.9963715493980924
kaymin,Kaymin,PRM,2024,Summer,mid,MOUZ NXT,1.3664956656029223,31.767337807606268,False,0.2222222222222222,18,10,-0.0342533877653571,-1.8731074741195863,-0.981157111406138
zergsting,Zergsting,TCL,2024,Winter,sup,Misa Esports,1.3656738016753536,31.555555555555554,False,0.4285714285714285,14,8,-1.1756900510520027,-0.3472799693275692,-0.0294261407930388
fastlegged,Fastlegged,NLC,2024,Summer,sup,Lundqvist Lightside,1.365628528117155,31.333333333333336,False,0.5,14,6,-0.814317560633815,-0.5637112482243609,-0.7626218994870057
random,Random,PRM,2025,Winter,mid,Kaufland Hangry Knights,1.3649421076288224,31.543624161073826,False,0.4,10,8,0.610806722103428,0.3116644830073433,1.0083597407505067
tao,Tao,LFL2,2025,Summer,top,Karmine Corp Blue Stars,1.3647043171640383,29.84409799554566,True,0.2857142857142857,14,8,1.966460257006364,1.8747924445102548,0.4117655670512112
mauki,Mauki,LFL2,2025,unknown,bot,Kaeru Gyuangu,1.3579351363221337,30.482456140350877,False,0.4666666666666667,15,11,-0.6079122805147837,-0.7358834536474588,-0.2748887884948475
saken,SAKEN,LFL,2026,unknown,mid,ZYB Esport,1.356910514491543,31.319910514541387,False,0.25,12,8,0.2843791883732574,0.2539847520820467,-1.1477447116229271
kroghsen,Kroghsen,NLC,2025,unknown,mid,Fortress Esports,1.355842682202731,31.096196868008946,False,0.5,12,7,-0.045514592580808,0.9490612170234888,0.3486301996551451
ronaldo,Ronaldo,NLC,2026,Spring,mid,Bulldog Esports,1.3557534510905365,30.87248322147651,False,0.4545454545454545,11,8,0.7068015876813608,0.5129592890553379,0.7703063855543841
szygenda,Szygenda,NLC,2026,Spring,top,Bulldog Esports,1.3534795849346262,29.621380846325167,False,0.4545454545454545,11,9,0.6724239719746916,1.636919988158886,2.211093168298637
emil2,Emil2,NLC,2026,Summer,mid,Absolved,1.3532026682962004,30.648769574944073,False,0.4,10,7,-0.2761796442334182,-0.4930030142256529,-0.6215968635132854
kobs,Kobs,LFL,2026,unknown,jng,ZYB Esport,1.3513849429742828,31.291028446389497,False,0.3636363636363636,11,8,0.0940462577149988,-0.1763765396662463,-1.308408685362411
zanzarah,Zanzarah,PRM,2026,unknown,jng,All for One Gaming,1.348039244026564,31.072210065645518,False,0.5555555555555556,9,8,-0.4510514623231993,-1.0385935189667492,0.7985005568555608
ksaez,KSAEZ,TCL,2026,Spring,mid,Dark Passage,1.3470258321503934,30.42505592841163,False,0.1333333333333333,15,10,-0.3402103041669246,0.2301923025550966,-0.5035580374498367
xkenzuke,xKenzuke,LFL,2025,unknown,mid,Esprit Shōnen,1.346537154044026,30.201342281879196,False,0.6666666666666666,9,8,-0.707106781186545,-0.7071067811865475,0.7071067811865469
lorenz,Lorenz,PRM,2025,unknown,sup,A One Man Army Prime,1.3464252841394655,31.11111111111111,False,0.5714285714285714,7,6,0.6395586186959962,0.7426646306433259,1.1537182796206775
kaplica,Kaplica,NLC,2026,Summer,top,Lund Esports Organization,1.3461346310024944,29.398663697104677,False,0.4615384615384615,13,8,-0.1064770258486872,0.1295592263110415,0.0883518451531996
nan0,Nan0,PRM,2025,Summer,mid,Austrian Force willhaben,1.345446582559188,29.977628635346754,False,0.3846153846153846,13,8,0.3400486363393229,-0.4795934782666085,0.5481946267487462
sunfry,Sunfry,NLC,2025,Spring,sup,Lundqvist Lightside,1.3422419634752099,30.88888888888889,False,0.3333333333333333,9,6,-0.0311075116859062,-1.2077902404281124,0.3713041479019481
bean,Bean,LVP SL,2024,Spring,bot,Rebels Gaming,1.3413834576240269,30.263157894736842,False,0.3125,16,8,-0.5151060521963993,-1.1790671460061777,-1.785052231967918
ryuzaki,Ryuzaki,LFL,2024,Spring,jng,Aegis,1.3411278456951805,30.85339168490153,False,0.1666666666666666,18,8,-1.0892574329228852,-0.7688767868538523,-0.755648793791572
azuka,Azuka,PRM,2025,unknown,mid,DKB XPERION NXT,1.3393255757225424,29.753914988814316,False,0.4166666666666667,12,10,-0.5626143283769545,-0.4012532905319286,-1.0895299865113617
royalkanin,RoyalKanin,PRM,2025,Summer,mid,ROSSMANN Centaurs,1.3379044740453272,29.53020134228188,False,0.5333333333333333,15,8,-1.597066081361074,-1.2218729761594866,-1.079195736768139
frost,Frost,LFL,2026,unknown,jng,Project Conquerors,1.3316963879394805,30.63457330415755,False,0.3636363636363636,11,8,0.2629985021866259,-0.742721265180119,1.5130270434473594
1334mat,1334mat,NLC,2026,Summer,jng,Lund Esports Organization,1.3279321260521781,30.41575492341357,False,0.4615384615384615,13,8,0.3028920780460776,-0.7070722196315786,-0.2635720616034083
exofeng,Exofeng,LVP SL,2025,Final Four,bot,GIANTX iTero,1.3192036541372212,30.043859649122805,False,0.75,8,5,0.7071067811865468,-0.7071067811865467,-0.7071067811865476
kio,Kio,LFL2,2024,Spring,top,MHSC Esport,1.3188406505732122,29.175946547884184,False,0.6666666666666666,6,4,-0.0813286947451771,1.516448012791272,1.559069808916613
dreilix,Dreilix,PRM,2024,Spring,bot,MOUZ NXT,1.3163114019523086,29.82456140350877,False,0.0,18,12,0.1077274015191127,-0.1277655808376794,-1.4729385153175385
paixdia,Paixdia,TCL,2025,Spring,sup,Beşiktaş Esports,1.3149199748217006,30.666666666666664,False,0.4117647058823529,17,6,-1.2644728137843604,-0.0188183054038621,-0.8969566455205569
ersin,Ersin,TCL,2026,Summer,top,Team Phoenix,1.314500595566873,28.953229398663698,False,0.2307692307692307,13,7,0.2106220885689853,1.413526868490614,0.8978177504147126
photon,Photon,TCL,2025,Winter,top,Beşiktaş Esports,1.3128095715456247,28.73051224944321,False,0.3125,16,7,-0.6032561746693751,-0.1686831562628664,-0.0303682012211756
denizzz,denizzz,PRM,2025,Summer,jng,Austrian Force willhaben,1.3113329488605476,30.196936542669583,False,0.3846153846153846,13,8,0.0585157554580082,-1.111650076220783,0.2026146688767345
max1,Max1,PRM,2024,Summer,sup,E WIE EINFACH E-SPORTS,1.3098838169614175,30.444444444444446,False,0.3333333333333333,18,7,-0.6104756734278776,-0.6611419776192679,-0.9331553002397094
creal,Creal,TCL,2026,Summer,mid,Team Phoenix,1.3082894594344112,29.30648769574944,False,0.2307692307692307,13,9,-0.7135315251765839,-0.4790657595273283,-0.1491289148755039
noerring,Noerring,NLC,2025,unknown,jng,Fortress Esports,1.3081892531526276,29.978118161925604,False,0.5,12,7,0.5208406266419265,0.0088331146932932,0.0511698735297947
mansterninja,Mansterninja,NLC,2026,Summer,top,Lundqvist Lightside,1.3072043268648537,28.507795100222715,False,0.4166666666666667,12,8,-0.3815409171796794,1.3577799800549526,-0.0395401849865575
miniduke,Miniduke,LVP SL,2024,unknown,mid,Veni Vidi Vici,1.3071124469341495,29.082774049217004,False,0.7272727272727273,11,4,-0.7071067811865468,-0.7071067811865476,-0.7071067811865475
zoiren,Zoiren,NLC,2025,Spring,mid,KAOS e-sport,1.306481535983905,28.859060402684566,False,0.4,5,4,1.7372368560535367,-0.576019145522407,0.933890584464315
doss,Doss,LFL,2026,unknown,sup,BK ROG Esports,1.2948336539776515,30.22222222222222,False,0.5,12,7,-1.7121346117495873,1.0096273780847296,-0.0744620852202983
flamer,Flamer,PRM,2026,unknown,top,All for One Gaming,1.293039459155781,28.28507795100223,False,0.5555555555555556,9,7,0.0821981991977693,0.4803496931911673,0.4967507570986143
dandom,Dandom,NLC,2025,Spring,jng,DMG Esports,1.2910876023894826,29.75929978118162,False,0.4,15,7,-1.4222083007439037,-0.1714030023920608,0.1813404951223899
milkshake,Milkshake,PRM,2025,unknown,jng,A One Man Army Prime,1.2884375766345444,29.540481400437635,False,0.5714285714285714,7,6,0.5733147752492878,0.6875002301169422,0.108003955993123
guvez,Guvez,NLC,2026,Summer,top,B2U,1.2844566536301232,28.06236080178174,False,0.5,10,9,0.0416467583321675,0.0422399171659011,-0.5185471247432988
ivory,Ivory,TCL,2025,Spring,mid,Eternal Fire,1.2833518042570458,28.635346756152124,False,0.2142857142857142,14,9,-1.5754621446821422,0.5098937705413419,-0.9283076310729808
fresskowy,Fresskowy,LVP SL,2025,Spring,mid,Movistar KOI Fénix,1.2822851263005581,28.41163310961969,False,0.3076923076923077,13,8,-0.2519675419775818,1.0730296457913686,0.152434767339895
dopaminw,Dopaminw,NLC,2024,Summer,jng,Verdant,1.27902450807609,29.321663019693656,False,0.2857142857142857,14,7,-0.1443973992590121,-0.3371073503584771,-0.2257895777081133
naehyun,Naehyun,LFL,2024,Summer,mid,Aegis,1.277323685314933,28.187919463087248,False,0.125,16,9,-1.3656159389007294,-0.4207017142396853,-0.7367476469426946
andariel,ANDARIEL,LVP SL,2025,Spring,bot,UCAM Esports,1.2755004124475773,29.605263157894733,False,0.4375,16,8,-0.6017970471139321,-1.7273646654657284,1.212950767184339
smurfe,Smurfe,NLC,2024,Spring,top,Nativz,1.2754457132980068,27.839643652561247,False,0.4285714285714285,14,8,-1.7629444719716492,-1.1343792976140947,-1.0987445235847952
julbu,Julbu,NLC,2024,Spring,jng,Verdant,1.2687664855000238,29.10284463894967,False,0.5,14,9,-0.9932909818945452,-0.8766355061653764,0.0067916844434134
xagog,Xagog,PRM,2025,Winter,jng,ROSSMANN Centaurs,1.2686204396555814,28.88402625820569,False,0.2727272727272727,11,8,0.853772659528282,0.017555011358428,-1.2371087076410616
osman123,Osman123,TCL,2025,Summer,jng,Papara SuperMassive,1.266819558895648,28.665207877461707,False,0.5,12,8,-0.5161528092224014,-1.2324198126072765,-0.2743687100484835
kofte,Kofte,LFL,2026,unknown,mid,Joblife,1.266099775297791,27.96420581655481,False,0.3846153846153846,13,6,-0.6636570883679037,0.0870229879649111,-0.5404856862817499
calmsky,Calmsky,NLC,2024,Summer,sup,Verdant,1.265308186026381,30.0,False,0.2857142857142857,14,4,0.0063085063775263,-0.3980983214439322,-0.0357260837194603
goldmen,Goldmen,NLC,2026,Winter,top,DMG Esports,1.2647501358698254,27.616926503340757,False,0.4666666666666667,15,7,-0.4673359194799926,-1.271643693751773,-0.8725716041132243
ugandan fighter,ugandan fighter,NLC,2025,unknown,top,Fortress Esports,1.2573781812982683,27.39420935412027,False,0.5,12,6,-0.4236295120966099,-0.0140479118370802,-1.1785602046003114
destroy,Destroy,TCL,2025,Winter,top,Bushido Wildcats,1.255807894451386,27.171492204899778,False,0.5,16,4,-1.7189291046031596,-0.7746516941918079,-1.4203704323554982
rhuckz,Rhuckz,LVP SL,2025,Spring,sup,Ramboot Club,1.2543730666304498,29.777777777777775,False,0.4,15,7,-0.763716080124786,0.509895698474342,-0.5368740496347428
improver,Improver,LFL2,2025,Winter,mid,Lille Esport,1.2530222352711828,27.740492170022375,False,0.3571428571428571,14,8,-1.3235303349407057,-1.0996369055168025,-0.807223558460653
omon,OMON,LFL,2024,unknown,mid,Ici Japon Corp. Esport,1.2525295058704398,27.516778523489933,False,0.5454545454545454,11,5,0.7071067811865476,0.7071067811865475,0.7071067811865476
venour,Venour,PRM,2025,Summer,top,Kaufland Hangry Knights,1.2519263900201523,26.948775055679285,False,0.3636363636363636,11,10,1.070740106921977,0.692009300693174,-0.1029685403157127
baumeef,Baumeef,NLC,2024,unknown,jng,42 Gaming,1.2509053820795752,28.44638949671772,False,0.5,8,4,0.4705716996426972,-0.2483387972418671,-0.4718378161862616
rabble,Rabble,PRM,2025,Summer,jng,Kaufland Hangry Knights,1.247976939050145,28.227571115973742,False,0.3636363636363636,11,7,0.834524553780071,0.8471974100570444,1.1899654336055372
broeki,Broeki,PRM,2025,Winter,bot,Eintracht Spandau,1.2471660414198977,29.385964912280706,False,0.4,10,5,-0.7958494139323348,-2.125935813902026,1.175029566723892
cpm,CPM,LVP SL,2024,unknown,top,Veni Vidi Vici,1.2445273527062028,26.7260579064588,False,0.7272727272727273,11,4,-0.7071067811865461,-0.707106781186556,-0.7071067811865475
cimpo,Cimpo,TCL,2025,Summer,bot,BoostGate Esports,1.2442839637103136,29.166666666666668,False,0.2142857142857142,14,9,-0.4912155842954365,-0.4573359602162462,-0.3945476291717958
highway,Highway,LFL2,2025,Winter,sup,Skillcamp,1.2403239201780858,29.555555555555557,False,0.1428571428571428,14,8,1.3473772573504483,-0.54939772812003,-1.8371079952351168
syzyfek,Syzyfek,PRM,2025,Winter,bot,ROSSMANN Centaurs,1.236738098143001,28.947368421052634,False,0.2727272727272727,11,8,0.5261819731222218,0.1838208312348083,-1.1989554242949811
rychly,Rychly,PRM,2025,unknown,sup,DKB XPERION NXT,1.2364819361519712,29.333333333333332,False,0.4166666666666667,12,10,0.5128211830484174,-1.1370587252054796,-0.6180974527223362
ugandan fighter,ugandan fighter,NLC,2026,Spring,top,Ruddy Corporation,1.2355630143586729,26.50334075723831,False,0.4615384615384615,13,10,-0.7021721231959343,-0.947877758064976,-1.0413219636211075
theoloris,Theoloris,NLC,2024,Summer,top,Nativz,1.2327649875244344,26.280623608017816,False,0.2857142857142857,14,9,0.0480329983759089,-0.1064814300799632,0.3502700178162307
sencux,Sencux,PRM,2026,Summer,mid,Eintracht Frankfurt,1.229769939468009,27.293064876957494,False,0.1578947368421052,19,13,-1.259778056156603,0.7882863461967867,-0.1134787997635137
mkr,MKR,NLC,2024,unknown,bot,BlueWhites,1.2275223951489445,28.728070175438596,False,0.4615384615384615,13,6,0.9886702798661702,-0.4764275454597681,0.5402208296550779
mihai,Mihai,LVP SL,2024,Spring,bot,ZETA,1.2266532314807168,28.50877192982456,False,0.1666666666666666,18,10,-2.2850737337124998,-0.5126337091794124,-0.796297462371396
simpli,Simpli,NLC,2026,Spring,mid,Arctic Pandas,1.2240197886222832,27.069351230425053,False,0.5,12,7,-0.1304257574924174,0.5653370256483717,0.5447015903542851
nsurr,Nsurr,LFL2,2025,Winter,sup,Karmine Corp Blue Stars,1.2236080744021205,29.11111111111111,False,0.5,14,5,-1.311347291952307,0.3331805907223863,-0.7389147545453506
sukru,Sukru,TCL,2026,Kickoff,top,Dark Passage,1.2190114653360749,26.057906458797326,False,0.3076923076923077,13,8,0.1099292370707284,-0.738017166780533,-0.315954993003493
kaiser,Kaiser,LVP SL,2025,Final Four,sup,Team Heretics Academy,1.2168883640118489,28.888888888888886,False,0.5,8,7,0.7071067811865476,0.7071067811865446,0.7071067811865475
uniquecorn,UniqueCORN,LFL,2026,unknown,mid,Project Conquerors,1.216523572237806,26.845637583892618,False,0.3636363636363636,11,8,1.4124669349556047,-1.4541174331242657,1.5904478769499326
sajator,SAJATOR,LVP SL,2024,Spring,mid,Barça eSports,1.2146737855406704,26.62192393736018,False,0.2352941176470588,17,10,-1.001679276034993,-2.08320513209881,-0.397739879659322
neramin,Neramin,TCL,2026,Spring,bot,Dark Passage,1.2110238520837782,28.289473684210524,False,0.1333333333333333,15,6,-0.8532338352768969,-0.3694424526419647,-0.8420049137683088
typhoon,Typhoon,TCL,2024,Winter,jng,NASR eSports Turkey,1.2102501773698713,28.00875273522976,False,0.2857142857142857,14,10,-0.0199741213044978,0.7695401062701287,0.3317034562758759
raider,Raider,PRM,2026,unknown,top,CGN Esports,1.2084023721774468,25.83518930957684,False,0.8571428571428571,7,6,-1.3015935176620776,-0.0407535832448996,-1.2173851846918982
kasing,Kasing,NLC,2026,Spring,sup,Bulldog Esports,1.2024924953693585,28.666666666666668,False,0.4545454545454545,11,6,-0.4169716181990973,1.5735394117566142,0.0165945607494342
neramin,Neramin,TCL,2026,Kickoff,bot,Dark Passage,1.2016437571197751,28.07017543859649,False,0.3076923076923077,13,5,0.4045081109268006,-0.4299165119309865,-0.3009367795574331
marty,Marty,LVP SL,2025,Summer,mid,Veni Vidi Vici,1.198648368039938,26.39821029082774,False,0.4285714285714285,14,9,0.0765678530856772,-1.1799787050118231,-0.1397049609479055
sangrod,Sangrod,TCL,2026,Summer,top,Shark Attack,1.1980089623177526,25.612472160356347,False,0.2222222222222222,9,7,2.0390575499233603,0.5342036699626751,0.0054930194219694
orrisot,Orrisot,TCL,2024,unknown,mid,Galakticos,1.1945940788937017,26.174496644295303,False,0.8571428571428571,7,4,-0.3182880439575064,-0.4002356844708759,-1.1509527412611715
patch,Patch,TCL,2024,Winter,sup,NASR eSports Turkey,1.1937807404029483,28.444444444444443,False,0.2857142857142857,14,6,-0.3873457843810696,1.3376268030141436,0.8602405526882693
scofield,Scofield,TCL,2024,unknown,jng,Galakticos,1.1929215115392413,27.78993435448578,False,0.8571428571428571,7,5,-0.994170917161732,-1.2816915407079392,-1.002358710153734
fornoreason,Fornoreason,PRM,2024,Spring,top,MOUZ NXT,1.1923354903373444,25.389755011135858,False,0.0,18,7,-0.2205913732173477,-0.8502834040642319,-1.6131050060369188
visdom,Visdom,PRM,2024,unknown,sup,Kaufland Hangry Knights,1.1916787382953393,28.22222222222222,False,0.6666666666666666,9,4,-0.0919634493352777,-0.5910746712711165,1.182414430999058
hiro,Hiro,LFL,2026,unknown,top,ZYB Esport,1.1891637683900138,25.16703786191537,False,0.3333333333333333,6,5,1.9757851430211617,0.1390406764760183,-0.0753262477559636
vl,VL,NLC,2025,unknown,bot,Epic Avalanche,1.187916731116279,27.850877192982455,False,0.5555555555555556,9,6,-0.4539693401495485,-1.1816368928656478,-1.143236953609708
syhm,Syhm,NLC,2024,unknown,sup,Lazy In Life,1.18617889762957,28.000000000000004,False,0.7,10,4,-0.6094294745835188,-0.3763233838635593,0.2341855909087835
notiko,Notiko,LFL2,2025,Summer,bot,Zerance,1.185528364156963,27.631578947368425,False,0.3571428571428571,14,10,-1.3906375827256037,-0.3432385430941911,-1.4556698288479544
nafkelah,Nafkelah,LFL,2024,Spring,mid,Aegis,1.1825414293535934,25.95078299776286,False,0.1666666666666666,18,13,0.1745455838552213,-0.4937837661152051,-1.112948928138354
sencux,Sencux,PRM,2026,Winter,mid,Eintracht Frankfurt,1.1781027517514082,25.727069351230426,False,0.4444444444444444,9,6,0.6983561237398271,1.3732778342352607,0.8297152902812721
kofte,Kofte,TCL,2025,Winter,mid,BBL Dark Passage,1.1777976773897243,25.503355704697988,False,0.2857142857142857,14,7,-1.425671936467516,0.3762286665881721,-1.2949427875126562
cboi,Cboi,PRM,2025,Winter,jng,TeamOrangeGaming,1.1774762801742176,27.571115973741794,False,0.4666666666666667,15,10,-0.7027042907325465,-0.8604982531321774,-0.2561998142103317
nice guy ben,Nice Guy Ben,PRM,2025,Winter,top,ROSSMANN Centaurs,1.1767197190145,24.94432071269488,False,0.2727272727272727,11,9,0.4883345534311546,1.009746137055939,-0.3859263583005283
röyhkeä,Röyhkeä,NLC,2025,unknown,mid,Epic Avalanche,1.1731584224662548,25.279642058165546,False,0.5555555555555556,9,8,0.9681339860472744,-0.6878304163270027,-1.697939031631848
zorenous,zorenous,PRM,2026,Summer,top,TeamOrangeGaming,1.1715801898163143,24.721603563474385,False,0.3333333333333333,9,6,0.0895138420949562,-0.7575826479677489,0.3193966690425868
snurmi,Snurmi,NLC,2024,unknown,bot,BlueWhites,1.1711557060950415,27.412280701754387,False,0.3333333333333333,12,5,0.266384911062096,-2.094488720921716,-1.63087726489661
naau,naau,LVP SL,2024,Summer,jng,Rebels Gaming,1.167677855385997,27.35229759299781,False,0.1111111111111111,18,11,-0.4567580672569028,-0.982252833289273,-0.4715857652389617
cast,Cast,NLC,2026,Winter,jng,Lund Esports Organization,1.1658538760013066,27.13347921225383,False,0.625,8,5,-0.0052673120217097,-0.3280889947259913,0.3141404594602874
faetski,Faetski,NLC,2025,Spring,bot,DMG Esports,1.1619682188213891,27.192982456140353,False,0.4,15,9,-0.3838213129519133,1.3900591189903213,-0.2506743655512718
efias,Efias,PRM,2025,Winter,sup,Dung Dynasty,1.1581434094209653,27.77777777777778,False,0.4615384615384615,13,6,0.007510839028087,0.4987961502732754,-1.2065006388395365
hustlin,Hustlin,LVP SL,2024,Spring,sup,Barça eSports,1.1556053873987162,27.555555555555557,False,0.2352941176470588,17,9,-1.1978315549075564,0.3907925155968424,-2.0924404048314598
afroboi,Afroboi,PRM,2024,Summer,jng,MOUZ NXT,1.1552011874183161,26.914660831509845,False,0.2222222222222222,18,8,-0.8300864420781612,-0.9970369916824317,-0.9224121992360078
six10,Six10,PRM,2025,Finals,mid,TeamOrangeGaming,1.1547288745218827,25.05592841163311,False,0.4285714285714285,14,10,-0.9290163093873802,0.9958054166913968,0.1664028185014053
taxvig,Taxvig,NLC,2025,Winter,jng,KAOS e-sport,1.1539850461018246,26.695842450765866,False,0.3636363636363636,11,8,0.5141685885504734,-1.7527001588442486,-0.053305009231
koldo,Koldo,LVP SL,2025,Winter,jng,UCAM Esports,1.1535679368608083,26.477024070021884,False,0.3846153846153846,13,6,-0.938930619770894,-0.3050153092719601,-0.0713622877268705
ardaffler,ardaffler,NLC,2025,Winter,bot,KAOS e-sport,1.1432908639498311,26.973684210526315,False,0.3636363636363636,11,8,-0.9073382656338062,-0.4147784010769448,-0.6303509856687328
soul,Soul,NLC,2026,Winter,sup,Lundqvist Lightside,1.137552529681558,27.333333333333332,False,0.375,8,6,0.7027232136861776,-0.5404681091635866,-0.0439072944322501
dahvys,DahVys,LVP SL,2024,Spring,jng,ZETA,1.1331134085012446,26.258205689277897,False,0.2,10,7,-0.3581097347409145,1.003997937724651,0.7582901544233317
nite,Nite,PRM,2024,unknown,mid,Kaufland Hangry Knights,1.1313788554203763,24.832214765100673,False,0.6666666666666666,9,3,-0.5430406551176871,-1.0709382851190663,-0.2763257154909685
bong,Bong,TCL,2025,Winter,top,BBL Dark Passage,1.1285428816140222,24.4988864142539,False,0.2857142857142857,14,5,-0.8042283421773515,-0.5528283564916731,0.2641966518303718
maximillion,Maximillion,TCL,2024,unknown,mid,NONAME,1.1284880587167332,24.60850111856823,False,0.5833333333333334,12,6,-0.8021153294999611,-0.7378899123471616,0.6559800384820927
diplex,Diplex,PRM,2024,unknown,mid,SK Gaming Prime,1.1272382455028571,24.384787472035793,False,0.3125,16,7,-1.0534861403146345,0.6545016628542217,-0.5522317247248122
d4nka,D4nKa,PRM,2026,Summer,jng,Eintracht Frankfurt,1.125652732184155,26.039387308533918,False,0.1578947368421052,19,10,-1.1344949772536554,-1.192454318410915,-1.382729958176062
legolas,Legolas,LVP SL,2025,Summer,bot,Barça eSports,1.1252827685242888,26.75438596491228,False,0.2307692307692307,13,8,0.1125246627609786,0.9400239209461108,-0.0268414807795913
hazel,Hazel,LFL2,2025,Summer,bot,Karmine Corp Blue Stars,1.1251545640810836,26.535087719298247,True,0.2857142857142857,14,9,-0.5070210122635675,0.5875610044165581,-1.5482786817748468
fatihcan,Fatihcan,LFL2,2024,Summer,bot,Klanik Esport,1.1237670387488257,26.31578947368421,False,0.3333333333333333,18,9,-1.685288544349875,-1.1057741272555053,-0.4037314343192585
badlulu,Badlulu,LVP SL,2025,Final Four,top,GIANTX iTero,1.116451936113016,24.276169265033406,False,0.75,8,6,-0.7071067811865466,0.7071067811865475,0.7071067811865475
seelame,Seelame,LFL2,2024,unknown,bot,Joblife,1.1103406705709613,26.096491228070175,False,0.3076923076923077,13,6,-0.0393551945965395,-1.723733597005995,-0.9190740426607796
luke,Luke,PRM,2026,unknown,mid,VfB eSports,1.1085705621534347,24.161073825503358,False,0.25,8,5,1.0606740393863905,-0.0057964528584266,-1.1547276214015214
westlander,Westlander,LVP SL,2024,Spring,top,ZETA,1.1075676608299956,24.053452115812917,False,0.1666666666666666,18,9,-2.1705248041645806,0.657826867317314,-0.0716156497611897
zazee,ZaZee,PRM,2025,Winter,mid,Eintracht Frankfurt,1.1056990392836614,23.937360178970916,False,0.5,14,9,-1.0755617937303164,-0.5413917483369852,0.085872153254181
fireascept,FireAscept,TCL,2025,Summer,mid,BoostGate Esports,1.1044076267134424,23.713646532438478,False,0.2142857142857142,14,8,-0.7207787211799226,-0.7021649164376798,-0.0498306467331284
backlund,Backlund,LFL,2025,Spring,mid,GameWard,1.104082747813195,23.48993288590604,False,0.3571428571428571,14,8,-1.462733268431792,-1.8689282757758912,-2.1593850441509206
lucky,Lucky,PRM,2026,unknown,sup,CGN Esports,1.1032334406658209,27.111111111111114,False,0.75,8,6,-0.2387308864228643,-1.295775405203183,1.4601162733891542
infoneral,Infoneral,PRM,2025,Finals,sup,TeamOrangeGaming,1.1007766103475976,26.88888888888889,False,0.4285714285714285,14,8,0.2574276849287205,-0.8066365359903671,-0.2099656163529342
marlon,marlon,LFL,2024,Summer,sup,Team du Sud,1.1003564927589828,26.666666666666668,False,0.2222222222222222,18,6,-0.9743012107472896,-0.90468137346027,-1.142482323626092
kourosh,Kourosh,NLC,2024,unknown,mid,Rich Gang,1.0959707313597922,23.2662192393736,False,0.6666666666666666,9,6,-0.778019489833757,0.1946322546232206,0.1298138302455362
leks,Leks,NLC,2026,Winter,top,Bulldog Esports,1.0944118567128636,23.83073496659243,False,0.5,12,8,-1.1673876214659455,-0.5414511121042119,0.040542178689477
kkt,KKT,NLC,2026,Spring,jng,Bulldog Esports,1.0920885405759693,25.82056892778993,False,0.4545454545454545,11,8,-0.9005811938328578,-0.1681157263760019,-0.390971246861182
exile1,Exile1,NLC,2026,Winter,jng,Deer Gaming,1.0915132447378513,25.601750547045953,False,0.5,8,3,-0.6659764866998334,0.2452965938528656,-0.2560842372940979
ferret,Ferret,LVP SL,2025,Final Four,jng,GIANTX iTero,1.0888466089620839,25.38293216630197,False,0.75,8,6,-0.7071067811865464,-0.7071067811865454,-0.7071067811865476
honor,HONOR,LFL2,2024,unknown,sup,Joblife,1.0843082925633172,26.444444444444443,False,0.5,6,4,1.3349730228981282,1.3825761298139096,1.6179076030363393
techoteco,Techoteco,PRM,2025,Winter,jng,Eintracht Frankfurt,1.083950380514438,25.164113785557984,False,0.5,14,12,-0.5682408322073232,-1.0694032202529056,-1.4284774201538613
fiesta,FIESTA,TCL,2025,Spring,mid,Papara SuperMassive,1.0770125026481372,23.042505592841163,True,0.3571428571428571,14,8,0.4533139638529135,0.2578608549454914,-1.6259947374088175
hadess,Hadess,LFL,2024,unknown,jng,Ici Japon Corp. Esport,1.0764568992198777,24.945295404814004,False,0.5454545454545454,11,8,0.7071067811865475,-0.7071067811865476,-0.7071067811865475
spooder,Spooder,LVP SL,2025,Spring,top,Movistar KOI Fénix,1.0756215530933946,23.608017817371937,False,0.3076923076923077,13,7,-1.622589034745008,-1.7080663971355163,-0.4657728430169008
devn,Devn,PRM,2026,Spring,bot,ROSSMANN Centaurs,1.0730013204992328,25.877192982456144,False,0.0,17,9,-1.5450382717452065,0.2385618315088159,-2.107849733169928
hesszero,HeSSZero,NLC,2025,Summer,top,Bulldog Esports,1.0727592834757347,23.385300668151448,False,0.3,10,8,0.9208385674970668,0.0885928776253846,0.1198604845851346
hunt,Hunt,NLC,2026,Winter,mid,Bulldog Esports,1.070973224664826,22.818791946308725,False,0.4545454545454545,11,6,0.4774089726231832,0.1229213039770537,0.9656357194570816
skeanz,Skeanz,TCL,2025,Spring,jng,Papara SuperMassive,1.06982496153279,24.72647702407002,True,0.3571428571428571,14,9,-0.3065530715695402,-0.071263057811175,-1.2457117471081445
derakhil,Derakhil,TCL,2024,unknown,jng,NONAME,1.065300705353158,24.50765864332604,False,0.5833333333333334,12,5,-0.5273239478473519,0.1852503991873256,-0.4523294901220077
sleyer,Sleyer,LFL,2026,unknown,top,ZYB Esport,1.0641653297001796,23.16258351893096,False,0.5,6,4,0.0986226273556079,-1.2836690840130738,-1.2554494311502986
soul,Soul,NLC,2026,Spring,sup,DMG Esports,1.0627557812914208,26.222222222222225,False,0.375,8,7,0.4297161195268912,-1.204081694450705,-0.0414348482425952
don ponk,Don Ponk,NLC,2026,Winter,sup,Lund Esports Organization,1.0592796630199897,26.0,False,0.625,8,6,-0.397809739169603,-0.630553556152759,-0.4688411304384233
rustysniper,RustySniper,NLC,2026,Winter,bot,Lund Esports Organization,1.0578121071885316,25.657894736842106,False,0.625,8,5,0.6999282873616203,-0.9313023358904428,-0.2020807254472248
benaset,Benaset,LFL2,2024,unknown,sup,IziDream,1.0553769934351265,25.77777777777778,False,0.5833333333333334,12,4,-1.618909533330653,-0.3672856361575482,-0.6466906397892355
comp,Comp,LFL,2025,Flash In,bot,Gentle Mates,1.0549839430432104,25.438596491228072,False,0.5454545454545454,11,7,-0.5119956971294753,1.1579340302113168,0.664893708118878
berkan,Berkan,TCL,2024,Summer,mid,NASR eSports Turkey,1.054381565080688,22.595078299776286,False,0.2857142857142857,14,7,-0.6526195927518896,-1.198627831964158,-0.4743748247385971
ragnarr,Ragnarr,NLC,2024,Spring,bot,Lundqvist Lightside,1.0516141070660727,25.219298245614034,False,0.3846153846153846,13,5,-0.6371628108851642,-0.7462788212698968,0.1980657882105161
rabble,Rabble,PRM,2025,Winter,jng,Kaufland Hangry Knights,1.048220143208182,24.288840262582056,False,0.4,10,7,-0.0260919972066932,0.190704156807708,1.282844536246007
guvez,Guvez,NLC,2025,unknown,top,B2U,1.0431915271138623,22.93986636971047,False,0.5,8,6,-0.1359970491499695,1.320125259971567,0.0331535084038896
typical,Typical,NLC,2024,unknown,top,Rich Gang,1.040999717934427,22.717149220489976,False,0.6666666666666666,9,4,-1.3747025768738583,-0.7677841310375308,1.2564111555662578
beanlord,Beanlord,NLC,2026,Summer,sup,Absolved,1.0394618770155553,25.555555555555554,False,0.25,8,6,0.7647170060686561,-0.1419597153909494,0.3785590425328518
simpli,Simpli,PRM,2025,Summer,mid,Unicorns of Love Sexy Edition,1.0391432016635627,22.371364653243848,False,0.5555555555555556,9,6,-1.2297753285933126,-0.1705522842933077,-1.1576232200064178
ophelia,Ophelia,TCL,2025,Winter,mid,ULF Esports,1.038679716712818,22.14765100671141,False,0.1428571428571428,14,7,0.0186792896979566,0.0115079335048111,-0.930892399438867
enjawve,Enjawve,LFL2,2024,Spring,sup,Joblife,1.0379718511235112,25.333333333333336,False,0.6666666666666666,6,5,0.8604750528665257,0.4804395511521049,1.6090620531511397
varry,Varry,PRM,2026,unknown,bot,All for One Gaming,1.0369717525778215,25.0,False,0.5555555555555556,9,7,0.1158466745436814,-0.7154908547284233,-0.3811784985316619
chryssey,Chryssey,NLC,2024,unknown,bot,42 Gaming,1.0358022084295668,24.780701754385966,False,0.5,8,4,0.9976020980252974,0.9051987511488816,1.5558622333306649
scuffed,Scuffed,NLC,2026,Winter,mid,Deer Gaming,1.031920796366441,21.92393736017897,False,0.5555555555555556,9,4,-0.8213416067442086,0.6969627584653336,-0.4249309935274482
jeskla,Jeskla,PRM,2025,Summer,bot,Kaufland Hangry Knights,1.0294324074778851,24.561403508771928,False,0.3636363636363636,11,9,0.1298695141391303,-0.7760600056174197,-0.6880925704947906
smarty,Smarty,PRM,2026,Spring,sup,ROSSMANN Centaurs,1.0274421566827125,25.11111111111111,False,0.0,17,10,-0.1918125086237251,0.5306691676579256,-1.3765581313234891
lurox,Lurox,LFL,2025,Flash In,jng,Vitality.Bee,1.026455949864385,24.070021881838073,False,0.5,8,6,0.855260547981284,-1.1748260357195668,-1.1464655492568792
white,White,PRM,2025,Summer,jng,Unicorns of Love Sexy Edition,1.026421969308737,23.851203501094094,False,0.5555555555555556,9,6,-1.2149864765825498,0.2423278593522816,-1.787909396086349
shihan,SHIHAN,NLC,2024,Summer,top,Verdant,1.025846943227225,22.494432071269486,False,0.2857142857142857,14,6,-1.1455685347776996,-0.5316397238658076,-1.5505118408921594
shlatan,Shlatan,LFL,2025,unknown,jng,Team BDS Academy,1.0251358459762994,23.63238512035011,False,0.5,12,8,-0.7071067811865486,-0.7071067811865464,0.7071067811865476
torak,Torak,NLC,2024,Spring,mid,Lundqvist Lightside,1.0246518837216327,21.700223713646533,False,0.3846153846153846,13,11,-0.8190750662371055,-0.8018428885912912,0.3134334405437276
lilipp,Lilipp,PRM,2026,Winter,sup,TeamOrangeGaming,1.0244317854675948,24.88888888888889,False,0.3333333333333333,6,5,1.2939367053193027,-0.6158869609771846,2.0783045845690635
kasing,Kasing,NLC,2025,Summer,sup,Bulldog Esports,1.0231547054326222,24.666666666666668,False,0.3,10,7,0.8698868453359274,0.0831787267525984,-0.24812723994172
relative,Relative,PRM,2024,Summer,mid,E WIE EINFACH E-SPORTS,1.0225366591004619,21.476510067114095,False,0.3333333333333333,18,8,-1.408316296324692,0.0710556737442715,-1.5125285332739595
beplush,Beplush,TCL,2024,unknown,sup,Comanchero Gaming,1.0224418347474058,24.444444444444443,False,0.4545454545454545,11,8,-0.2375786351490101,1.2645005005932497,-0.697997451104279
spiderlair,Spiderlair,NLC,2026,Summer,jng,Lundqvist Lightside,1.01717225056634,23.413566739606125,False,0.4166666666666667,12,8,-0.526679229489439,-0.6341878559840872,-0.3440532991637446
visdom,Visdom,PRM,2025,Winter,sup,Kaufland Hangry Knights,1.0163990033651422,24.22222222222222,False,0.4,10,6,-0.8516869893185145,-1.0895426171316114,-0.0672412215824461
whiteknight,WhiteKnight,LVP SL,2025,Summer,top,Barça eSports,1.0130068458967687,22.271714922049,False,0.2307692307692307,13,6,-1.2252787565831813,-0.9075011140735404,-0.5762405348480564
frappii,Frappii,LFL2,2024,Summer,bot,Akroma,1.0103878251529004,24.342105263157894,False,0.5,8,4,-1.4015255904428754,1.406947452035089,-0.7413563602592497
kpr,kPr,LFL2,2024,Spring,top,Esprit Shōnen,1.0088711991997437,22.048997772828507,False,0.6666666666666666,6,4,0.7094528999148385,-0.9580118805491123,-0.9513476986074424
xns,XnS,TCL,2025,Winter,jng,BBL Dark Passage,1.0057543249992553,23.194748358862142,False,0.2727272727272727,11,9,0.3454434530629365,-0.3823674943059799,-0.1597879392362662
pasu,Pasu,PRM,2026,Spring,jng,ROSSMANN Centaurs,1.0044896547243058,22.975929978118163,False,0.0,17,8,-1.8745099073087168,-1.2270349469370176,-2.184422946661407
passzi,Passzi,LFL2,2024,Summer,sup,Lille Esport,1.0040247152417736,24.0,False,0.3333333333333333,18,8,-0.7532798044871768,-1.2575547520316557,-1.0774356350279988
venour,Venour,PRM,2024,unknown,top,SK Gaming Prime,1.0036589610555715,21.826280623608017,False,0.3125,16,10,-1.0153044430326148,-0.5254679728166642,-0.8476281321948695
steeelback,Steeelback,LFL2,2025,Summer,sup,Caldya Esport,1.003283282306518,23.77777777777778,False,0.4117647058823529,17,6,-1.919565426401295,-1.8785117904197963,0.1134042576112301
white,White,PRM,2025,Winter,jng,Unicorns of Love Sexy Edition,1.0029642066539244,22.75711159737418,False,0.2222222222222222,9,6,-0.5245542215211423,-0.7068038415998704,1.2814783184471112
hybradge,hybradge,NLC,2025,Winter,jng,Lundqvist Lightside,1.002703971741498,22.538293216630198,False,0.3333333333333333,12,6,-0.8953699214461057,0.6511650523395057,-0.3847650698716478
addusto,Addusto,LFL,2026,unknown,top,Lille Esport,0.9975986942569199,21.603563474387528,False,0.4,10,5,-0.6263182764694151,-0.6267675952095191,-0.3609498032297692
kaboom,Kaboom,TCL,2025,Summer,jng,ULF Esports,0.9970571004476964,22.319474835886215,False,0.6666666666666666,6,5,-0.3222028374008173,-0.7602350894544323,0.0085849411098341
lofti,Lofti,NLC,2025,Winter,mid,Venomcrest Esports,0.9967072227319891,21.252796420581653,False,0.2222222222222222,9,6,0.0684171792220092,-1.5039625948152262,-1.4569933825995531
jayjay,JayJay,NLC,2024,unknown,mid,42 Gaming,0.9826911670014427,21.02908277404922,False,0.5,8,6,-0.5653563825527966,-0.8479120606896441,0.0232384855129494
axelent,Axelent,LFL2,2024,unknown,bot,MHSC Esport,0.9815006879761636,24.12280701754386,False,0.4117647058823529,17,7,-1.740840827794367,-0.5664649165029345,-1.011260099150174
mansterninja,Mansterninja,NLC,2026,Winter,top,Lund Esports Organization,0.978733760244326,21.380846325167038,False,0.7142857142857143,7,4,0.1537432772797693,-0.4138866966486423,-0.5518631308702887
unicow,Unicow,NLC,2026,Summer,mid,Lundqvist Lightside,0.9770465827320228,20.80536912751678,False,0.4166666666666667,12,6,-0.2378275385066763,0.6199393665704758,0.3258248147172936
atat,Atat,TCL,2024,unknown,sup,NONAME,0.9767772353362996,23.555555555555554,False,0.5833333333333334,12,4,-0.5149560736051368,-0.1098305988111081,-0.274273425110223
rud kaermo,RUD Kaermo,NLC,2026,Spring,top,Ruddy Corporation,0.966438872242276,21.158129175946545,False,0.5714285714285714,7,4,-1.53501309208833,-1.2528135518629722,-1.2818630206682793
kehvo,kehvo,NLC,2026,Spring,bot,Arctic Pandas,0.9663569909733306,23.903508771929825,False,0.5,12,7,0.4478487329602584,-1.3972889433566973,0.7684884260647845
turtle,Turtle,NLC,2025,Winter,top,KAOS e-sport,0.9661297799659269,20.93541202672606,False,0.3636363636363636,11,7,-0.8797753696008961,-0.9718232455943872,0.4534859343769154
stalken,Stalken,TCL,2025,Summer,jng,BoostGate Esports,0.9604941264770387,22.100656455142232,False,0.1538461538461538,13,10,0.3190804934505415,1.353256427998731,0.4206528071937573
vzz,Vzz,PRM,2024,unknown,bot,Spinebusters E-Sport,0.9565379555946705,23.684210526315788,False,0.5714285714285714,7,3,1.1221740795316253,-0.1128688901395986,-0.8115465292654599
ruep,Ruep,TCL,2025,Spring,bot,Eternal Fire,0.9548725442486947,23.464912280701753,False,0.2142857142857142,14,6,0.8436651823552014,0.5206484991635536,0.9295201685845024
joexy,Joexy,TCL,2025,Winter,sup,ULF Esports,0.9541720994048292,23.333333333333332,False,0.1428571428571428,14,7,-0.0760389667489299,0.5249008484984049,-1.9947610267101088
tatuy,Tatuy,NLC,2025,unknown,jng,Epic Avalanche,0.9473982750297982,21.88183807439825,False,0.5555555555555556,9,6,0.0003429521878161,-0.8924264376680174,-0.0200941999227481
smurfe,Smurfe,PRM,2025,Winter,top,TeamOrangeGaming,0.9421538564637233,20.71269487750557,False,0.4666666666666667,15,9,-1.2880534510699266,-0.6653292474692668,-0.519123503844325
reje,reje,NLC,2026,Spring,bot,Bulldog Esports,0.9392136851798804,23.24561403508772,False,0.4545454545454545,11,6,-1.07307313577244,0.0635680478675364,-0.6710083799994884
mietek,Mietek,NLC,2025,Spring,top,Bulldog Esports,0.9344765435136767,20.489977728285076,False,0.5,12,5,0.0677935806709427,0.4428577962649934,0.1889987637798215
nuq,NuQ,TCL,2025,Summer,top,BBL Dark Passage,0.9343880168666288,20.26726057906459,False,0.2222222222222222,9,7,0.4239039363607243,-1.129753630208186,-0.8747023118208417
lauxio,Lauxio,LFL2,2024,Summer,sup,Klanik Esport,0.9335077616952724,23.11111111111111,False,0.2666666666666666,15,6,-0.0854408006503436,-0.0862510865538483,-0.8567577314955518
tockimo,Tockimo,PRM,2025,Summer,sup,E WIE EINFACH E-SPORTS,0.932059015593468,22.88888888888889,False,0.3846153846153846,13,9,-0.5905838732187428,-1.5713429025427097,-1.21878376757903
tracyn,Tracyn,PRM,2024,unknown,top,Austrian Force willhaben,0.9305209061280918,20.044543429844097,False,0.3636363636363636,11,6,0.9832797341390964,1.3823138610028467,1.3975207098654407
swit,SwiT,PRM,2025,Summer,top,Austrian Force willhaben,0.9300596677248706,19.821826280623608,False,0.3846153846153846,13,7,-1.845190832847857,-1.3625071989862518,-0.4809219664859849
badlulu,Badlulu,LFL,2024,unknown,top,Aegis,0.9271134738588304,19.599109131403118,False,0.5714285714285714,7,3,0.7071067811865476,0.7071067811865475,0.7071067811865475
kaboom,Kaboom,TCL,2025,Summer,jng,Papara SuperMassive,0.925681768205594,21.663019693654267,False,0.3333333333333333,6,5,2.0106441179049885,0.0980856620609888,1.1964299717150488
random,Random,PRM,2025,Summer,mid,Kaufland Hangry Knights,0.9254129492723098,20.581655480984338,False,0.3636363636363636,11,8,0.6277467277299262,0.2270918746688131,0.4863732129951746
bisgaard,Bisgaard,NLC,2025,Spring,mid,DMG Esports,0.9228038115443818,20.3579418344519,False,0.4,15,10,-0.6184081979928462,-0.7005377591226085,-0.948619779016111
painful,Painful,NLC,2024,Summer,mid,Nativz,0.9226163444464478,20.13422818791946,False,0.2857142857142857,14,10,-0.1173202325672343,0.2719222307489231,0.741146165284443
alex234,Alex234,PRM,2024,Spring,jng,MOUZ NXT,0.9215369663403474,21.444201312910284,False,0.0,18,7,-1.7203979849746358,-1.310075674422067,-2.359372895147932
alan,Alan,LFL2,2025,Spring,mid,Lille Esport,0.9193806595536712,19.910514541387027,False,0.4285714285714285,7,4,0.5091425305290463,-0.2699489732716122,0.5180448184042711
szygenda,Szygenda,PRM,2026,unknown,top,Eintracht Frankfurt,0.9153117442283117,19.37639198218263,False,0.4444444444444444,9,6,0.0826135580289524,0.9358361751714764,1.0714975735853096
erdote,Erdote,LFL,2025,Flash In,sup,Gentle Mates,0.9139019624047793,22.666666666666664,False,0.5454545454545454,11,6,-1.1433051311646012,0.3442857942738638,-1.7904114352542655
tracyn,Tracyn,LVP SL,2025,Final Four,top,Team Heretics Academy,0.9089933860970653,19.15367483296214,True,0.5,8,8,0.7071067811865486,-0.7071067811865475,-0.7071067811865475
virtuso,Virtuso,NLC,2026,Winter,top,Deer Gaming,0.9068215662991616,18.93095768374165,False,0.5555555555555556,9,6,-0.3705552116255952,-0.1751556916870441,-0.6189917593027284
simpli,Simpli,PRM,2024,unknown,mid,FC Schalke 04 Esports,0.9050502241049484,19.686800894854585,False,0.4166666666666667,12,10,-1.3313162671935943,-0.1222861970455692,-1.3375705894080248
avra,Avra,LFL,2026,unknown,bot,Esprit Shōnen,0.9044491764948444,23.026315789473685,False,0.3,10,5,-0.020657672602691,-0.9692769765895956,-1.714498035092177
santorin,Santorin,PRM,2025,Spring,jng,Eintracht Spandau,0.9038378028359992,21.2253829321663,False,0.5714285714285714,7,5,-0.983043376063132,-0.7035800781507467,-0.0639910441198586
harbo,Harbo,NLC,2025,Winter,mid,Lundqvist Lightside,0.8992613002632248,19.463087248322147,False,0.3333333333333333,12,9,-0.8740481725984891,-0.9054263114267962,-1.0089307022917822
eika,Eika,LFL,2025,Flash In,mid,Gentle Mates,0.8980083298467272,19.23937360178971,False,0.5454545454545454,11,9,-1.4224696640291696,-0.2380445684086496,-1.6474026249441551
matias,Matias,LFL,2025,Spring,bot,GameWard,0.8977177430295895,22.807017543859647,False,0.3571428571428571,14,9,-2.071584366114714,-0.8542623097175704,-1.3270437940763729
voluxa,Voluxa,NLC,2024,Summer,top,BlueWhites,0.8950233827357853,18.70824053452116,False,0.1428571428571428,14,7,-1.4358217080485742,-1.6965783426733143,-1.518009158664985
czekolad,Czekolad,LVP SL,2025,Summer,mid,Barça eSports,0.8920942230257445,19.015659955257274,False,0.2307692307692307,13,6,0.0366053326671404,-0.7673720031034523,-1.2717997835187893
escox,escoX,LVP SL,2025,Spring,sup,ZETA,0.8879811222540908,22.444444444444443,False,0.3333333333333333,9,5,0.2641858543340833,0.1019879764456486,-1.1780511523703387
hybradge,hybradge,NLC,2024,Summer,jng,Nativz,0.8826054752798332,21.00656455142232,False,0.2857142857142857,14,11,-1.000791111054914,-0.0513756872436186,-0.5327549479126112
space,Space,NLC,2024,Summer,bot,Nativz,0.8824968923235766,22.587719298245617,False,0.3333333333333333,12,7,-1.649848628320336,-0.3801127756418384,-0.2599128059188811
stormax,Stormax,LFL,2025,Spring,jng,GameWard,0.881601136796524,20.787746170678336,False,0.3571428571428571,14,6,-1.781266042030387,-0.9699196249330656,-1.4379735987114477
nightynn,NightyNN,TCL,2026,Summer,jng,Shark Attack,0.8814803289487418,20.568927789934357,False,0.2222222222222222,9,6,0.8878020732535821,-0.5374168749739299,-1.3848597959983655
powerofevil,PowerOfEvil,PRM,2025,unknown,mid,Eintracht Spandau,0.8808496816077698,18.79194630872483,False,0.6,5,5,1.154576216731113,1.1383082797389743,0.8759647915186242
omon,OMON,LFL2,2024,Spring,mid,Ici Japon Corp. Esport,0.8804079085235176,18.568232662192393,False,0.6666666666666666,6,5,1.0281494382752387,-0.4491352110090062,-0.3246440135557475
afroboi,Afroboi,PRM,2025,Summer,jng,E WIE EINFACH E-SPORTS,0.8787921230577003,20.350109409190374,False,0.3846153846153846,13,8,-1.1773993813810046,0.2600796617077344,-0.4431692294561964
3xa,3XA,LFL,2026,unknown,bot,Joblife,0.8787478481165744,22.36842105263158,False,0.5,6,5,-0.5351201671380194,1.7380686462846788,0.0151336821927947
eyliph,Eyliph,LFL2,2025,Spring,top,Skillcamp,0.8782894457678849,18.485523385300667,False,0.1428571428571428,14,10,-0.1484603518116102,-0.1192090457567994,-0.6558697436202184
artoria,Artoria,LFL2,2025,Winter,mid,Skillcamp,0.8769367693902543,18.344519015659955,False,0.1428571428571428,14,8,-0.8770989308624754,-0.498783863827574,-1.1826540291805585
techoteco,Techoteco,PRM,2025,unknown,jng,DKB XPERION NXT,0.876607732948199,20.13129102844639,False,0.4166666666666667,12,9,0.5813763826634959,0.4596847455194535,0.9416140921416102
113,113,LVP SL,2025,Summer,jng,Barça eSports,0.8765983356487688,19.912472647702405,False,0.2307692307692307,13,8,0.1722775211884848,-0.9171595236101474,-0.5395290237817135
boytang,Boytang,NLC,2025,unknown,bot,Fortress Esports,0.8744174413178127,22.149122807017545,False,0.5,12,8,-0.6218490993442349,-0.5572590805000792,-1.2068681356293238
furby,Furby,NLC,2026,Spring,mid,Lund Esports Organization,0.8740940466947553,18.120805369127517,False,0.2857142857142857,7,4,0.7528490637990638,0.2572161612375879,-0.0767660826045225
kamito,Kamito,NLC,2026,Spring,bot,DMG Esports,0.871126778480075,21.929824561403507,False,0.375,8,4,0.1770061190847961,0.3856150983918526,0.5066964941056555
grave,Grave,TCL,2025,Winter,bot,ULF Esports,0.870442342436122,21.710526315789476,False,0.1428571428571428,14,8,-0.7794242440399519,0.2899734582116507,-0.9251645407699266
kkt,KKT,LFL,2026,unknown,jng,Lille Esport,0.8678176069655182,19.693654266958426,False,0.3333333333333333,12,9,-1.443076950216189,-1.4764933797820972,-0.8341716136938897
treatz,Treatz,LVP SL,2025,Spring,sup,Movistar KOI Fénix,0.8623142795228044,22.22222222222222,False,0.3076923076923077,13,8,-0.6660420877389781,-1.653057216724926,0.3173161653457103
rexat,Rexat,NLC,2024,unknown,sup,42 Gaming,0.8621980074969641,22.0,False,0.2857142857142857,14,7,-0.3939525616233221,-0.0500644898257242,0.0165171033456979
virtuso,Virtuso,NLC,2024,unknown,top,42 Gaming,0.8608985207351741,18.262806236080177,False,0.2857142857142857,14,7,0.724862615640836,0.1537012958532726,0.7368901046973632
sensy,Sensy,TCL,2024,unknown,jng,Comanchero Gaming,0.860609600239907,19.474835886214443,False,0.4545454545454545,11,8,0.2240536979724642,-0.0525528872374381,0.122110191415727
phantomles,Phantomles,LFL2,2024,unknown,mid,Klanik Esport,0.8595889563509146,17.89709172259508,False,0.4444444444444444,9,7,-0.5860607154931267,0.9647193264789452,0.4856225592923939
lens,Lens,TCL,2025,Spring,bot,Beşiktaş Esports,0.8589731775753267,21.49122807017544,False,0.4545454545454545,11,5,-0.5168011061641814,-1.7346493902403186,0.1323719986840654
prettygre,PrettyGRE,LFL2,2024,Spring,mid,Esprit Shōnen,0.8589475555390792,17.67337807606264,False,0.6666666666666666,6,5,0.1031092377140709,1.8000075246075908,0.0621658749362069
koussay,Koussay,LFL,2026,unknown,mid,Lille Esport,0.8588083438718921,17.449664429530202,False,0.3333333333333333,12,7,-0.4226977517032557,0.1534082982992052,-0.1108130418012789
kkt,KKT,LFL2,2024,unknown,jng,Joblife,0.8554906126390674,19.25601750547046,False,0.3076923076923077,13,9,-1.4265195749682906,-1.814051837578477,-0.6712828879249387
lospa,Lospa,LVP SL,2025,Final Four,sup,GIANTX iTero,0.854952937175921,21.777777777777775,True,0.75,8,7,-0.7071067811865476,-0.7071067811865505,-0.7071067811865475
ozgur,Ozgur,TCL,2026,Summer,bot,Team Phoenix,0.8524252790514143,21.271929824561404,False,0.2727272727272727,11,8,-1.0091479137098058,0.0087179467772244,-0.1014568682497773
mercy9,Mercy9,TCL,2025,Spring,mid,Bushido Wildcats,0.8503846438716606,17.225950782997764,False,0.3333333333333333,12,9,-0.6826452832643798,0.4727199511500077,1.8245804679301725
mauki,Mauki,NLC,2025,Winter,bot,Venomcrest Esports,0.8468915296200891,21.052631578947366,False,0.2222222222222222,9,6,0.779516762414802,-0.1110626628452909,-0.4416581688381154
vespa,Vespa,LFL,2026,unknown,bot,Lille Esport,0.84587713903976,20.833333333333336,False,0.3333333333333333,12,8,-0.5595499188264025,0.3825992975722999,0.5450346927097682
vetheo,Vetheo,LFL,2025,Flash In,mid,Vitality.Bee,0.8439379620885608,17.002237136465325,False,0.5,8,6,0.0396556883057791,1.553199582841455,1.867337508400975
twiizt,Twiizt,PRM,2024,unknown,sup,FC Schalke 04 Esports,0.8428765084754615,21.555555555555557,False,0.4166666666666667,12,5,-1.713690004371358,-0.3364632614319045,-1.0852159278714917
diplex,Diplex,LFL,2025,Flash In,mid,Joblife,0.8411439637964608,16.778523489932887,False,0.2,10,6,0.6705417784039746,0.1098226217689242,0.175651201846744
rocklho,Rocklho,PRM,2025,Summer,top,E WIE EINFACH E-SPORTS,0.8378623936029925,18.040089086859687,False,0.3846153846153846,13,7,-0.6345891125276343,-0.5854016026723579,-0.526549451209231
minemaciek,minemaciek,LVP SL,2024,Summer,sup,Rebels Gaming,0.8368378684835285,21.333333333333336,False,0.1111111111111111,18,7,-0.2110405586758948,-0.7212918279114097,-0.9151290632191528
toffe,Toffe,LFL,2025,Spring,mid,Team BDS Academy,0.8346096229991453,16.55480984340045,False,0.0909090909090909,11,7,1.0238404098092146,-0.603882294237781,0.1407362234721276
kirei,Kirei,PRM,2025,Summer,jng,CGN Esports,0.8318190964253587,19.037199124726477,False,0.6,5,4,0.7389245368810781,-1.017463917383283,-0.1478214680680889
elijah,Elijah,NLC,2025,Winter,top,Venomcrest Esports,0.8316821156900014,17.817371937639198,False,0.3333333333333333,6,5,0.0917142021448095,1.0750034181545591,-0.0737276633989074
creal,Creal,TCL,2026,Spring,mid,Bushido Wildcats,0.8316380209570915,16.331096196868007,False,0.5,8,5,-1.0822147661612618,-1.7078701813030688,-1.079832137300497
denvoksne,DenVoksne,PRM,2025,Winter,bot,Unicorns of Love Sexy Edition,0.8303780547882101,20.614035087719298,False,0.2222222222222222,9,8,-0.0831667373618114,0.8354353750622917,0.5585417372732631
citrus,Citrus,LFL,2024,unknown,jng,Aegis,0.8296458204739969,18.818380743982495,False,0.5714285714285714,7,4,-0.7071067811865475,0.7071067811865476,0.7071067811865475
wakz,Wakz,LFL2,2025,unknown,bot,NEO ZEPHYR,0.8260415153558418,20.394736842105264,False,0.4,5,5,1.1541514086513578,1.138562682278421,-0.8338058904217115
noz2k,Noz2k,PRM,2026,Winter,bot,E WIE EINFACH E-SPORTS,0.8256779345741708,20.175438596491226,False,0.3333333333333333,9,6,0.1170007185936346,-0.0420031493345838,-0.5936219686669388
daglas,Daglas,LVP SL,2025,Final Four,jng,Team Heretics Academy,0.8256199039396527,18.599562363238512,False,0.5,8,7,0.7071067811865487,0.7071067811865498,0.7071067811865476
clears,CLEARS,NLC,2026,Winter,jng,Lundqvist Lightside,0.8201857920129084,18.38074398249453,False,0.375,8,6,0.9940513277350213,1.108895167767426,0.6751009741964146
vertigo,Vertigo,LFL,2025,Flash In,top,Vitality.Bee,0.8196898366010952,17.59465478841871,False,0.5,8,6,-0.5644299818483165,0.2844251512341676,-1.250409438402162
mishi,Mishi,LFL,2025,unknown,bot,Team BDS Academy,0.8196278303115879,19.956140350877195,False,0.5,12,9,-0.7071067811865481,-0.7071067811865475,-0.7071067811865475
papiteero,Papiteero,LFL,2025,unknown,top,Team BDS Academy,0.8196278303115879,17.37193763919822,False,0.5,12,9,-0.7071067811865475,-0.7071067811865495,-0.7071067811865477
ihy0,Ihy0,LFL2,2025,Winter,top,Zerance,0.8189013133475506,17.14922048997773,False,0.2142857142857142,14,7,-0.902622112480457,-0.839758618597605,0.361680798699964
thoug,Thoug,NLC,2025,unknown,sup,Bitfix Gaming,0.8164953195655195,21.11111111111111,False,0.3333333333333333,6,4,0.8333179817222052,1.3063162103064536,-0.4368003145645291
buchi,Buchi,NLC,2025,Winter,top,DMG Esports,0.8152026656723831,16.926503340757236,False,0.2,10,9,-0.9291208599149696,-0.2503689102597341,-1.4208665998630012
woolite,Woolite,PRM,2024,unknown,bot,Austrian Force willhaben,0.8144943490138455,19.736842105263158,False,0.3636363636363636,11,8,-0.8529365219754991,-1.3625962811898902,-1.3979705348986813
benaset,Benaset,LFL2,2025,Spring,sup,Skillcamp,0.810126230568901,20.88888888888889,False,0.1428571428571428,14,7,-0.282636721578742,0.1482563442251964,-0.8593768928223163
nord,Nord,NLC,2025,unknown,jng,B2U,0.8096638252601083,18.161925601750546,False,0.5,8,7,1.2687933063408072,-0.3358522124360598,-1.4900114999264067
raïto,Raïto,LFL2,2024,Spring,sup,Ici Japon Corp. Esport,0.8092466440100853,20.666666666666668,False,0.6666666666666666,6,4,-0.6010253824087947,-0.719044581588775,-0.7514616976457829
varin,Varin,TCL,2026,Summer,sup,Team Phoenix,0.8078650586204124,20.444444444444446,False,0.2307692307692307,13,8,-1.318745534831121,0.3103661753716923,-0.1532504097888372
addusto,Addusto,PRM,2024,unknown,top,Unicorns of Love Sexy Edition,0.805092348757081,16.70378619153675,False,0.4,5,3,-0.1728740100997101,0.8157478230783649,0.5850965880369494
mathisv,MathisV,NLC,2026,Winter,mid,Lundqvist Lightside,0.803996081250695,16.10738255033557,False,0.375,8,6,0.5925956688623724,-0.4529189337555409,0.5829378680449443
nio,Nio,PRM,2024,Summer,sup,MOUZ NXT,0.8018816904019401,20.22222222222222,False,0.2222222222222222,18,6,-0.7816450466641466,-1.129243919567537,-0.9595520620347796
kanske,Kanske,NLC,2024,unknown,sup,Rich Gang,0.8006956699099215,20.0,False,0.6666666666666666,9,4,-1.1948435414508924,-0.9539658724364676,-0.5380039540807591
clears,CLEARS,NLC,2026,Spring,jng,DMG Esports,0.7993394859233834,17.943107221006567,False,0.375,8,6,1.032526809249532,0.1835746654400168,0.9678448543152024
goldenpenny,Goldenpenny,LFL2,2024,unknown,bot,Klanik Esport,0.7977022047795842,19.517543859649123,False,0.4444444444444444,9,4,0.4414408544397608,0.3602874332536077,-0.1862416995735095
seki,Seki,LFL2,2024,Summer,jng,Zerance,0.7960458220781926,17.72428884026258,False,0.3636363636363636,11,7,-0.391256278717597,-1.8088568397563063,-1.480601699932882
seal,Seal,LFL2,2025,Winter,sup,Zerance,0.7943066678202614,19.77777777777778,False,0.2142857142857142,14,6,-0.9742396356909324,-0.2559690922451493,0.7586790249774077
exofeng,Exofeng,PRM,2026,Winter,bot,Kaufland Hangry Knights,0.7930923975168074,19.298245614035086,False,0.4285714285714285,7,5,0.260505072812666,0.9304758792477714,-0.2733252588320219
lorenz,Lorenz,PRM,2026,unknown,sup,All for One Gaming,0.7897902383434161,19.555555555555557,False,0.5555555555555556,9,7,-1.2969508583248426,0.9527632786376672,-0.2367325810951274
fornoreason,Fornoreason,PRM,2025,Winter,top,Unicorns of Love Sexy Edition,0.7877290598832366,16.481069042316257,False,0.2222222222222222,9,6,0.6249314401355547,0.6842708361615527,0.4056218959658131
nawa,Nawa,TCL,2024,Summer,bot,NASR eSports Turkey,0.7868360401159538,19.078947368421055,False,0.5,6,4,-0.3647406541523508,-1.1533753530780613,1.0421453066399478
quest,Quest,NLC,2024,Summer,jng,BlueWhites,0.7861407170711522,17.505470459518598,False,0.3333333333333333,6,4,1.6776999565984525,1.394508380047028,0.7934804743803653
notiko,Notiko,PRM,2026,Winter,bot,Eintracht Frankfurt,0.7834071577035554,18.859649122807017,False,0.4444444444444444,9,5,-1.057724219850944,-0.119742107019582,-0.1697930337821959
shift,Shift,NLC,2024,Spring,jng,DMG Esports,0.779392868879837,17.286652078774615,False,0.2142857142857142,14,6,-0.9419265637982842,-1.2945330999934357,-1.3674847753819757
jeskla,Jeskla,LVP SL,2024,Spring,bot,Ramboot Club,0.7774727192489987,18.640350877192983,False,0.375,8,4,0.0740066751458893,0.2393562597613276,0.7807028175429532
venour,Venour,PRM,2025,Winter,top,Kaufland Hangry Knights,0.7752109325036962,16.258351893095767,False,0.4,10,6,-1.02620060520724,0.5416739757622576,1.3002853317461325
andariel,ANDARIEL,LVP SL,2025,Winter,bot,UCAM Esports,0.7744291016167966,18.421052631578945,False,0.3846153846153846,13,7,-1.0822544682995705,-0.7799664235562864,0.6959158050884217
goldenpenny,Goldenpenny,NLC,2025,Spring,bot,Lundqvist Lightside,0.7690171011868779,18.201754385964914,False,0.3333333333333333,9,8,-0.5041591430643704,-0.1558388100420096,0.9597836539501826
kaymin,Kaymin,PRM,2024,Spring,mid,MOUZ NXT,0.768180651489489,15.883668903803134,False,0.0,18,12,-0.961972628657961,-2.434160378895847,-2.006918504144217
adi1,adi1,PRM,2024,unknown,jng,Austrian Force willhaben,0.7667434656937542,17.067833698030636,False,0.3636363636363636,11,7,-0.2894193225485177,-0.4624819580476761,-0.2764055476627185
fun k3y,Fun K3y,PRM,2026,Spring,bot,Eintracht Spandau,0.7663961972809938,17.982456140350877,False,0.25,8,8,-0.8886918249637992,-1.5371462809196963,-0.3582376435939707
deadly,Deadly,LFL2,2024,Spring,bot,Ici Japon Corp. Esport,0.7647036685093523,17.763157894736842,False,0.6666666666666666,6,6,1.1746241624870144,0.5746425807565132,-0.1093115127172229
siler,Siler,LVP SL,2024,Spring,mid,ZETA,0.7640692613550514,15.659955257270694,False,0.1666666666666666,12,8,-1.8362254543138947,0.8094893467585326,-1.0420833971805916
send0o,Send0o,PRM,2025,Summer,top,CGN Esports,0.7631226860444931,16.035634743875278,False,0.4285714285714285,7,4,-0.8028078109546862,-1.3621384871327564,-1.9067808640874235
notiko,Notiko,PRM,2026,unknown,bot,Eintracht Frankfurt,0.7601564347838349,17.543859649122805,False,0.4444444444444444,9,7,-1.3638329565179514,-0.3650383002945524,-0.4346736255099938
bayonetta,Bayonetta,TCL,2024,Summer,top,Galakticos,0.7596068653927208,15.812917594654788,False,0.0,14,9,-0.7335622367429994,-1.1447963690741672,-0.9108547209874196
piwek,Piwek,LFL2,2024,Spring,bot,IziDream,0.7563994204461786,17.324561403508774,False,0.6666666666666666,6,5,0.5191273363881856,0.3022558623302957,2.271315972351379
andariel,ANDARIEL,LVP SL,2024,Summer,bot,Rebels Gaming,0.7556544688653836,17.105263157894736,False,0.125,16,10,-2.1447388734587447,0.0125482605360222,-0.7252637104283021
mojito,Mojito,LFL2,2024,unknown,jng,Klanik Esport,0.7547491694255768,16.849015317286653,False,0.4444444444444444,9,6,-0.3873084012010938,0.9445435933282784,-1.1810465231466596
air,Air,NLC,2025,Summer,mid,Venomcrest Esports,0.754194206308309,15.436241610738255,False,0.2222222222222222,9,7,0.246508143869452,0.2330826682712127,0.0456181752840706
spark,Spark,NLC,2025,unknown,bot,Brod n Friends,0.7541692446091273,16.885964912280702,False,0.5,6,5,0.9368520135946728,1.2811628927657277,-0.1429994257224114
harbo,Harbo,NLC,2024,Summer,mid,Verdant,0.7540912869643317,15.212527964205815,False,0.3333333333333333,12,7,-1.785482465525224,-0.9836171519776458,-0.6060326954261469
alex234,Alex234,NLC,2024,Summer,jng,NORD Esports,0.7529461159038293,16.630196936542667,False,0.7142857142857143,7,4,-0.6893402612935741,-0.3473191023308962,0.4442167263917829
xicor,Xicor,LFL2,2025,Winter,bot,Skillcamp,0.7523157252294499,16.666666666666664,False,0.1428571428571428,14,7,-0.1281503119938653,0.197057668574546,-0.6582554334576622
afroboi,Afroboi,PRM,2026,Winter,jng,E WIE EINFACH E-SPORTS,0.7522003597732698,16.411378555798688,False,0.3333333333333333,9,7,0.2093518579635928,1.0153542189852882,0.5411598023911708
lilipp,Lilipp,PRM,2025,Summer,sup,Eintracht Spandau,0.7519364322770475,19.333333333333332,False,0.0,8,7,-0.5211866109772058,1.685496412824259,1.1957437589243225
royalkanin,RoyalKanin,PRM,2025,Winter,mid,ROSSMANN Centaurs,0.7510373115735621,14.988814317673377,False,0.2727272727272727,11,8,-0.4805318113727854,0.0464666502392083,-0.309857651083936
kobs,Kobs,NLC,2025,Summer,jng,Venomcrest Esports,0.7497192518767697,16.192560175054705,False,0.2222222222222222,9,6,-1.1077740961659095,-0.1338507275160972,-1.5373795385737463
dovendyr,Dovendyr,NLC,2026,Summer,sup,Lund Esports Organization,0.748951777900279,19.11111111111111,False,0.4615384615384615,13,10,-2.078263022570081,-0.6150996700223178,-1.515942273250043
mat,MAT,LFL2,2025,Winter,top,Skillcamp,0.7483065257478242,15.590200445434299,False,0.1428571428571428,14,7,-2.022349795484149,-1.613910153792005,-1.9185047643377748
phantomles,Phantomles,LFL2,2024,Spring,mid,Lille Esport,0.7461464878234231,14.76510067114094,False,0.6666666666666666,6,4,-0.0036809929603687,-0.4784930430492389,0.2849269267909485
seaz,seaz,PRM,2025,Winter,sup,Unicorns of Love Sexy Edition,0.7452483315379781,18.88888888888889,False,0.2222222222222222,9,6,-0.5074984906072626,0.1229500368619925,1.5537400304760398
abbedagge,Abbedagge,PRM,2026,Winter,mid,Kaufland Hangry Knights,0.7441495395760058,14.541387024608502,False,0.4285714285714285,7,5,0.0094624485349062,1.149666153217249,0.3644670355589403
cpm,CPM,PRM,2026,Spring,top,ROSSMANN Centaurs,0.7411258939529028,15.367483296213807,False,0.0,17,5,-2.2929997692065087,-1.4624374747628412,-1.685529513876009
reje,reje,NLC,2025,Spring,mid,KAOS e-sport,0.740327079736154,14.317673378076062,False,0.25,8,6,0.5893784166202976,0.1445478261270967,-0.2015765379715113
slayder,Slayder,TCL,2025,Winter,bot,BBL Dark Passage,0.7392050287240518,16.447368421052634,False,0.2857142857142857,14,8,-1.4381723345249122,1.4322492821048078,-0.976254972325292
jokaa,jokaa,LFL2,2024,Summer,jng,Klanik Esport,0.7362901494932959,15.973741794310722,False,0.4444444444444444,9,8,-0.3346260107734335,-0.1582405336382416,0.1100303069977793
painful,Painful,NLC,2025,Summer,mid,Bulldog Esports,0.7361570114852859,14.093959731543624,False,0.3333333333333333,6,5,0.3438863045293766,0.8874212303759452,0.1578807620138623
phantasm,Phantasm,PRM,2026,unknown,mid,CGN Esports,0.7357232102921286,13.870246085011187,False,0.75,8,6,-1.0542928034517136,-1.4117391125901155,0.2899919173171059
krimson,Krimson,LFL2,2024,Spring,jng,Zerance,0.7307349683239255,15.75492341356674,False,0.5,6,4,-0.0191144853530622,-0.1386023596526725,0.8866015924275715
enjawve,Enjawve,LFL2,2024,unknown,sup,Joblife,0.7287305430279434,18.666666666666668,False,0.1428571428571428,7,5,1.2111541621431638,-0.939687566042964,0.1841554257702999
alex234,Alex234,LFL2,2025,Spring,jng,Skillcamp,0.7277923238072634,15.536105032822759,False,0.1428571428571428,14,5,-2.0381508665427868,-1.5998782083414136,-0.9948173477236776
snake,Snake,LFL2,2024,Summer,sup,Zerance,0.7268609749942967,18.444444444444443,False,0.4,10,5,-1.3950746031707038,-0.9214007318103185,-1.037067725845234
relative,Relative,PRM,2025,Summer,mid,E WIE EINFACH E-SPORTS,0.7257872227286186,13.646532438478747,False,0.3846153846153846,13,7,-1.036122852225951,-1.1574534038219615,-1.333142746767245
lurox,Lurox,PRM,2026,Winter,jng,Kaufland Hangry Knights,0.7254281568636889,15.317286652078774,False,0.4285714285714285,7,5,-0.8596285924898812,-0.5213593449600363,-0.9563218998106786
pyrka,Pyrka,PRM,2024,unknown,sup,Spinebusters E-Sport,0.7238463595291985,18.22222222222222,False,0.5714285714285714,7,3,0.296293589381113,-0.9323816657340946,-0.0317568664473679
lvs,LVS,NLC,2024,Spring,top,DMG Esports,0.7220241613843131,15.14476614699332,False,0.1538461538461538,13,8,-0.9482859088177488,-0.0481914762240148,-1.0596725214418443
cimpo,Cimpo,TCL,2025,Spring,bot,Papara SuperMassive,0.7212575888510484,16.228070175438596,False,0.4,10,5,-0.5444665239366957,0.9986555509327986,0.6687656150831837
yakkey,Yakkey,LFL2,2025,Spring,bot,Skillcamp,0.7204870942569207,16.00877192982456,False,0.1428571428571428,14,7,-1.6142039601588891,0.3702500420936882,-0.8598047978197025
booshi,Booshi,LFL2,2024,Summer,bot,Akroma,0.7181495818889072,15.789473684210526,False,0.3,10,7,-0.0162678861672121,-1.6352852099796114,-0.9598888916287964
jayjay,JayJay,NLC,2026,Spring,mid,DMG Esports,0.717167092401267,13.422818791946309,False,0.375,8,7,0.6596686209728658,-2.005835348788869,-1.7127566759542696
watket,Watket,TCL,2025,Spring,sup,Eternal Fire,0.7110342539226195,18.0,False,0.25,8,7,0.0659013765972899,0.1948145838226422,0.0488044122464442
mietek,Mietek,PRM,2026,Winter,top,Eintracht Frankfurt,0.7100416898225023,14.92204899777283,False,0.4444444444444444,9,5,-1.219737567413027,0.0552847314148115,-0.9452325487634398
janis,Janis,LFL2,2025,Winter,jng,Skillcamp,0.7093994328582481,15.098468271334792,False,0.1666666666666666,12,9,-0.1075920292438902,-0.3960414349441418,-0.8488150014182765
misanthiel,Misanthiel,LFL2,2024,Spring,top,IziDream,0.7093548670371869,14.699331848552339,False,0.6666666666666666,6,5,0.4815404371437652,-0.2711648292666399,0.6690302314902721
phantasm,Phantasm,PRM,2025,Summer,mid,CGN Esports,0.7057996977576148,13.19910514541387,False,0.4285714285714285,7,4,-0.316558176887769,0.0850601483961501,-0.6803696999117872
mkr,MKR,NLC,2024,Summer,bot,BlueWhites,0.6992082682446537,15.570175438596493,False,0.1538461538461538,13,7,-0.9024704256360256,-0.433436236296519,0.0492756831624802
zest,Zest,LFL,2025,Flash In,top,GameWard,0.6974899865192619,14.476614699331849,False,0.1666666666666666,6,4,2.207282216314711,1.472085897457304,0.0035602637144215
whiteknight,WhiteKnight,PRM,2026,Summer,top,TeamOrangeGaming,0.696878621534665,14.253897550111358,False,0.3,10,9,-1.9803882525307344,-1.5171757725320605,-2.3156734871410345
artanis,Artanis,NLC,2025,Summer,jng,Bulldog Esports,0.6946995196986471,14.87964989059081,False,0.3,10,7,0.0431674559392773,-0.8121016490791542,-1.033964089291158
nuq,NuQ,LFL2,2024,unknown,top,Joblife,0.6920134183056011,14.03118040089087,False,0.1428571428571428,7,6,2.207114450646823,-0.70774097571651,1.4798903376909536
royeq,Royeq,NLC,2026,Winter,bot,Lundqvist Lightside,0.6917563842878026,15.350877192982457,False,0.4285714285714285,7,6,-0.5043513514204812,-0.0252974797462953,-0.209828759662005
myrtus,Myrtus,LFL,2025,unknown,sup,Team BDS Academy,0.6903769684663651,17.77777777777778,False,0.5,12,8,-0.7071067811865469,0.7071067811865476,-0.7071067811865475
macaquinho,Macaquinho,LVP SL,2025,Winter,mid,Guasones,0.6871396270724985,12.97539149888143,False,0.1111111111111111,9,8,1.345728554480203,-1.1985811517588367,-0.4808999332556426
fgg,FGG,LVP SL,2024,Summer,sup,ZETA,0.6830692681734456,17.555555555555554,False,0.2857142857142857,14,6,-0.8203113750356631,-1.150722416776197,-0.1500681784087462
advienne,Advienne,LFL,2024,unknown,sup,Ici Japon Corp. Esport,0.6801006419717914,17.333333333333336,False,0.5454545454545454,11,2,0.7071067811865472,-0.7071067811865479,-0.7071067811865476
mishi,Mishi,LFL,2025,Spring,bot,Team BDS Academy,0.679482932306793,15.131578947368421,False,0.0909090909090909,11,7,0.6857812107428884,-1.1013906106574614,-0.2828007754567454
mansterninja,Mansterninja,NLC,2026,Spring,top,Lundqvist Lightside,0.6771165947987415,13.808463251670378,False,0.2857142857142857,7,7,1.176950683901666,0.5118454987267973,0.3534059421939588
zaremba,Zaremba,LFL2,2024,Spring,sup,MHSC Esport,0.6761729698861875,17.11111111111111,False,0.6666666666666666,6,2,-0.1166370088351618,-0.364200764764597,0.5587138949727967
sangrod,Sangrod,LVP SL,2025,Spring,top,ZETA,0.6759188331660863,13.585746102449889,False,0.3333333333333333,9,6,-0.0208040985334064,-0.3716792141413447,-1.274489140950268
mxe,Mxe,TCL,2024,Winter,sup,Galakticos,0.6755861644633803,16.88888888888889,False,0.0,14,8,-0.222763153848469,0.8093816458058128,-1.011760280217658
xico,Xico,LVP SL,2025,Spring,mid,ZETA,0.6749838455672732,12.751677852348994,False,0.3333333333333333,9,5,0.2413889939200587,0.439020772869464,-0.8875644364041361
vizzpers,Vizzpers,LFL,2026,unknown,bot,Vitality.Bee,0.6739346913197869,14.912280701754385,False,0.25,12,4,-0.5400525621085408,-1.992780485206738,-2.918091469965586
wntr,WNTR,NLC,2025,Winter,top,Lundqvist Lightside,0.673708793435685,13.3630289532294,False,0.3333333333333333,12,8,-1.6173889922019755,-1.391765385054554,-1.3116788820233731
patkicaa,PatkicaA,LFL2,2024,Spring,top,Ici Japon Corp. Esport,0.6657186418194256,13.140311804008908,False,0.6666666666666666,6,5,-0.1071034780669187,0.4752291485380771,-0.0555202915591094
pride,Pride,PRM,2025,unknown,top,Eintracht Spandau,0.6615138794411763,12.91759465478842,False,0.6,5,5,-0.3418761111923621,-1.0524091096114414,0.7699176570867059
mauki,Mauki,LVP SL,2025,Spring,bot,ZETA,0.6603328326374454,14.692982456140353,False,0.3333333333333333,9,7,-1.35002613884946,-0.99937455611924,-1.700214907010327
innaxe,Innaxe,PRM,2025,unknown,bot,Eintracht Spandau,0.6581413755834873,14.473684210526317,False,0.6,5,5,-0.7071067811865479,-0.7071067811865421,0.7071067811865475
djoko,Djoko,LFL2,2024,Spring,jng,MHSC Esport,0.6573174405292861,14.660831509846828,False,0.6666666666666666,6,5,-0.4222036489015502,-0.2688780314057222,0.8131577076543951
lucker,Lucker,LFL2,2025,Summer,sup,Zerance,0.6567747808061429,16.666666666666664,False,0.3571428571428571,14,7,-0.062536662762095,0.6877774625616128,-0.1881181353846142
rin,Rin,LVP SL,2025,Final Four,bot,Team Heretics Academy,0.6546149075298454,14.25438596491228,False,0.5,8,7,-0.7071067811865483,0.7071067811865485,0.7071067811865476
illlima,IlllIma,TCL,2025,Winter,top,ULF Esports,0.6539983434439759,12.694877505567929,False,0.1428571428571428,14,6,0.0234921358175962,-0.6348069716410133,-1.4076859766789394
banderas,Banderas,NLC,2025,unknown,top,Bitfix Gaming,0.6539528534536723,12.47216035634744,False,0.3333333333333333,6,3,1.960683244853604,0.558140075399813,1.1910252834992998
artoria,Artoria,PRM,2025,unknown,mid,A One Man Army Prime,0.6531295690078912,12.527964205816556,False,0.5714285714285714,7,6,-0.5919618883541561,-0.7370549892070443,0.2135651949927373
bitse,Bitse,NLC,2025,Winter,jng,DMG Esports,0.651943125916194,14.442013129102845,False,0.2,10,7,-1.1742500431275729,-0.4095091967394048,-1.3224933033596256
nsurr,Nsurr,LFL2,2025,Summer,sup,Karmine Corp Blue Stars,0.6516064260901175,16.444444444444446,False,0.3636363636363636,11,5,0.0541225529830165,1.6350356353719129,-1.707898884270887
escik,ESCIK,PRM,2024,unknown,mid,Austrian Force willhaben,0.6490027932792378,12.304250559284116,False,0.3636363636363636,11,8,-0.2637114610033855,-0.1226928264308102,-0.4321975612894047
seaz,seaz,PRM,2025,Summer,sup,Unicorns of Love Sexy Edition,0.6449677868759446,16.22222222222222,False,0.5555555555555556,9,5,-0.1554893945649804,1.045511743293854,-1.3053653101960694
bust,Bust,NLC,2026,Spring,top,DMG Esports,0.6415614695914775,12.24944320712695,False,0.375,8,6,-1.243672054174756,-0.8607035836443199,-0.2671223910860548
dovendyr,Dovendyr,NLC,2025,unknown,sup,Fortress Esports,0.6411509311983594,16.0,False,0.5,12,6,-1.458494216615862,0.8393955833174052,-0.6683241993497246
menninkäinen,Menninkäinen,NLC,2025,unknown,top,Epic Avalanche,0.6401817828426829,12.026726057906458,False,0.5555555555555556,9,8,-0.0347979959002486,0.3241750076326622,1.096186641474896
kakan,Kakan,NLC,2024,unknown,top,Ruzeh Esports,0.6332346387963097,11.804008908685969,False,0.4,10,6,-0.2654271948981473,-0.2987905730619893,0.3234936958934508
xico,Xico,LVP SL,2025,Summer,mid,ZETA,0.6287606238410692,12.080536912751679,False,0.2222222222222222,9,5,-0.499909122427259,1.716244106474596,-0.6180679426946905
hydra,Hydra,LFL2,2024,Spring,mid,MHSC Esport,0.6275974515478457,11.856823266219239,False,0.6666666666666666,6,5,-1.2136869720685304,-0.0395122346743874,-1.1414345370231336
highway,Highway,LFL2,2024,unknown,sup,IziDream,0.6255177787105003,15.777777777777777,False,0.5555555555555556,9,6,0.508991118254845,0.7969622400452397,-0.6065626825452675
mxe,Mxe,TCL,2025,Winter,sup,BBL Dark Passage,0.6158004004191621,15.555555555555555,False,0.2727272727272727,11,6,-0.9089193215265964,0.5690108417628889,-0.222853469454296
cerecof,Cerecof,LFL2,2024,Spring,sup,Lille Esport,0.612971482712815,15.333333333333332,False,0.6666666666666666,6,5,0.2040771073088914,-1.1513390059833082,-0.686929393667162
ersin,Ersin,TCL,2025,Summer,top,BBL Dark Passage,0.6123630652803735,11.58129175946548,False,0.5,8,4,-1.3942467369957394,-1.8614842096129245,-1.6438637495306128
booshi,Booshi,LFL,2026,unknown,bot,Esprit Shōnen,0.6117865412060014,14.035087719298245,False,0.375,8,5,-0.3013780291429851,-1.819375582987741,-0.390588780428389
forzent,Forzent,TCL,2026,Summer,jng,Team Phoenix,0.6106561212592951,14.22319474835886,False,0.2727272727272727,11,9,-1.585124413758255,-1.3855192226510702,-0.8614700553104612
shikari,Shikari,PRM,2024,unknown,top,Spinebusters E-Sport,0.6086881031557739,11.358574610244988,False,0.5714285714285714,7,5,-0.9496607358360228,-1.741571487538866,-0.2980306226752112
ozgur,Ozgur,TCL,2024,Summer,bot,Galakticos,0.6060359968168627,13.815789473684212,False,0.0,14,8,-0.952750697383308,0.056921485830889,-0.634019694184162
camana,Camana,TCL,2024,Winter,mid,Galakticos,0.605502592480833,11.6331096196868,False,0.0,14,10,-1.3612006048648504,-2.05159023232934,-2.012471357954614
wildenbruch,Wildenbruch,PRM,2026,Winter,sup,E WIE EINFACH E-SPORTS,0.6052567138505659,15.11111111111111,False,0.3333333333333333,9,7,0.8212540522340868,0.0265918730451203,0.0831298450042015
sajator,SAJATOR,PRM,2026,Winter,mid,TeamOrangeGaming,0.6049694405401436,11.409395973154362,False,0.3333333333333333,6,4,-0.2986152730776717,-1.0321365565471563,-0.5584045024891456
seneca,Seneca,LFL,2026,unknown,sup,Lille Esport,0.6037110165210844,14.888888888888888,False,0.3333333333333333,12,5,-0.9842241382036392,-0.3281829707892617,-1.0665674994698933
sencux,Sencux,PRM,2026,unknown,mid,Eintracht Frankfurt,0.6034422605941259,11.185682326621924,False,0.4444444444444444,9,9,-0.6210162028517955,0.6751854997331945,-0.3450075043024443
faetski,Faetski,NLC,2025,Winter,bot,DMG Esports,0.603019875266545,13.596491228070176,False,0.2,10,7,-0.0697120793582856,0.0917917725023679,-1.4872965046907738
sjakal,Sjakal,NLC,2025,Summer,jng,KAOS e-sport,0.5997031536868911,14.00437636761488,False,0.1111111111111111,9,6,0.1966063255189546,-1.739678292006839,-1.1374643159376736
densygekamel69,DenSygeKamel69,NLC,2025,unknown,jng,Bitfix Gaming,0.5991136510638776,13.785557986870897,False,0.3333333333333333,6,4,-0.6535792718487494,1.8338788299887776,0.4848845571226896
nrmn,nrmn,LFL2,2025,Winter,bot,Zerance,0.5979115044191358,13.37719298245614,False,0.375,8,5,-2.1942572511273872,-0.6358444203702618,-1.4695337543662423
stansfield,Stansfield,TCL,2026,Summer,bot,Shark Attack,0.596937489902588,13.157894736842104,False,0.2222222222222222,9,6,-1.1646427701361934,-2.3248793144518807,-2.2051762002810844
calmsky,Calmsky,NLC,2025,Winter,sup,DMG Esports,0.5953083045815318,14.666666666666666,False,0.2,10,7,-0.0569373570500904,-0.8242470772680858,-1.2909552918032294
santorin,Santorin,PRM,2025,unknown,jng,Eintracht Spandau,0.5950246761900306,13.566739606126916,False,0.6,5,5,-1.1546911579127843,-1.1471849756363908,-1.0496180481347333
forslund,Forslund,NLC,2025,unknown,mid,B2U,0.5949285605857852,10.961968680089486,False,0.5,8,7,-1.1716985659022898,1.212020076827222,-0.0582753428058044
whiteinn,whiteinn,LVP SL,2025,Summer,sup,Barça eSports,0.5943052573435825,14.444444444444443,False,0.2307692307692307,13,9,-0.2395039262916235,-0.6511004691589085,-1.0350119336625727
honor,HONOR,LFL,2025,Flash In,sup,GameWard,0.5923883717409006,14.222222222222221,False,0.1666666666666666,6,4,1.4390455194385732,-0.1742508622348712,-0.6666026619447861
harbo,Harbo,NLC,2025,Spring,mid,Lundqvist Lightside,0.5918431155922774,10.738255033557047,False,0.3333333333333333,9,6,-0.4030936956459466,-1.3702249909614257,0.113215982097818
deimos,Deimos,LFL2,2024,Spring,top,Lille Esport,0.5918414799849102,11.1358574610245,False,0.6666666666666666,6,3,-0.0179452859110575,-1.367668870611808,0.0192927654066403
blue,Blue,TCL,2024,Summer,mid,Beşiktaş Esports,0.5907953898330066,10.51454138702461,False,0.3333333333333333,6,5,-0.2800237314951819,0.468045486541283,0.3683879726578495
peco,Peco,PRM,2024,unknown,bot,FC Schalke 04 Esports,0.5901907552840419,12.938596491228072,False,0.4166666666666667,12,8,-0.3075034154470005,0.389762704408827,-0.1822341083042835
vayu,vayu,NLC,2025,Summer,top,KAOS e-sport,0.5875661641721927,10.913140311804009,False,0.1111111111111111,9,6,-0.9136015642095692,-1.707563032080964,-1.673504143770362
c7,C7,LFL2,2024,unknown,top,Klanik Esport,0.5869200008938714,10.690423162583519,False,0.4444444444444444,9,3,-0.7088692151857742,0.348082361654367,0.1189868753641517
ag0nypain,Ag0nyPain,NLC,2024,Spring,mid,DMG Esports,0.5858713886267569,10.290827740492169,False,0.2142857142857142,14,4,-1.8119213165598755,-1.15884318879692,-1.819065635521036
luke,Luke,NLC,2026,Winter,sup,La BOMBAS,0.5832165676594759,14.000000000000002,False,0.2222222222222222,9,4,0.1653350040811646,1.3724402056491989,-0.1056201142338901
elijah,Elijah,NLC,2026,Winter,top,Lundqvist Lightside,0.5793433945311247,10.46770601336303,False,0.4285714285714285,7,3,0.4820719623016669,0.2242011460491627,1.6846892123905128
cha0s,Cha0s,PRM,2025,unknown,top,A One Man Army Prime,0.5792268503811502,10.244988864142538,False,0.5714285714285714,7,5,-0.7842271361099388,0.9376973244932792,0.3603062927253057
zeta,zeta,NLC,2025,unknown,sup,Brod n Friends,0.578128029165015,13.777777777777779,False,0.6,5,4,0.5384469698302841,-0.4158098205038573,0.6642243819695122
twelve,Twelve,LFL2,2024,Spring,top,Zerance,0.5757716513565894,10.022271714922049,False,0.5,6,4,-1.1671791104637663,0.643729903598302,-0.8636727980372657
fornoreason,Fornoreason,PRM,2024,unknown,top,MOUZ NXT,0.5718484953495298,9.799554565701559,False,0.25,8,3,2.148028989798156,-0.7061125070551857,0.7101384169514603
d4nka,D4nKa,PRM,2026,Winter,jng,Eintracht Frankfurt,0.5713944186552387,13.347921225382933,False,0.4444444444444444,9,3,0.3028476989918268,0.7495284802104463,-0.2162692972927733
mathisv,MathisV,LFL2,2025,Summer,mid,Karmine Corp Blue Stars,0.5712827079777143,10.06711409395973,False,0.2857142857142857,14,8,-2.1170668559897217,-0.0755061889094974,-1.4422893660970966
vizicsacsi,Vizicsacsi,PRM,2026,Winter,top,E WIE EINFACH E-SPORTS,0.5684945033874732,9.57683741648107,False,0.3333333333333333,9,6,-0.6113250333708282,-2.3209310831390164,-0.82008323805156
midnight,Midnight,LVP SL,2025,unknown,mid,Nocturne Gale,0.5680665926776048,9.843400447427292,False,0.4,10,7,-0.7071067811865481,-0.7071067811865495,-0.7071067811865475
crow,Crow,NLC,2024,unknown,sup,Ruzeh Esports,0.5651492832240224,13.555555555555557,False,0.4,5,2,-0.258843977407825,-0.0018677755814247,0.0769046820204168
jopa,Jopa,LFL,2025,Flash In,bot,Vitality.Bee,0.5640245668521804,12.719298245614036,True,0.5,8,5,0.0293607159075266,-1.1970364038992392,-1.697747780467336
sniiier,SniIIer,NLC,2025,Summer,sup,KAOS e-sport,0.5636773264640743,13.333333333333334,False,0.1111111111111111,9,6,0.6796846282417791,0.3050565871033862,-0.3666389211636722
noname,NoName,LVP SL,2024,unknown,jng,ZETA,0.5631176227015717,13.129102844638949,False,0.375,8,6,-0.7071067811865475,-0.7071067811865475,-0.7071067811865476
lucker,Lucker,LFL2,2024,Spring,bot,Esprit Shōnen,0.5628482243237685,12.5,False,0.6666666666666666,6,5,-0.6717730412371914,-0.4857536940126439,0.7051084964462311
kkt,KKT,NLC,2026,Summer,jng,Bulldog Esports,0.5618437581902032,12.910284463894966,False,0.5,6,3,-1.3430815381840842,0.2119489154631143,0.0660448477502487
stefan,Stefan,TCL,2025,Winter,jng,ULF Esports,0.5590655030804131,12.691466083150985,False,0.1428571428571428,14,8,-1.3070854901112987,-0.3060140393719862,-0.750068420420491
noz2k,Noz2k,PRM,2025,Finals,bot,E WIE EINFACH E-SPORTS,0.5589491503852759,12.280701754385964,False,0.4,5,5,-1.3656456613795611,1.1860716312621746,-1.349856885079651
mkl,MKL,NLC,2025,unknown,bot,B2U,0.5568456431337102,12.06140350877193,False,0.5,8,6,-0.3128159658582425,-0.7383401386582946,0.9252229966384744
wormsoil,Wormsoil,NLC,2026,Summer,top,Absolved,0.5547348842618758,9.35412026726058,False,0.3333333333333333,6,4,0.2396013908040202,-1.0506957639517625,-0.0987226241278654
leolecargo,LeoLeCargo,NLC,2025,Winter,sup,Lundqvist Lightside,0.5531149575239674,13.111111111111112,False,0.3333333333333333,12,6,-1.1611182292761093,-0.8953708284554666,-1.359805260041011
bust,Bust,NLC,2025,Summer,top,Venomcrest Esports,0.5523944270585534,9.131403118040089,False,0.2222222222222222,9,6,-0.9704217976768034,0.3729010559358218,-0.0304545395407648
simpy,Simpy,LVP SL,2025,unknown,sup,Nocturne Gale,0.5520506055415905,12.88888888888889,False,0.4,10,8,-0.7071067811865479,0.7071067811865476,0.7071067811865476
urban,Urban,PRM,2026,Winter,sup,A One Man Army Prime,0.5490715348466363,12.666666666666668,False,0.1666666666666666,6,5,0.2980092757708708,2.2192603981138537,0.8231565081900857
venour,Venour,PRM,2026,Winter,top,Kaufland Hangry Knights,0.5489286717509155,8.908685968819599,False,0.4285714285714285,7,6,-0.0221447546489955,0.4070513471054917,0.7462018112376415
reptile,Reptile,PRM,2025,Summer,bot,CGN Esports,0.5453816462200883,11.842105263157894,False,0.4285714285714285,7,5,-0.7826960274370804,1.0276391069432276,-0.5191572087766533
slice,Slice,NLC,2026,Spring,jng,Lund Esports Organization,0.5438954828292554,12.472647702407002,False,0.2857142857142857,7,5,-0.0727695521146863,0.2029265230469609,-1.3887627132041398
kenal,Kenal,PRM,2025,Finals,bot,Austrian Force willhaben,0.5392805380865385,11.62280701754386,False,0.4,5,5,1.7141152574400222,-1.805426807217548,1.6182198913175256
patkicaa,PatkicaA,LFL,2024,unknown,top,Ici Japon Corp. Esport,0.5391051087928176,8.68596881959911,False,0.5454545454545454,11,4,-0.7071067811865476,-0.7071067811865475,-0.7071067811865475
tumay,Tumay,TCL,2024,Winter,jng,Galakticos,0.5390158313469342,12.25382932166302,False,0.0,12,8,-0.8515043231809555,-1.643926224262762,-1.9104238227075745
hybradge,hybradge,NLC,2025,Spring,jng,Lundqvist Lightside,0.5383078873000586,12.035010940919037,False,0.3333333333333333,9,7,-0.9846084912808364,0.122507918529115,-0.0355519154824364
ryuk,Ryuk,PRM,2026,Winter,bot,TeamOrangeGaming,0.5365541654173517,11.403508771929824,False,0.3333333333333333,6,4,1.8092920249337991,-0.613785873977799,2.272288480884771
akabane,Akabane,LVP SL,2024,Spring,jng,GIANTX iTero,0.5364829850140559,11.816192560175056,False,0.375,8,6,-1.143821879035143,-0.3668717725801856,-0.2795995026348684
egetz,Egetz,NLC,2024,Summer,sup,BlueWhites,0.5347596087028417,12.444444444444445,False,0.0909090909090909,11,10,0.4978901715791605,-0.5861900365787074,-1.2779793298400255
selenex,selenex,LVP SL,2025,Winter,top,Guasones,0.5340469712729499,8.463251670378618,False,0.1111111111111111,9,5,-0.5525034064410455,-0.3302470980919413,-2.043431223608005
mercy9,Mercy9,LVP SL,2025,Final Four,mid,Team Heretics Academy,0.5335751591546289,9.619686800894854,False,0.5,8,6,-0.7071067811865469,-0.7071067811865526,-0.7071067811865475
yashiro,Yashiro,NLC,2024,unknown,bot,Ruzeh Esports,0.533264020322628,11.18421052631579,False,0.375,8,5,0.2246806277720883,0.4685892985932341,0.983760016744005
relative,Relative,PRM,2026,Winter,mid,E WIE EINFACH E-SPORTS,0.5301746959034045,9.395973154362416,False,0.3333333333333333,9,8,-1.3431987505566558,-0.1860899923796744,-0.9522780249582664
nafkelah,Nafkelah,LFL,2024,unknown,mid,Aegis,0.5295756867227677,9.172259507829978,False,0.5714285714285714,7,4,-0.7071067811865476,-0.7071067811865475,-0.7071067811865476
limit,LIMIT,PRM,2024,unknown,sup,SK Gaming Prime,0.5293999108679478,12.222222222222221,False,0.4444444444444444,9,6,-0.1912154508261383,0.4972907948816856,-0.1222780704857839
farfetch,Farfetch,PRM,2026,Winter,sup,Eintracht Frankfurt,0.5290010839493647,12.0,False,0.4444444444444444,9,7,-1.1268630585360164,-0.0477122008026777,-1.314425485737023
simpli,Simpli,PRM,2025,Winter,mid,Unicorns of Love Sexy Edition,0.5264364902554259,8.94854586129754,False,0.2222222222222222,9,7,-1.2207832874356872,-1.2627441467589788,-1.7500781517457222
potent,Potent,LFL2,2024,unknown,top,Joblife,0.5237886275614152,8.240534521158128,False,0.5,6,3,-0.5351019168722921,-0.2173232888345916,0.1037875344900456
zwickl,ZWICKL,PRM,2026,unknown,jng,VfB eSports,0.5229721111689383,11.597374179431071,False,0.25,8,7,-0.2436051225752762,0.2207658397296206,-1.2169797998169658
hesszero,HeSSZero,LVP SL,2024,unknown,top,ZETA,0.5215483531014635,8.017817371937639,False,0.375,8,4,0.707106781186549,0.707106781186539,0.7071067811865475
gordinho,Gordinho,LFL,2026,unknown,sup,Esprit Shōnen,0.5206315484222451,11.777777777777777,False,0.0,12,8,-0.2142924370639058,2.486812808678603,-0.5319461010016607
vespa,Vespa,LFL2,2024,Spring,bot,Zerance,0.5193308643860278,10.964912280701753,False,0.5,6,4,-0.610850276873076,0.7393733386040914,-0.2115325489338693
marcv1,Marcv1,LVP SL,2025,unknown,bot,Nocturne Gale,0.5190966697789348,10.74561403508772,False,0.4,10,8,-0.7071067811865442,-0.7071067811865476,-0.7071067811865475
c0st0m,c0st0m,NLC,2024,Summer,mid,BlueWhites,0.5185694113056942,8.724832214765101,False,0.2,10,8,-0.7538347080966151,-1.5722171501682591,-2.196577538501324
kaymin,Kaymin,PRM,2024,unknown,mid,MOUZ NXT,0.5146586685430502,8.501118568232663,False,0.25,8,6,0.807194919799575,-0.9268532644214122,-0.648909190360351
six0x,Six0x,TCL,2025,Spring,bot,Beşiktaş Esports,0.5121493444192918,10.526315789473683,False,0.3333333333333333,6,3,-0.8450910995704309,0.7874301786169093,-2.2200848968984785
d4nka,D4nKa,PRM,2026,unknown,jng,Eintracht Frankfurt,0.5101625670533443,11.37855579868709,False,0.4444444444444444,9,9,-0.7697964179389484,-0.4680596177635696,-0.4207582313505755
axelent,Axelent,LFL2,2024,Spring,bot,MHSC Esport,0.5095601908062526,10.307017543859649,False,0.6666666666666666,6,4,-0.7235767674301905,0.2330271206291504,-0.1544148215681131
visdom,Visdom,PRM,2025,Summer,sup,Kaufland Hangry Knights,0.5087661346066237,11.555555555555555,False,0.3636363636363636,11,6,-1.5414449896225784,-0.2433806448176302,-0.8880334059939633
lenom,Lenom,TCL,2024,Winter,top,Galakticos,0.5074970198519255,7.795100222717149,False,0.0,14,10,-1.6109028250375668,0.4667281593454382,-1.1206166699397706
vergil,Vergil,TCL,2024,unknown,top,Comanchero Gaming,0.507448694488458,7.57238307349666,False,0.5714285714285714,7,5,-1.3480648295197386,-1.4966458931401845,-1.0886156819697153
joexy,Joexy,TCL,2024,Summer,sup,Galakticos,0.5054036120345592,11.333333333333332,False,0.0,14,5,0.297744192883435,1.874230833117976,-1.2258363764752596
kuroneel,Kuroneel,LFL2,2024,Spring,mid,Zerance,0.5048487171126723,8.277404921700224,False,0.5,6,5,-0.3923915367136192,-1.1969873535075355,-0.8478734609354894
hadess,Hadess,LFL2,2024,Spring,jng,Ici Japon Corp. Esport,0.5042101903894796,11.159737417943107,False,0.6666666666666666,6,5,-1.1160007244227244,0.7340034655473096,-1.284253565232615
wcd,WCD,NLC,2024,unknown,mid,Ruzeh Esports,0.5034586569776736,8.053691275167784,False,0.4,5,4,0.032211407918395,-0.3927988224405379,0.9091117021383548
sven,Sven,PRM,2026,unknown,top,VfB eSports,0.5003057804414278,7.349665924276169,False,0.25,8,8,1.1367817604353525,-1.3754322851177638,-0.3508631459920259
afriibi,Afriibi,LVP SL,2025,Summer,bot,ZETA,0.4996824546887799,10.087719298245613,False,0.2222222222222222,9,8,-0.0071247865705422,1.6311243833755118,1.512255170284846
ardaffler,ardaffler,TCL,2026,Kickoff,bot,Team Phoenix,0.49951441824728676,9.868421052631579,False,0.1428571428571428,7,5,0.0779593913135338,-0.3123117777435846,-1.1686312021916396
bisgaard,Bisgaard,NLC,2025,Winter,mid,DMG Esports,0.49797108460225625,7.829977628635347,False,0.2,10,7,-1.5365786027878836,-0.338586119773045,-0.0785062038844862
baashh,Baashh,LFL2,2025,Summer,jng,Karmine Corp Blue Stars,0.4968233790183296,10.940919037199125,False,0.2857142857142857,14,7,-1.0891281309731975,-1.7250538648564604,-2.284477539419748
dan,Dan,PRM,2024,unknown,jng,Spinebusters E-Sport,0.490583566950846,10.722100656455142,False,0.5714285714285714,7,3,-1.1034793771897842,-1.1628859712624555,-1.3527056569156484
prettygre,PrettyGRE,LVP SL,2024,unknown,mid,ZETA,0.4872604325163503,7.606263982102908,False,0.375,8,4,0.7071067811865481,0.7071067811865476,0.7071067811865475
cha0s,Cha0s,NLC,2026,Spring,top,Lund Esports Organization,0.48708967034404566,7.126948775055679,False,0.2857142857142857,7,5,-0.2670435664442486,-0.7313972096782158,-0.220610794251013
ellam,Ellam,TCL,2026,Summer,mid,Shark Attack,0.4841078296025348,7.38255033557047,False,0.2222222222222222,9,8,-0.4722339731855502,-1.6057291861967715,-1.626310976811094
papiteero,Papiteero,LFL,2025,Spring,top,Team BDS Academy,0.48271825883077063,6.904231625835189,False,0.0909090909090909,11,6,-0.9424617419289504,-1.3446915346824213,-0.9739667502699446
nan0,Nan0,PRM,2025,Finals,mid,Austrian Force willhaben,0.47955140692280146,7.158836689038031,False,0.4,5,5,-0.4311507948037658,0.4844820974242432,-0.1501705021920853
veignorem,Veignorem,LFL,2024,unknown,sup,Aegis,0.4771474962632723,11.11111111111111,False,0.5714285714285714,7,1,-0.7071067811865478,0.707106781186547,0.7071067811865476
ragner,Ragner,LFL,2026,unknown,top,Joblife,0.47605159738248515,6.6815144766147,False,0.3,10,9,-1.541840239111317,-1.0036058032832629,-1.29880869135486
wildenbruch,Wildenbruch,PRM,2025,Winter,sup,ROSSMANN Centaurs,0.4738239997756031,10.888888888888888,False,0.2727272727272727,11,7,-0.6564652563114493,-0.8288106306234777,-1.1716427646727148
rafbin,RAFBIN,LFL2,2025,Spring,mid,Skillcamp,0.47373765512590693,6.935123042505594,False,0.125,8,6,-0.3203799726560338,1.4790888539743288,-0.6968950409144096
leny,Leny,LFL,2025,Flash In,top,Joblife,0.47364549746786383,6.45879732739421,False,0.2,10,6,-1.2570485432930747,-0.7052185460433623,0.9628013205160124
cyclops,Cyclops,NLC,2026,Winter,top,La BOMBAS,0.47248436489442686,6.23608017817372,False,0.2222222222222222,9,4,-1.5935556188932578,-1.051851112709458,-1.046525675255731
kabs,Kabs,NLC,2024,Spring,bot,DMG Esports,0.46632541354414203,9.649122807017543,False,0.3333333333333333,6,3,-0.5561807439230659,0.5557405856648421,-2.003659066367439
scuffed,Scuffed,NLC,2025,Summer,mid,KAOS e-sport,0.4657502627370276,6.7114093959731544,False,0.1111111111111111,9,6,-0.4002938386686258,-0.707414710963414,-2.0540622930028025
hydraa,Hydraa,NLC,2025,Summer,sup,Ruddy Corporation,0.4642989627298105,10.666666666666668,False,0.0,7,5,1.2643598065508428,1.4057767325802968,-0.8628113595943164
aladoric,Aladoric,PRM,2025,Finals,sup,Austrian Force willhaben,0.45950136685937465,10.444444444444445,False,0.4,5,5,-0.7973532009707293,0.8406309505811604,0.9615257464806876
jakobobbi,Jakobobbi,PRM,2026,unknown,sup,VfB eSports,0.45931364977562245,10.222222222222223,False,0.25,8,5,0.5656444030889867,-0.2494331096773177,-0.7901355682931352
lilipp,Lilipp,PRM,2025,unknown,sup,Eintracht Spandau,0.45923567016585365,10.0,False,0.6,5,5,-1.1523798017444125,0.3943940945621547,-0.5356208268983416
pyrka,Pyrka,PRM,2026,Winter,sup,Kaufland Hangry Knights,0.4578427534223343,9.777777777777779,False,0.4285714285714285,7,6,-1.8634026178611325,0.7863929289323681,-0.8204897823061948
reje,reje,NLC,2025,Spring,bot,KAOS e-sport,0.45458399826616636,9.429824561403509,False,0.3333333333333333,6,4,-0.7487505718369767,-0.0226596131430222,-0.8624070514973502
vaunted,Vaunted,PRM,2024,Spring,sup,MOUZ NXT,0.4540364508412837,9.555555555555555,False,0.0,14,7,-0.8095786567542921,-1.2467266861809176,-2.114876634446416
grave,Grave,TCL,2024,Winter,bot,Galakticos,0.44866271132983687,9.210526315789473,False,0.0,14,7,-1.5376674713117784,-1.0358009450240289,-1.9035371378745036
froy,froy,TCL,2024,unknown,jng,Lynch Esports,0.4456272317643879,10.50328227571116,False,0.0,6,4,1.2974411670366202,1.1489940287580498,1.3325780088600148
mojie,Mojie,NLC,2026,Summer,jng,Volda E-Sport,0.4425860591210122,10.284463894967178,False,0.2857142857142857,7,5,-0.3232962968839991,1.3523021582956327,-1.0757044116371648
fynox,Fynox,TCL,2024,unknown,bot,Comanchero Gaming,0.44185685965612936,8.991228070175438,False,0.4545454545454545,11,6,-0.8457400330901168,-1.1194826889832743,-1.035795440553883
escox,escoX,LVP SL,2025,Summer,sup,ZETA,0.4349567114984,9.333333333333334,False,0.2222222222222222,9,7,-1.0769952651679833,0.10141066095821,0.0827138178340444
icarus,Icarus,LFL2,2024,Spring,jng,Esprit Shōnen,0.4341063063855016,10.065645514223196,False,0.6666666666666666,6,4,-0.6790381845832708,-0.7591593012538761,-0.1054995029890931
smarty,Smarty,LVP SL,2025,Winter,sup,Guasones,0.4327373820721542,9.11111111111111,False,0.1111111111111111,9,4,0.7880696761840332,-0.1322069139889939,-0.3541956741172201
qqr,qqr,NLC,2025,unknown,mid,Brod n Friends,0.43217961042214326,6.487695749440715,False,0.5,6,4,-0.7856107476594879,-0.5469607556723615,0.7304135883003443
menninkäinen,Menninkäinen,NLC,2026,Summer,top,Epic Avalanche,0.43177095046011266,6.013363028953229,False,0.0,6,5,1.841450232014264,0.1621862916570179,-0.8901950433208955
raedz,raedz,LVP SL,2025,unknown,top,Nocturne Gale,0.431731598467423,5.79064587973274,False,0.3333333333333333,9,8,-0.7071067811865475,-0.7071067811865482,-0.7071067811865476
luis,Luis,NLC,2026,Spring,sup,Lund Esports Organization,0.4280198335546612,8.88888888888889,False,0.2857142857142857,7,6,0.2131560118161721,-1.2867596854585732,-1.77700967410198
selenex,selenex,LVP SL,2025,Spring,top,Guasones,0.4259789740432703,5.56792873051225,False,0.0,9,7,-1.095085697339025,-0.2942189204301799,-1.183066439731736
myrtus,Myrtus,LFL,2025,Spring,sup,Team BDS Academy,0.4226967938400749,8.666666666666668,False,0.0909090909090909,11,8,-0.7993727044533421,1.649736914158092,0.0267903693768861
sniiier,SniIIer,NLC,2024,unknown,sup,Ruzeh Esports,0.41806564628560516,8.444444444444445,False,0.4,5,2,0.3905403162697625,-0.39647837345663,-2.24504953263761
cpm,CPM,LVP SL,2025,Summer,top,ZETA,0.4177820885704012,5.3452115812917596,False,0.2222222222222222,9,4,-1.3861952093903214,-1.6535932929933834,-1.9307348786268
colden,Colden,LFL2,2024,unknown,sup,Klanik Esport,0.41770378981239537,8.222222222222223,False,0.4444444444444444,9,6,-0.7023821733649449,-0.8708856617452659,-1.6676511257341275
shlatan,Shlatan,LFL,2025,Spring,jng,Team BDS Academy,0.4175163388169051,9.846827133479213,False,0.0909090909090909,11,5,-0.9971667611351744,-0.7061854104066991,-0.9834312177122152
raxxo,Raxxo,LFL2,2024,Spring,sup,Esprit Shōnen,0.4121587198989799,8.0,False,0.6666666666666666,6,3,-0.5653428453238561,1.5673773766560637,0.5629594412871796
varin,Varin,TCL,2025,Summer,sup,BoostGate Esports,0.4115718813183223,7.777777777777778,False,0.25,8,5,-0.6302759245487458,0.7349115192894479,-0.7764078117124571
fluffy,Fluffy,TCL,2026,Kickoff,jng,Team Phoenix,0.4114608278817677,9.62800875273523,False,0.1428571428571428,7,6,-0.1325120436061924,-0.7862755627379049,-0.4353678289340466
miella,Miella,NLC,2026,Winter,bot,La BOMBAS,0.4105578221454565,8.771929824561402,False,0.2222222222222222,9,6,-0.5517375999996924,0.0124418521485857,-0.3210679696605655
ethe,Ethe,LVP SL,2025,Winter,top,ZETA,0.41050511432507336,5.122494432071269,False,0.0,9,6,-0.5661559179503332,1.331102716385261,-0.9925225037153428
xero,Xero,NLC,2026,Summer,mid,Rich Gang,0.4101617559408592,6.263982102908278,False,0.2,5,5,1.3655581367619651,-0.2297566205385739,1.1301410123968207
kiki,Kiki,NLC,2025,Winter,jng,Venomcrest Esports,0.409901471439225,9.409190371991247,False,0.2222222222222222,9,7,-1.509244272658154,-0.1804201508200652,-0.3463210393303949
faith,Faith,LFL2,2024,Spring,jng,Klanik Esport,0.409453016666785,9.190371991247265,False,0.1666666666666666,6,6,1.6497021147430164,0.5908514722999982,-0.1541915812917515
goldenpenny,Goldenpenny,NLC,2026,Spring,bot,Lund Esports Organization,0.4093881162718416,8.552631578947368,False,0.2857142857142857,7,4,-0.9504611154263932,0.7536431539738608,-1.3724287324904705
rames,RAMES,LFL,2025,Flash In,jng,Joblife,0.4073889197177608,8.971553610503284,False,0.2,10,7,-1.5967250201364074,0.8928521913461939,-0.8184926920023987
kireas,Kireas,TCL,2025,Winter,jng,Bushido Wildcats,0.4057289417758992,8.752735229759299,False,0.6,5,3,-1.1643872652321012,-1.9701121385068383,-1.3669406760111058
exofeng,Exofeng,PRM,2026,Spring,bot,Kaufland Hangry Knights,0.4051508064315252,8.333333333333332,False,0.2222222222222222,9,5,-1.4952569479819142,-0.2589000026591072,0.091354946041525
helforca,helforca,TCL,2025,Summer,mid,The Forbidden Five,0.40364731878344845,6.0402684563758395,False,0.0,8,7,-0.9406138961537552,-1.8313314115974355,-2.19054817300531
deadly,Deadly,LFL,2025,Flash In,bot,Joblife,0.4029802229606715,8.114035087719298,False,0.2,10,6,-0.7540667347752343,-0.1431392918853489,0.2525314439558788
drututt,Drututt,NLC,2026,Winter,top,4 Swines & A Bum,0.3963473132067038,4.8997772828507795,False,0.1428571428571428,7,6,0.7595999081345565,1.4087863037907256,-0.6707545921779692
ecstassy,ECSTASSY,LVP SL,2025,Winter,bot,Guasones,0.3955695387876424,7.894736842105263,False,0.1111111111111111,9,6,-0.8298676889868271,-1.2225511010790036,-0.5431707325260697
mishi,Mishi,LFL2,2024,Spring,bot,Akroma,0.3918583468998983,7.675438596491229,False,0.1666666666666666,6,4,-0.4210126675402711,0.2090651396269832,-0.5426184099746835
captainsexy,CaptainSexy,NLC,2025,Summer,bot,Venomcrest Esports,0.3910502674417985,7.456140350877193,False,0.0,5,5,-0.7349054768220473,-0.9706900484064216,-0.8570199833359818
behner,Behner,NLC,2026,Summer,bot,Rich Gang,0.3907654752301594,7.236842105263158,False,0.1428571428571428,7,6,-0.0787798735311488,-1.6413306416098818,-1.0236790337910986
smurfe,Smurfe,PRM,2026,Winter,top,A One Man Army Prime,0.38579354812546796,4.67706013363029,False,0.1666666666666666,6,6,0.0853460325667741,0.2597582648413594,0.3145020983290668
icarus,Icarus,LFL2,2025,unknown,jng,NEO ZEPHYR,0.38569984292869175,8.533916849015318,False,0.4,5,5,-0.0020567844828829,-0.5604370620415025,0.1021955806514926
powerofevil,PowerOfEvil,PRM,2025,Summer,mid,Eintracht Spandau,0.38333251506328475,5.8165548098434,False,0.0,8,6,1.0497735340465606,1.2928399498176737,0.2807627077402167
bean,Bean,LFL,2024,unknown,bot,Aegis,0.3802134215337321,7.017543859649122,False,0.5714285714285714,7,2,-0.7071067811865475,0.7071067811865475,0.7071067811865476
yen,Yen,LFL,2026,unknown,bot,Esprit Shōnen,0.3752307312323703,6.798245614035088,False,0.0,12,10,-1.949767796212196,-0.8552389190128306,-1.6069400989738958
akkers,Akkers,NLC,2025,unknown,top,Brod n Friends,0.3749766658759576,4.4543429844097995,False,0.5,6,5,-0.5753755711402633,-0.622003745068205,-0.1598851452356561
nodu,NoDu,NLC,2025,unknown,sup,B2U,0.37471687549387955,7.555555555555555,False,0.5,8,6,-1.0423054890389265,-0.6375100784387555,1.490490805197538
tayron,Tayron,TCL,2025,Summer,top,The Forbidden Five,0.37455038265918283,4.231625835189309,False,0.0,10,8,-1.61861768427825,-0.3328931853590131,-1.070315322870138
denizzz,denizzz,PRM,2025,Finals,jng,Austrian Force willhaben,0.3730339653845288,8.315098468271334,False,0.4,5,5,-0.4572485669069521,-1.4733454531070298,0.8411285021531546
afroboi,Afroboi,PRM,2024,unknown,jng,MOUZ NXT,0.3717519368071924,8.096280087527353,False,0.25,8,4,-0.9331760512216616,-0.6250969712139994,-0.908409799781101
backlund,Backlund,LFL,2025,Flash In,mid,GameWard,0.37116592905974366,5.592841163310962,False,0.1666666666666666,6,4,1.1089361784210725,-2.042854115325311,0.1396928969996966
indecision,Indecision,LVP SL,2024,Spring,jng,ZETA,0.36954552243962013,7.87746170678337,False,0.125,8,6,-1.3081068990418796,-0.9304156278248203,-1.0455423201910798
dizl,DizL,PRM,2026,unknown,bot,VfB eSports,0.36855983152283744,6.578947368421052,False,0.25,8,7,0.2069773530877529,1.4812874913373748,-0.672109689098436
hidududu,hidududu,TCL,2025,Summer,sup,The Forbidden Five,0.3685352634333211,7.333333333333333,False,0.0,8,4,-1.3184204004227174,-0.0729864646935173,-1.1300198685604572
bjoernen,Bjoernen,NLC,2026,Spring,bot,Lundqvist Lightside,0.3645355811990748,6.359649122807018,False,0.2857142857142857,7,6,-0.8859784167790946,0.815068721612451,-0.8325965077842434
daskhai,Daskhai,TCL,2026,Kickoff,mid,Team Phoenix,0.3604473207870838,5.369127516778524,False,0.2,5,4,-0.1047893790736902,0.8760101365245891,-1.5302244745473914
misanthiel,Misanthiel,LFL2,2025,unknown,top,NEO ZEPHYR,0.35850198584715676,4.008908685968819,False,0.4,5,5,-0.8466763082255113,-1.123285116344349,-0.748951546147044
attila,Attila,LVP SL,2024,unknown,bot,ZETA,0.35432597335729266,6.140350877192982,False,0.375,8,7,-0.7071067811865492,0.7071067811865476,-0.7071067811865476
mafro,Mafro,LFL2,2024,Spring,jng,Lille Esport,0.3524737157212603,7.658643326039387,False,0.6666666666666666,6,6,-0.2985485468974961,-0.4831563719546644,-0.984797283671266
shawi,Shawi,TCL,2025,Summer,sup,BoostGate Esports,0.3507263126398783,7.111111111111111,False,0.1666666666666666,6,5,-0.7230792273063362,-1.2394104331499802,-0.2175703121219745
dreilix,Dreilix,PRM,2024,unknown,bot,MOUZ NXT,0.34839657663415424,5.921052631578947,False,0.25,8,4,-1.6127589964461757,-1.0848358877415754,-0.7891013352473292
rustysniper,RustySniper,LVP SL,2025,Spring,bot,Guasones,0.34747775663457325,5.701754385964912,False,0.0,9,5,-0.9589044531720214,-0.6277143901935683,-0.3237619561541587
boncuk,Boncuk,TCL,2024,Summer,bot,NASR eSports Turkey,0.346986825078298,5.482456140350877,False,0.125,8,5,-2.1403312591153,-1.505849222228884,-2.139723654623965
jackspektra,Jackspektra,NLC,2026,Winter,bot,4 Swines & A Bum,0.34431824395562033,5.263157894736842,False,0.1428571428571428,7,5,-1.4400998919019343,0.6792783969947191,-0.5169715228796359
twiizt,Twiizt,LFL,2025,Flash In,sup,Joblife,0.3393316106787728,6.888888888888889,False,0.2,10,6,-0.9118198731710516,-0.0271895071001244,-0.3404046311718766
sriffow,Sriffow,LVP SL,2025,Spring,jng,ZETA,0.3348142053146919,7.439824945295405,False,0.3333333333333333,6,2,-0.8784433736286483,-1.0222813584311792,-1.9200178400864565
aku,Aku,LFL2,2024,Spring,sup,Project Conquerors,0.3336434341343981,6.666666666666667,False,0.1666666666666666,6,4,1.2878698248579452,-0.6611995521709156,0.080665379973276
pehrson,Pehrson,NLC,2024,Spring,sup,DMG Esports,0.33241680069040724,6.444444444444445,False,0.1428571428571428,7,5,-0.4173191595366589,-0.0364645297416071,0.4491131631553774
reje,reje,NLC,2025,Summer,bot,KAOS e-sport,0.331498817597261,5.0438596491228065,False,0.125,8,7,-0.7163257794945368,-0.5491408591743788,-0.0182571296478041
edvard,Edvard,NLC,2024,Spring,sup,Ruddy Corporation,0.3314918972401516,6.222222222222222,False,0.3333333333333333,6,5,-0.4554107482381382,-0.8488306310531881,-1.0936809373646936
lelouch,Lelouch,LVP SL,2025,Summer,bot,Guasones,0.3311641725572843,4.824561403508771,False,0.1111111111111111,9,7,-2.554999680922172,1.0966656033477693,-1.827763804060181
unicow,Unicow,NLC,2026,Spring,mid,Lundqvist Lightside,0.33028321974542624,5.1454138702460845,False,0.2857142857142857,7,3,-2.2245972254641826,1.1844164570638671,-0.7762299860013906
naau,naau,LVP SL,2025,unknown,jng,Nocturne Gale,0.32988834764924346,7.2210065645514225,False,0.4,10,7,-0.7071067811865486,-0.7071067811865475,-0.7071067811865475
boatish,Boatish,NLC,2026,Winter,jng,La BOMBAS,0.3280341897021622,7.00218818380744,False,0.2222222222222222,9,7,-0.8711460868477345,-1.4072753877203157,-0.5291107038591036
kaori,Kaori,TCL,2025,Winter,bot,Misa Esports,0.3276808735175681,4.605263157894736,False,0.4,5,4,-1.2286544862480764,-0.3091981820307359,-1.3178310004383065
woldjo,Woldjo,PRM,2026,Winter,jng,TeamOrangeGaming,0.3268083395342768,6.783369803063458,False,0.3333333333333333,6,3,-0.661008604824411,-0.4877354076827166,0.1090745826820793
baki,Baki,NLC,2025,Spring,bot,KAOS e-sport,0.3262335142000946,4.385964912280701,False,0.25,8,8,-1.1114804528640974,-1.7693907389521824,-2.051457136855773
nio,Nio,PRM,2024,unknown,sup,MOUZ NXT,0.32582601142364054,6.0,False,0.25,8,3,-0.1623643588714903,-1.2278579734382662,-1.3015393462108371
selenex,selenex,LVP SL,2025,Summer,top,Guasones,0.3257174571737689,3.78619153674833,False,0.1111111111111111,9,8,-1.0314328115040838,0.4711595092878725,-1.343565457270073
saviour,Saviour,LVP SL,2024,unknown,sup,ZETA,0.32502742727361494,5.777777777777778,False,0.375,8,5,-0.7071067811865483,0.7071067811865476,-0.7071067811865476
lucky,Lucky,PRM,2025,Summer,sup,CGN Esports,0.32491677507157635,5.555555555555555,False,0.4285714285714285,7,6,-0.593793173383501,0.4651225114661705,-0.2741390697100237
metroflox,Metroflox,LFL2,2024,Spring,jng,Project Conquerors,0.32434436194565414,6.564551422319474,False,0.1666666666666666,6,5,0.2190197189903686,-0.884161812775944,-1.1929559184151306
infinity,Infinity,LVP SL,2025,Winter,jng,Guasones,0.3179608404758263,6.3457330415754925,False,0.1111111111111111,9,6,-0.8280354109459105,-0.3026948759342943,-0.518133722723346
six0x,Six0x,TCL,2025,Summer,bot,The Forbidden Five,0.31285447244784315,4.166666666666666,False,0.0,6,4,-1.397021158815712,0.9271195243293044,-1.4956249999398368
sloppy walrus,Sloppy Walrus,NLC,2026,Winter,mid,La BOMBAS,0.31260387251689037,4.921700223713646,False,0.2222222222222222,9,6,-1.6317453720328026,-2.2708846377624115,-1.7090710788941377
krimson,Krimson,LFL2,2024,Summer,jng,Zerance,0.3071033760469836,6.12691466083151,False,0.1428571428571428,7,7,-1.4411612834642058,-0.1767139180454927,-1.8490561758868325
dionelux,Dionelux,TCL,2024,unknown,top,Lynch Esports,0.3053166065564221,3.5634743875278394,False,0.0,6,6,-0.0412752682530208,0.55779978184878,-0.538715380253333
passzi,Passzi,LVP SL,2025,Summer,sup,Guasones,0.3039181175616519,5.333333333333334,False,0.1111111111111111,9,6,-1.9998246112581388,0.1413161401874325,-1.606242906739428
xersus,XERSUS,LFL2,2024,Spring,sup,Zerance,0.3035107941727449,5.111111111111112,False,0.5,6,4,-1.100172082263719,-0.8773181848081932,0.3676643108255638
nasser,Nasser,LVP SL,2025,Summer,jng,ZETA,0.30233354059065387,5.908096280087528,False,0.2222222222222222,9,5,-1.6855972515905011,-1.0006809988218577,-1.5519452932127855
scofield,Scofield,TCL,2024,Summer,jng,Galakticos,0.2999635428989161,5.689277899343545,False,0.0,8,8,0.3397579504010843,-1.4060848652885762,-1.650567320971981
smarty,Smarty,LVP SL,2025,Spring,sup,Guasones,0.29828698016062094,4.888888888888889,False,0.0,9,7,-0.3989046361922962,-1.1798161929061637,-1.3262695951079788
turtle,Turtle,TCL,2026,Kickoff,top,Team Phoenix,0.2973672917422432,3.34075723830735,False,0.2,5,4,-0.6272188506616826,-1.689275070548016,-0.2095665748184726
rocklho,Rocklho,PRM,2025,Finals,top,E WIE EINFACH E-SPORTS,0.29692100228227625,3.11804008908686,False,0.4,5,5,0.6443540194979649,-0.4850614894362733,0.3531389189788689
xeltop,Xeltop,LFL2,2025,unknown,mid,NEO ZEPHYR,0.29541612001464873,4.697986577181208,False,0.4,5,5,-1.0952160553434682,1.1300328174454115,1.1312785137308046
neramin,Neramin,TCL,2026,Summer,bot,BoostGate Esports,0.29335561886216144,3.9473684210526314,False,0.0,6,5,-1.029351530485352,0.767265089086281,0.0669767319224499
alex,Alex,LFL2,2025,Spring,mid,Skillcamp,0.2897578800023763,4.47427293064877,False,0.1666666666666666,6,3,-1.3391281003789888,-0.7937997892630518,-0.1928623514888188
redstrike,Redstrike,NLC,2026,Summer,sup,Rich Gang,0.28971638731003907,4.666666666666667,False,0.1428571428571428,7,5,-0.3744232179207085,1.0401063541862656,-0.6040373084541379
ducks,Ducks,NLC,2024,Spring,sup,DMG Esports,0.28713373579696394,4.444444444444445,False,0.2857142857142857,7,4,-0.259473675552239,-0.5310795600426331,-2.221335265771501
pawp,pawp,NLC,2025,unknown,jng,Brod n Friends,0.2868465930337262,5.470459518599562,False,0.5,6,6,-1.5796390761369885,0.2118327824447178,-0.5296706391264144
eskiper,Eskiper,NLC,2025,Summer,sup,Venomcrest Esports,0.2839212465345177,4.222222222222222,False,0.2222222222222222,9,6,-1.721404321291519,-1.1653505332476015,-1.455038542447448
swit,SwiT,PRM,2025,Finals,top,Austrian Force willhaben,0.282946988553751,2.89532293986637,False,0.4,5,5,-1.8200712564452053,-1.629350606724954,-1.5674717728433414
legoman,Legoman,NLC,2026,Summer,top,Sørby eSport,0.2827186620317176,2.6726057906458798,False,0.0,6,3,-0.2441668067514173,-1.7754114287206462,-1.30699367486745
berebo,Berebo,TCL,2026,Summer,sup,BoostGate Esports,0.28170779042008187,4.0,False,0.0,6,6,-0.4207168562211466,-1.5022097199596998,0.0697884041236925
xersus,XERSUS,LFL2,2024,Summer,sup,Zerance,0.2798267525829117,3.7777777777777777,False,0.125,8,4,-0.8657527287743592,-0.0261996474087816,0.8717576940826386
yikesuo,Yikesuo,TCL,2026,Kickoff,mid,BoostGate Esports,0.27711867371399995,4.250559284116331,False,0.0,6,5,-1.8161698461230131,0.0354787419817073,-1.4283339970496989
artoria,Artoria,PRM,2026,Winter,mid,A One Man Army Prime,0.27646780517565817,4.026845637583892,False,0.1666666666666666,6,5,-1.13258382043794,-1.4253694666531704,-1.9413993144848147
madly,Madly,TCL,2026,Summer,top,BoostGate Esports,0.27589445307237653,2.4498886414253898,False,0.0,6,6,-1.0754426876370944,-0.5601185139548354,-0.7526597729072515
lyrokun,Lyrokun,NLC,2026,Spring,sup,Lundqvist Lightside,0.26635550539712705,3.5555555555555554,False,0.2857142857142857,7,3,-1.6194551213493444,0.4261128920286671,-0.6669337189791326
elojoninja,ElOjoNinja,LVP SL,2025,Winter,jng,ZETA,0.26421630334931356,5.25164113785558,False,0.0,9,7,-1.4243652678365215,-1.1308238790068543,-2.3810810013035044
macaquinho,Macaquinho,LVP SL,2025,Summer,mid,Guasones,0.25909797599039097,3.803131991051454,False,0.1111111111111111,9,7,-2.0079836629393637,-1.3391313015883817,-1.228195311809303
pride,Pride,PRM,2025,Summer,top,Eintracht Spandau,0.2586308734300516,2.2271714922048997,False,0.0,8,7,-0.7526488607875486,-0.2526507374634921,0.4310930308923351
bewbiou,BewBiou,LFL2,2024,Spring,top,Project Conquerors,0.2584304065728414,2.0044543429844097,False,0.1666666666666666,6,5,-0.3566459877164223,-1.0779874748550342,-1.4606767053427474
bunnybeast,BunnyBeast,NLC,2025,unknown,bot,Bitfix Gaming,0.2563098774115672,3.7280701754385963,False,0.3333333333333333,6,2,-1.0643832608214747,0.1556699746125349,0.5281420941055379
macaquinho,Macaquinho,LVP SL,2025,Spring,mid,Guasones,0.2546085810572523,3.5794183445190155,False,0.0,9,8,-1.4234020358215111,-2.373209276709976,-1.5970284442354628
renewal,Renewal,NLC,2025,Spring,jng,Rich Gang,0.24846762442423406,5.032822757111598,False,0.0,7,6,-0.9005148116604229,-0.5762244304839681,-1.1728708294879635
phenomenal,Phenomenal,TCL,2024,Summer,mid,Galakticos,0.2471058524446487,3.3557046979865772,False,0.0,10,8,-1.1558524147834337,-1.4594760185200797,-1.856633069181787
forsen,Forsen,NLC,2026,Winter,jng,4 Swines & A Bum,0.24538446435437294,4.814004376367615,False,0.1428571428571428,7,5,-1.876523439625864,-1.7959090111112648,-1.627411005365484
yones,yones,NLC,2024,Summer,jng,BlueWhites,0.24356936423750847,4.595185995623632,False,0.0,8,4,-0.9591695624140476,-1.170631735501518,-1.4741355586243974
raïto,Raïto,LFL2,2025,unknown,sup,NEO ZEPHYR,0.2429720335633761,3.3333333333333335,False,0.4,5,5,-0.9271078319265156,-1.1467056108060882,-1.084264995637084
rhythm,Rhythm,NLC,2025,Spring,bot,Rich Gang,0.2417790655193209,3.508771929824561,False,0.0,7,6,-1.842182470627931,-0.6903710702040511,-1.0499407758037809
42 nuker,42 Nuker,NLC,2024,unknown,jng,42 Gaming,0.24032155996212134,4.3763676148796495,False,0.0,6,5,-0.5113387463300743,0.292690763874094,-0.0670331961901104
akrantor,Akrantor,NLC,2026,Summer,top,Rich Gang,0.24000477040268298,1.7817371937639197,False,0.1428571428571428,7,5,-1.854769397927472,-0.2005431386596079,-1.7969386651378836
shoto,Shoto,LFL2,2024,Spring,bot,Project Conquerors,0.23962007600118232,3.289473684210526,False,0.1666666666666666,6,5,0.1806206346634817,-1.1036237513894056,-1.350341857998704
tockimo,Tockimo,PRM,2025,Finals,sup,E WIE EINFACH E-SPORTS,0.23947175671075738,3.111111111111111,False,0.4,5,5,-1.4879695195986389,-0.9750341636004184,-1.8442450516291289
ptt,ptt,LVP SL,2025,Winter,mid,ZETA,0.2392193580857096,3.131991051454139,False,0.0,9,7,-1.4927679070924025,-0.614807982437477,-2.4337722698038133
kurama,Kurama,TCL,2025,Summer,jng,The Forbidden Five,0.2369216944538865,4.157549234135667,False,0.0,8,4,-1.904602806825592,-1.6793936969544032,-2.541266360830055
spiderlair,Spiderlair,NLC,2026,Spring,jng,Lundqvist Lightside,0.23689610738091366,3.938730853391685,False,0.2857142857142857,7,4,-1.1020371708154555,-2.030125512387718,-0.7172995553998734
adryh,Adryh,LVP SL,2025,Winter,bot,ZETA,0.23634340549477278,3.070175438596491,False,0.0,9,5,-1.9396117626752425,-1.2748752960950815,-2.287768177061933
röyhkeä,Röyhkeä,NLC,2026,Summer,mid,Epic Avalanche,0.23521422447401077,2.9082774049217,False,0.0,6,5,-0.1271638466019041,-0.7525234895786052,-0.8983643157465376
archfiend,Archfiend,LFL,2026,unknown,top,Esprit Shōnen,0.2328369934123732,1.55902004454343,False,0.0,8,5,-0.7757803054088478,-1.3380222779057065,-0.0246290217091474
gaëthan,Gaëthan,LFL2,2024,Spring,top,Klanik Esport,0.23176495345382728,1.3363028953229399,False,0.1666666666666666,6,6,-0.4671897347301754,1.386214828477324,0.1532703029527538
revanche,Revanche,TCL,2026,Summer,sup,Shark Attack,0.23115753096299738,2.888888888888889,False,0.2857142857142857,7,3,-0.4401458064227153,-0.6793446738728403,-1.6325079399853613
santorin,Santorin,PRM,2025,Summer,jng,Eintracht Spandau,0.23050500368239427,3.7199124726477026,False,0.0,8,7,-1.5115013467224925,-0.8287856815402824,-1.043383699479344
nyx,Nyx,LVP SL,2025,Summer,jng,Guasones,0.22658723695908495,3.50109409190372,False,0.1111111111111111,9,5,-1.6959261680206434,-1.7865943138863756,-1.7488650497052205
madsf,MadsF,NLC,2026,Summer,bot,Sørby eSport,0.2260442888305107,2.850877192982456,False,0.0,6,5,-0.1084663515976386,-0.1219999068757721,0.4962010620292401
pobelter,Pobelter,NLC,2026,Winter,mid,4 Swines & A Bum,0.22538911888252142,2.684563758389262,False,0.1666666666666666,6,5,-0.8224449090295274,0.5511472761633113,-0.66207660801507
kachanava,Kachanava,TCL,2026,Summer,mid,BoostGate Esports,0.22271617980957067,2.460850111856823,False,0.0,6,6,-1.9109990179076115,-0.3074290235039328,-1.0452922492877734
doss,Doss,PRM,2024,unknown,sup,SK Gaming Prime,0.21670340272264718,2.666666666666667,False,0.1428571428571428,7,4,-1.006897186668776,-0.916715218937064,0.2852157431035446
donjake,DonJake,NLC,2025,Summer,jng,Ruddy Corporation,0.21645028148017872,3.282275711159737,False,0.0,7,6,-1.272475452760702,-0.8571839847905691,0.1995851093551857
nodu,NoDu,NLC,2025,Spring,sup,Rich Gang,0.21375320900086964,2.4444444444444446,False,0.0,7,5,-0.8803786503734425,-0.3797948073604716,-0.7340778653735093
kabs,Kabs,NLC,2024,unknown,bot,42 Gaming,0.21254883351251838,2.631578947368421,False,0.0,6,4,0.0277908259628776,1.1272485150165386,0.0203534650735912
xay,Xay,PRM,2026,Winter,bot,A One Man Army Prime,0.21225979138992881,2.4122807017543857,False,0.1666666666666666,6,4,-1.3309896187437742,-0.6601813339173644,-1.163929249910427
kenal,Kenal,LFL2,2025,Winter,bot,Zerance,0.21196982003085516,2.1929824561403506,False,0.0,6,4,0.2200459251261469,-1.2985320683620012,-0.1075300385587715
vl,VL,NLC,2026,Summer,bot,Epic Avalanche,0.20860300138356427,1.9736842105263157,False,0.0,6,5,-1.0295045779313197,-1.022612389067916,-1.404257658959139
liam cole,Liam Cole,NLC,2024,Spring,bot,DMG Esports,0.2080842206797566,1.7543859649122806,False,0.125,8,5,-1.1686544900662987,-1.2828874546170177,-1.3481078328014506
kakarot,Kakarot,TCL,2025,Summer,bot,The Forbidden Five,0.20734724250549677,1.5350877192982455,False,0.0,8,4,-1.6831072775828413,-2.406880499479484,-0.8839602568405117
d1verse,D1verse,NLC,2025,Spring,mid,Rich Gang,0.20552465026548442,2.237136465324385,False,0.0,7,6,-2.1068385241431926,-0.6752646960016797,-2.0987255849177404
infinity,Infinity,LVP SL,2025,Spring,jng,Guasones,0.2034305390720581,3.063457330415755,False,0.0,9,6,-2.013355569791816,-0.2974945999751233,-1.017184311800719
infoneral,Infoneral,PRM,2024,unknown,sup,Austrian Force willhaben,0.20211944307653215,2.2222222222222223,False,0.4285714285714285,7,4,-0.6604716838339105,1.7170138787847786,-0.4805046058115811
abagnale,Abagnale,LFL2,2024,Spring,sup,Akroma,0.20183275438851464,2.0,False,0.1666666666666666,6,2,-1.0077698680556495,-0.0497684457649505,-0.3336999403105002
afroboi,Afroboi,PRM,2025,Finals,jng,E WIE EINFACH E-SPORTS,0.20043887391514922,2.8446389496717726,False,0.4,5,5,-1.2180636422905509,0.9594272571248136,-0.4716432570966776
monstrob,Monstrob,LFL2,2024,Spring,mid,Project Conquerors,0.20035998391371868,2.013422818791946,False,0.1666666666666666,6,5,-1.2830326579952227,-1.519487694678229,-0.6199319195027306
konan,Konan,NLC,2025,Spring,top,Rich Gang,0.19934161022579083,1.1135857461024499,False,0.0,7,5,-1.9615992061972995,-0.635626124072633,-0.9404578721912406
deletus,Deletus,PRM,2025,Spring,jng,Austrian Force willhaben,0.199137810046798,2.62582056892779,False,0.2,5,5,-1.16338743741203,-0.7753707694580508,-1.6436906557711248
matias,Matias,LFL,2025,Flash In,bot,GameWard,0.19845659509667304,1.3157894736842104,False,0.1666666666666666,6,2,-1.812947702717392,-1.8533550711432816,-1.5874624331735532
moon,Moon,NLC,2024,unknown,mid,42 Gaming,0.1978528592520324,1.7897091722595078,False,0.0,6,4,-1.5227528089442948,-1.4794651363099764,-1.6201487940701014
improver,Improver,LFL2,2025,Spring,mid,Lille Esport,0.19258078369046075,1.5659955257270695,False,0.2,5,3,-1.5052977578935336,-1.354746399602372,-1.2556616091667556
stalken,Stalken,TCL,2024,Summer,jng,Galakticos,0.19187005906640686,2.4070021881838075,False,0.0,6,6,-1.4245123284848773,-0.3358597055983638,0.7936398608247413
relative,Relative,PRM,2025,Finals,mid,E WIE EINFACH E-SPORTS,0.18902560676872468,1.342281879194631,False,0.4,5,5,-1.1343585837465555,-0.3702914965059198,-1.7935748960145124
broeki,Broeki,PRM,2025,Summer,bot,Eintracht Spandau,0.1884134170202849,1.0964912280701753,False,0.0,6,4,-2.314187728306055,-1.5171760666117435,-2.1798912138811244
gtracks,Gtracks,NLC,2025,Summer,bot,Ruddy Corporation,0.1864565541934475,0.8771929824561403,False,0.0,7,5,-2.089638526839982,-1.6282530959696693,-1.523787999568496
lulas,Lulas,LFL,2026,unknown,jng,Esprit Shōnen,0.18463665145971314,2.1881838074398248,False,0.0,9,5,-2.2150879396804,-1.1882328929651695,-1.2310515739880308
hypa,Hypa,NLC,2025,Summer,top,Ruddy Corporation,0.18360165609596926,0.8908685968819599,False,0.0,7,6,-1.0803325644886463,-1.098016718973973,-1.7940561468776226
xeltop,Xeltop,LFL2,2024,Spring,mid,Klanik Esport,0.18274986382012304,1.1185682326621924,False,0.1666666666666666,6,6,-0.8608217571184271,0.666264310487131,0.481785530755604
zhangsid,Zhangsid,LFL2,2024,Spring,mid,Akroma,0.18118895808939678,0.8948545861297539,False,0.1666666666666666,6,5,-0.0962268625439096,-0.0733074178462044,-0.4783318710369258
kireas,Kireas,TCL,2026,Summer,jng,BoostGate Esports,0.1806185632620936,1.9693654266958425,False,0.0,6,5,-1.3626277298494562,-1.1790603592579791,-1.263751183298658
farfetch,Farfetch,TCL,2025,Spring,sup,Eternal Fire,0.17882106327199912,1.7777777777777777,False,0.1666666666666666,6,3,-1.3569459167911988,-0.7870298383903959,-1.4617710851093073
varin,Varin,TCL,2026,Kickoff,sup,BoostGate Esports,0.17670912490854057,1.5555555555555556,False,0.0,6,4,-0.9811881124729164,1.210555870952995,-1.637011135801166
escox,escoX,LVP SL,2025,Winter,sup,ZETA,0.17666599054577814,1.3333333333333335,False,0.0,9,4,0.2212627503388063,1.4031718775087414,-2.0729463093863085
kridz,Kridz,NLC,2026,Summer,mid,Sørby eSport,0.16917854838252006,0.6711409395973155,False,0.0,6,6,-1.1049438891136094,-1.2847575501120214,-0.8894491150661538
dome,Dome,PRM,2026,Winter,jng,A One Man Army Prime,0.16867185162999038,1.75054704595186,False,0.1666666666666666,6,3,-1.8533484662227968,-1.8980654810932536,-1.6703097565795253
soul,Soul,TCL,2024,unknown,sup,Lynch Esports,0.16698949085295928,1.1111111111111112,False,0.0,6,4,-0.7180868822479018,-1.1783110038763056,-0.5050553402403833
cha0s,Cha0s,TCL,2026,Kickoff,top,BoostGate Esports,0.1661741971676516,0.6681514476614699,False,0.0,6,4,-1.8058911967251563,0.0675009959605743,-2.080596363963971
congolese,Congolese,NLC,2025,Summer,mid,Ruddy Corporation,0.16356572334638497,0.44742729306487694,False,0.0,7,5,-2.303199931592817,-1.665258155540028,-1.200584655616562
stormax,Stormax,LFL,2025,Flash In,jng,GameWard,0.15512306833186346,1.5317286652078774,False,0.1666666666666666,6,4,-0.9576870712931828,-1.3859994462744236,-0.8843617177271479
dane,Dane,NLC,2026,Summer,jng,Sørby eSport,0.15163572325757063,1.312910284463895,False,0.0,6,4,-2.0329265041701814,-0.4954163643083509,-1.2984847549322702
mean,Mean,TCL,2026,Kickoff,bot,BoostGate Esports,0.1510192735117388,0.6578947368421052,False,0.0,6,5,-1.898702085282352,-0.6332324813589811,-1.332862503194198
sebrej,Sebrej,NLC,2026,Winter,bot,Ruddy Corporation,0.1503914194293493,0.43859649122807015,False,0.0,6,4,-1.636469974283505,-1.9073000236570987,-1.9877621557198049
bobik,Bobik,NLC,2026,Winter,jng,Ruddy Corporation,0.1489350911728416,1.0940919037199124,False,0.0,5,4,-0.6082403734710976,1.0068063830097562,-1.4638779148616403
tatuy,Tatuy,NLC,2026,Summer,jng,Epic Avalanche,0.14772575852103884,0.87527352297593,False,0.0,6,6,-0.5955001309427497,-1.598817288509759,-1.3603496556526922
kiki,Kiki,LFL,2026,unknown,jng,Caldya Esport,0.14397304918809042,0.6564551422319475,False,0.0,5,5,-1.3685067830154432,-0.5501344194634651,-1.3234003736132602
oivallus,oivallus,NLC,2026,Summer,sup,Epic Avalanche,0.14351492589664586,0.8888888888888888,False,0.0,6,6,-1.665774419394447,-0.985044056004272,-2.245665478917914
fantomisto,fantomisto,LFL,2026,unknown,mid,Esprit Shōnen,0.1430979518507657,0.22371364653243847,False,0.0,6,5,-2.3791319489869465,-1.6210382674738282,-2.708819409575791
nata,Nata,LFL2,2024,Spring,bot,Klanik Esport,0.14241035394850451,0.21929824561403508,False,0.1666666666666666,6,6,-1.7549527265590046,-1.1313907188761696,-1.0249677696944657
theoloris,Theoloris,LFL2,2024,Spring,top,Akroma,0.14088961295240748,0.4454342984409799,False,0.1666666666666666,6,5,-1.233492598575327,-0.3385298616402725,-0.5035411771133128
wasey,Wasey,NLC,2026,Winter,sup,Ruddy Corporation,0.1314913106770549,0.6666666666666667,False,0.0,9,7,-2.0771010071303624,1.9068483558424716,-2.3401998965394637
viking,Viking,LFL2,2024,Spring,jng,Akroma,0.12664037489664765,0.437636761487965,False,0.1666666666666666,6,5,-1.4212119918211508,-1.5865140537740248,-0.509237985581969
drali,Drali,LFL,2026,unknown,top,Caldya Esport,0.12326675606512467,0.22271714922048996,False,0.0,5,4,-2.3707074510478665,0.4291237120419256,-2.498351220362104
azizyıldırım,AzizYıldırım,TCL,2026,Kickoff,jng,BoostGate Esports,0.1107449610284326,0.2188183807439825,False,0.0,6,6,-2.2505117202935496,-1.7799802113506389,-2.278690544991424
paixdia,Paixdia,TCL,2025,Summer,sup,The Forbidden Five,0.1088758883379743,0.4444444444444444,False,0.0,6,4,-1.179849674362816,-0.8533553532110365,-1.4577749172990186
batuuu,Batuuu,LFL2,2024,Spring,sup,Klanik Esport,0.09415348777140764,0.2222222222222222,False,0.1666666666666666,6,4,-0.7256535171313491,1.7685774789790518,-2.0268238104864222
